id,word,year,mean_weighted_sentiment
245,αγορα,-353.0,-0.9768333333333333
245,αγορα,-149.0,-0.992
245,αγορα,-50.0,-0.8430935483870966
245,αγορα,150.0,-0.9236857142857143
245,αγορα,152.0,-0.933
245,αγορα,200.0,-0.9883
245,αγορα,350.0,-0.9524666666666667
245,αγορα,425.0,-0.9637333333333333
245,αγορα,490.0,-0.8955666666666667
245,αγορα,950.0,-0.98405
