id,word,year,mean_weighted_sentiment
263,αγραφος,150.0,-0.9560000000000001
263,αγραφος,200.0,-0.9594
263,αγραφος,350.0,-0.9358
263,αγραφος,425.0,-0.9448000000000001
263,αγραφος,950.0,-0.9866666666666667
