id,word,year,mean_weighted_sentiment
288,αγροικος,-353.0,-0.9556749999999999
288,αγροικος,-50.0,-0.9528666666666666
288,αγροικος,150.0,-0.9272
288,αγροικος,152.0,-0.95565
288,αγροικος,200.0,-0.7002142857142858
288,αγροικος,950.0,-0.9747285714285715
