id,word,year,mean_weighted_sentiment
106,αγαπαω,-266.0,-0.20741363636363638
106,αγαπαω,-149.0,0.9942
106,αγαπαω,-50.0,-0.9103
106,αγαπαω,49.0,-0.9583999999999999
106,αγαπαω,80.0,-0.90815
106,αγαπαω,150.0,-0.966
106,αγαπαω,200.0,-0.9934
106,αγαπαω,311.0,-0.9206
106,αγαπαω,350.0,-0.9479
106,αγαπαω,359.0,-0.9204
106,αγαπαω,425.0,-0.9433666666666666
106,αγαπαω,950.0,-0.7039571428571428
106,αγαπαω,1118.0,-0.9402
