id,word,year,mean_weighted_sentiment
90,αγαμεμνων,-450.0,-0.9874
90,αγαμεμνων,-50.0,-0.9538797385620915
90,αγαμεμνων,127.0,-0.9382
90,αγαμεμνων,150.0,-0.9566000000000001
90,αγαμεμνων,269.0,-0.9522833333333334
