id,word,year,mean_weighted_sentiment
163,αγιζω,-266.0,-0.5754680000000001
163,αγιζω,49.0,-0.8906
163,αγιζω,182.0,-0.9801
163,αγιζω,299.0,-0.43270000000000003
163,αγιζω,425.0,-0.9306333333333333
163,αγιζω,950.0,-0.9911333333333333
163,αγιζω,1118.0,-0.9415
