id,word,year,mean_weighted_sentiment
181,αγκος,-155.0,-0.9868
181,αγκος,-50.0,-0.9483333333333333
181,αγκος,150.0,-0.9435
181,αγκος,172.0,-0.6205
181,αγκος,200.0,-0.9872
181,αγκος,950.0,-0.9814166666666666
