id,word,year,mean_weighted_sentiment
87,αγαμαι,-450.0,-0.9866999999999999
87,αγαμαι,-353.0,-0.9682999999999999
87,αγαμαι,-266.0,-0.96308
87,αγαμαι,-100.0,-0.9897
87,αγαμαι,-50.0,-0.8942962962962964
87,αγαμαι,49.0,-0.9107
87,αγαμαι,150.0,-0.9337
87,αγαμαι,200.0,0.9763
87,αγαμαι,205.0,-0.9767
87,αγαμαι,311.0,-0.59318
87,αγαμαι,425.0,-0.9243
87,αγαμαι,550.0,-0.9293
87,αγαμαι,950.0,-0.9490461538461539
