id,word,year,mean_weighted_sentiment
223,αγνοεω,-155.0,-0.88385
223,αγνοεω,-50.0,-0.9297
223,αγνοεω,150.0,-0.8923333333333333
223,αγνοεω,161.0,-0.8763
223,αγνοεω,200.0,-0.9093666666666667
223,αγνοεω,425.0,-0.9053
223,αγνοεω,1127.0,-0.95675
