id,word,year,mean_weighted_sentiment
165,αγιος,-266.0,-0.7656842592592591
165,αγιος,-50.0,-0.9838
165,αγιος,15.0,-0.9551
165,αγιος,49.0,-0.9358
165,αγιος,150.0,-0.9261
165,αγιος,182.0,-0.9801
165,αγιος,219.0,-0.9532499999999999
165,αγιος,299.0,-0.5442
165,αγιος,311.0,-0.9391
165,αγιος,425.0,-0.8661947368421052
165,αγιος,950.0,-0.9717416666666665
165,αγιος,1118.0,-0.9448
