id,word,year,mean_weighted_sentiment
131,αγειρω,-149.0,-0.991
131,αγειρω,-50.0,-0.9687444444444444
131,αγειρω,150.0,-0.963
131,αγειρω,350.0,-0.9415
131,αγειρω,425.0,-0.8937
131,αγειρω,490.0,-0.8531
131,αγειρω,950.0,-0.97395
