id,word,year,mean_weighted_sentiment
240,αγοραζω,-353.0,-0.9768333333333333
240,αγοραζω,-266.0,-0.986
240,αγοραζω,-149.0,-0.992
240,αγοραζω,-50.0,-0.8837478260869563
240,αγοραζω,150.0,-0.9236857142857143
240,αγοραζω,152.0,-0.933
240,αγοραζω,200.0,-0.9883
240,αγοραζω,350.0,-0.9524666666666667
240,αγοραζω,425.0,-0.9637333333333333
240,αγοραζω,490.0,-0.8955666666666667
240,αγοραζω,950.0,-0.9851588235294116
