id,word,year,mean_weighted_sentiment
122,αγγειον,-353.0,-0.9063
122,αγγειον,-266.0,-0.982
122,αγγειον,-50.0,-0.9504666666666665
122,αγγειον,15.0,-0.8966
122,αγγειον,150.0,-0.97
122,αγγειον,172.0,-0.94795
122,αγγειον,200.0,-0.9513
122,αγγειον,350.0,-0.8847
122,αγγειον,950.0,-0.9791769230769231
