id,word,year,mean_weighted_sentiment
84,αγαλλω,-50.0,-0.9679399999999999
84,αγαλλω,950.0,-0.9904999999999999
