id,word,year,mean_weighted_sentiment
272,αγρεω,-490.0,-0.9941
272,αγρεω,-353.0,-0.9619
272,αγρεω,-266.0,-0.6539499999999999
272,αγρεω,-50.0,-0.9557538461538461
272,αγρεω,15.0,-0.9112
272,αγρεω,150.0,-0.955125
272,αγρεω,200.0,-0.9799714285714286
272,αγρεω,269.0,-0.9928
272,αγρεω,350.0,-0.9431333333333333
272,αγρεω,950.0,-0.9818352941176469
