id,word,year,mean_weighted_sentiment
112,αγαπητος,-266.0,-0.4104714285714285
112,αγαπητος,425.0,-0.8628750000000001
112,αγαπητος,950.0,-0.97715
