id,word,year,mean_weighted_sentiment
109,αγαπη,-266.0,-0.93234
109,αγαπη,49.0,-0.9583999999999999
109,αγαπη,80.0,-0.9066666666666666
109,αγαπη,150.0,-0.966
109,αγαπη,311.0,-0.9206
109,αγαπη,350.0,-0.9479
109,αγαπη,359.0,-0.9204
109,αγαπη,425.0,-0.9433666666666666
109,αγαπη,950.0,-0.9845
109,αγαπη,1118.0,-0.9402
