id,word,year,mean_weighted_sentiment
260,αγρα,-450.0,-0.9853999999999999
260,αγρα,-50.0,-0.9695666666666668
260,αγρα,350.0,-0.9431333333333333
260,αγρα,950.0,-0.9844833333333334
