id,word,year,mean_weighted_sentiment
355,αγωνιαω,-450.0,0.9959
355,αγωνιαω,-50.0,-0.95863125
355,αγωνιαω,150.0,-0.9034
355,αγωνιαω,950.0,-0.9785166666666667
