id,word,year,mean_weighted_sentiment
362,αγωνιστης,-353.0,-0.9894
362,αγωνιστης,-50.0,-0.9748333333333333
362,αγωνιστης,15.0,-0.9124
362,αγωνιστης,150.0,-0.9456500000000001
362,αγωνιστης,425.0,-0.8646
