id,word,year,mean_weighted_sentiment
324,αγχι,-155.0,-0.9907
324,αγχι,-50.0,-0.9744999999999999
324,αγχι,950.0,-0.9911666666666666
