id,word,year,mean_weighted_sentiment
85,αγαλμα,-353.0,-0.9252
85,αγαλμα,-266.0,0.9187
85,αγαλμα,-155.0,-0.9938
85,αγαλμα,-149.0,-0.9488
85,αγαλμα,-50.0,-0.9498727272727273
85,αγαλμα,150.0,-0.9706789473684211
85,αγαλμα,152.0,-0.9395
85,αγαλμα,182.0,-0.92045
85,αγαλμα,350.0,-0.9054
85,αγαλμα,950.0,-0.9716640000000001
