id,word,year,mean_weighted_sentiment
225,αγνοια,-479.0,-0.96225
225,αγνοια,-353.0,-0.9259999999999999
225,αγνοια,-266.0,-0.9616000000000001
225,αγνοια,-50.0,-0.9574857142857143
225,αγνοια,150.0,-0.9509
225,αγνοια,152.0,-0.9075
225,αγνοια,172.0,-0.9912
225,αγνοια,200.0,-0.9627333333333333
225,αγνοια,352.0,-0.9893
225,αγνοια,425.0,-0.9165
225,αγνοια,490.0,-0.8954
225,αγνοια,950.0,-0.987975
