id,word,year,mean_weighted_sentiment
244,αγοραομαι,-353.0,-0.97692
244,αγοραομαι,-149.0,-0.992
244,αγοραομαι,-50.0,-0.8829166666666666
244,αγοραομαι,150.0,-0.95865
244,αγοραομαι,200.0,-0.9883
244,αγοραομαι,269.0,-0.9699
244,αγοραομαι,350.0,-0.93495
244,αγοραομαι,950.0,-0.9846333333333335
