id,word,year,mean_weighted_sentiment
127,αγγελλω,-500.0,-0.9918
127,αγγελλω,-490.0,-0.992
127,αγγελλω,-450.0,-0.570475
127,αγγελλω,-266.0,-0.9079750000000001
127,αγγελλω,-50.0,-0.9668500000000001
127,αγγελλω,15.0,-0.8588
127,αγγελλω,49.0,-0.8745
127,αγγελλω,150.0,-0.9047000000000001
127,αγγελλω,182.0,-0.8623799999999999
127,αγγελλω,200.0,-0.9705
127,αγγελλω,219.0,-0.9554
127,αγγελλω,425.0,-0.87695
127,αγγελλω,448.0,-0.9129
127,αγγελλω,490.0,-0.9288
127,αγγελλω,950.0,-0.9766285714285713
