id,word,year,mean_weighted_sentiment
280,αγριοω,-490.0,-0.99405
280,αγριοω,-50.0,-0.9605
280,αγριοω,150.0,-0.9565333333333333
280,αγριοω,172.0,-0.9916
280,αγριοω,200.0,-0.9753333333333334
280,αγριοω,350.0,-0.9643
280,αγριοω,425.0,-0.9858
280,αγριοω,950.0,-0.9863800000000001
