id,word,year,mean_weighted_sentiment
277,αγριος,-490.0,-0.99405
277,αγριος,-415.0,-0.9787
277,αγριος,-353.0,-0.9863
277,αγριος,-266.0,-0.9905
277,αγριος,-50.0,-0.9678499999999999
277,αγριος,15.0,-0.9112
277,αγριος,150.0,-0.9565333333333333
277,αγριος,172.0,-0.99135
277,αγριος,200.0,-0.9727500000000001
277,αγριος,269.0,-0.9928
277,αγριος,350.0,-0.9643
277,αγριος,425.0,-0.9858
277,αγριος,448.0,-0.958
277,αγριος,950.0,-0.9842739130434783
