id,word,year,mean_weighted_sentiment
367,αγων,-479.0,-0.9514
367,αγων,-450.0,-0.9917
367,αγων,-353.0,-0.7779222222222222
367,αγων,-266.0,0.9789
367,αγων,-149.0,-0.98975
367,αγων,-50.0,-0.9625764705882353
367,αγων,15.0,-0.95305
367,αγων,147.0,-0.9925
367,αγων,150.0,-0.8144571428571428
367,αγων,152.0,-0.9866
367,αγων,200.0,-0.97925
367,αγων,269.0,-0.9791666666666666
367,αγων,311.0,-0.9855
367,αγων,350.0,-0.9438
367,αγων,425.0,-0.9283999999999999
367,αγων,950.0,-0.9811045454545456
