id,word,year,mean_weighted_sentiment
197,αγκων,-155.0,-0.8579666666666667
197,αγκων,-50.0,-0.9549333333333334
197,αγκων,150.0,-0.93402
197,αγκων,172.0,-0.79705
197,αγκων,950.0,-0.97317
