id,word,year,mean_weighted_sentiment
476,αδυνατεω,-550.0,-0.9698
476,αδυνατεω,-353.0,-0.9687666666666667
476,αδυνατεω,200.0,-0.59038
476,αδυνατεω,269.0,-0.9808
476,αδυνατεω,550.0,-0.9504
476,αδυνατεω,950.0,-0.9841153846153846
