id,word,year,mean_weighted_sentiment
415,αδης,-490.0,-0.3304666666666667
415,αδης,-450.0,-0.9888375
415,αδης,-266.0,-0.9772549999999999
415,αδης,-50.0,-0.9569372093023255
415,αδης,147.0,-0.9609
415,αδης,150.0,-0.9681000000000001
415,αδης,152.0,-0.9601
415,αδης,200.0,-0.98605
415,αδης,219.0,-0.9854
415,αδης,269.0,-0.9203333333333333
415,αδης,299.0,-0.9898
415,αδης,425.0,-0.9788
415,αδης,448.0,-0.96305
415,αδης,490.0,-0.9216166666666665
415,αδης,950.0,-0.9788625
