id,word,year,mean_weighted_sentiment
407,αδηλεω,-387.0,-0.9784
407,αδηλεω,-353.0,-0.9857
407,αδηλεω,-50.0,-0.9237000000000001
407,αδηλεω,150.0,-0.9599
407,αδηλεω,200.0,-0.9561
407,αδηλεω,950.0,-0.9714666666666667
