id,word,year,mean_weighted_sentiment
467,αδριας,-149.0,-0.6581833333333333
467,αδριας,-50.0,-0.8915500000000001
467,αδριας,127.0,-0.9711000000000001
