id,word,year,mean_weighted_sentiment
456,αδοξια,-387.0,-0.9931
456,αδοξια,-266.0,-0.9693
456,αδοξια,-50.0,-0.9516666666666667
456,αδοξια,15.0,-0.957
456,αδοξια,150.0,-0.93025
456,αδοξια,200.0,-0.7554
456,αδοξια,350.0,-0.8997999999999999
