id,word,year,mean_weighted_sentiment
409,αδηλος,-450.0,-0.9926
409,αδηλος,-387.0,-0.9784
409,αδηλος,-353.0,-0.9416333333333333
409,αδηλος,-266.0,-0.9652
409,αδηλος,-155.0,-0.9569
409,αδηλος,-50.0,-0.9387875000000001
409,αδηλος,15.0,-0.92735
409,αδηλος,150.0,-0.9754333333333333
409,αδηλος,200.0,-0.9629333333333333
409,αδηλος,269.0,-0.9925
409,αδηλος,352.0,-0.9791
409,αδηλος,425.0,-0.857
409,αδηλος,490.0,-0.9361
409,αδηλος,530.0,-0.9872
409,αδηλος,950.0,-0.9811666666666667
