id,word,year,mean_weighted_sentiment
466,αδριανος,-50.0,-0.8898
466,αδριανος,147.0,-0.9718333333333332
466,αδριανος,150.0,-0.9124
466,αδριανος,950.0,-0.9668111111111111
