id,word,year,mean_weighted_sentiment
439,αδικος,-353.0,-0.9392833333333334
439,αδικος,-266.0,-0.9853894736842104
439,αδικος,-50.0,-0.9581285714285713
439,αδικος,15.0,-0.9352333333333335
439,αδικος,150.0,-0.9642142857142858
439,αδικος,200.0,-0.9681076923076921
439,αδικος,350.0,-0.9325000000000001
439,αδικος,425.0,-0.8888
439,αδικος,448.0,-0.954
439,αδικος,950.0,-0.9876714285714286
439,αδικος,1127.0,-0.9696750000000001
