id,word,year,mean_weighted_sentiment
435,αδικημα,-353.0,-0.98185
435,αδικημα,-266.0,-0.9754666666666667
435,αδικημα,-50.0,-0.94482
435,αδικημα,15.0,-0.9598
435,αδικημα,150.0,-0.9688666666666667
435,αδικημα,200.0,-0.99135
435,αδικημα,299.0,-0.9438
435,αδικημα,350.0,-0.9070999999999999
435,αδικημα,425.0,-0.8545
435,αδικημα,950.0,-0.9830166666666668
435,αδικημα,1127.0,-0.9922
