id,word,year,mean_weighted_sentiment
515,αεκουσιος,-353.0,-0.8760666666666665
515,αεκουσιος,-50.0,-0.9585666666666666
515,αεκουσιος,150.0,-0.9570000000000001
515,αεκουσιος,490.0,-0.8682
515,αεκουσιος,1127.0,-0.94005
515,αεκουσιος,1150.0,-0.9704999999999999
