id,word,year,mean_weighted_sentiment
553,αετος,-490.0,-0.9901
553,αετος,-266.0,-0.9653
553,αετος,-155.0,-0.9623857142857142
553,αετος,-50.0,-0.8636454545454544
553,αετος,150.0,-0.9409600000000001
553,αετος,152.0,-0.9221333333333334
553,αετος,200.0,-0.8390625
553,αετος,269.0,-0.9018
553,αετος,950.0,-0.9762642857142857
