id,word,year,mean_weighted_sentiment
516,αεκων,-490.0,0.9018
516,αεκων,-353.0,-0.9692
516,αεκων,-266.0,-0.940125
516,αεκων,-100.0,-0.9298
516,αεκων,-50.0,-0.9596399999999999
516,αεκων,15.0,-0.919
516,αεκων,150.0,-0.92926
516,αεκων,152.0,-0.94255
516,αεκων,200.0,-0.555625
516,αεκων,269.0,-0.9035666666666667
516,αεκων,350.0,-0.9530000000000001
516,αεκων,425.0,-0.9597
516,αεκων,448.0,-0.9583
516,αεκων,490.0,-0.9274
516,αεκων,950.0,-0.9821800000000002
516,αεκων,1127.0,-0.9858
