id,word,year,mean_weighted_sentiment
507,αεισμα,-478.0,-0.987
507,αεισμα,-266.0,-0.9612833333333333
507,αεισμα,-50.0,-0.9722500000000001
507,αεισμα,150.0,-0.5809
507,αεισμα,182.0,-0.9768
507,αεισμα,311.0,-0.9301
507,αεισμα,350.0,-0.95865
507,αεισμα,425.0,-0.9311
