id,word,year,mean_weighted_sentiment
506,αειρω,-500.0,-0.9884
506,αειρω,-450.0,-0.9787
506,αειρω,-353.0,-0.96675
506,αειρω,-266.0,-0.3176333333333333
506,αειρω,-50.0,-0.9131704081632653
506,αειρω,127.0,-0.9616
506,αειρω,147.0,-0.9401180851063831
506,αειρω,150.0,-0.59074
506,αειρω,152.0,-0.9218
506,αειρω,182.0,-0.9458
506,αειρω,200.0,-0.9914
506,αειρω,269.0,-0.9888
506,αειρω,448.0,-0.9883500000000001
506,αειρω,950.0,-0.9815294117647059
