id,word,year,mean_weighted_sentiment
558,αζα,-450.0,-0.9857
558,αζα,-353.0,-0.9535
558,αζα,-266.0,-0.9765428571428572
558,αζα,-50.0,-0.9588333333333333
558,αζα,150.0,-0.9682
558,αζα,200.0,-0.8475999999999999
558,αζα,950.0,-0.9840625000000001
