id,word,year,mean_weighted_sentiment
569,αζω,-450.0,-0.9857
569,αζω,-353.0,-0.9535
569,αζω,-266.0,-0.9765428571428572
569,αζω,-50.0,-0.9559000000000001
569,αζω,150.0,-0.9682
569,αζω,200.0,-0.8475999999999999
569,αζω,950.0,-0.9840625000000001
