id,word,year,mean_weighted_sentiment
576,αηδων,-50.0,-0.95165
576,αηδων,150.0,-0.9609
576,αηδων,200.0,-0.9827
576,αηδων,950.0,-0.9844571428571429
