id,word,year,mean_weighted_sentiment
623,αθηναιον,-353.0,-0.9316
623,αθηναιον,-149.0,-0.9916
623,αθηναιον,-50.0,-0.946670588235294
623,αθηναιον,127.0,-0.9776
623,αθηναιον,150.0,-0.9684727272727273
623,αθηναιον,200.0,-0.9906
623,αθηναιον,350.0,-0.9517454545454546
623,αθηναιον,950.0,-0.9802204545454546
