id,word,year,mean_weighted_sentiment
678,αθως,-266.0,-0.9904
678,αθως,-149.0,-0.9934
678,αθως,-50.0,-0.83135
678,αθως,150.0,-0.9658
678,αθως,950.0,-0.99215
