id,word,year,mean_weighted_sentiment
659,αθροος,-155.0,-0.9874
659,αθροος,-50.0,-0.97083
659,αθροος,150.0,-0.890725
659,αθροος,172.0,-0.9881
659,αθροος,200.0,-0.9606
659,αθροος,299.0,-0.9335
659,αθροος,425.0,-0.9352
659,αθροος,447.0,-0.9338
659,αθροος,950.0,-0.9696400000000001
659,αθροος,1118.0,-0.9493
