id,word,year,mean_weighted_sentiment
598,αθανατος,-500.0,-0.9912
598,αθανατος,-387.0,-0.9748
598,αθανατος,-266.0,-0.9797
598,αθανατος,-149.0,-0.9922
598,αθανατος,-50.0,-0.9694424242424242
598,αθανατος,147.0,-0.9917
598,αθανατος,150.0,-0.8267666666666668
598,αθανατος,200.0,-0.9265
598,αθανατος,237.0,-0.9346
598,αθανατος,311.0,-0.9786
598,αθανατος,352.0,-0.97635
598,αθανατος,448.0,-0.9369
598,αθανατος,950.0,-0.9899
