id,word,year,mean_weighted_sentiment
645,αθλος,-353.0,-0.50615
645,αθλος,-50.0,-0.9426740740740742
645,αθλος,15.0,-0.9508
645,αθλος,147.0,-0.9505
645,αθλος,150.0,-0.9311499999999999
645,αθλος,152.0,-0.8685
645,αθλος,311.0,-0.7374
645,αθλος,350.0,-0.5424249999999999
645,αθλος,950.0,-0.9604666666666667
