id,word,year,mean_weighted_sentiment
637,αθλεω,-50.0,-0.9323583333333333
637,αθλεω,15.0,-0.9289499999999999
637,αθλεω,147.0,-0.9505
637,αθλεω,150.0,-0.9557
637,αθλεω,172.0,0.9897
637,αθλεω,311.0,-0.7374
637,αθλεω,350.0,-0.9368000000000001
637,αθλεω,425.0,-0.9463
637,αθλεω,490.0,-0.9936
637,αθλεω,950.0,-0.9724999999999999
