id,word,year,mean_weighted_sentiment
640,αθλητης,-353.0,0.5384
640,αθλητης,15.0,-0.9574
640,αθλητης,150.0,-0.9101818181818182
640,αθλητης,172.0,0.9897
640,αθλητης,311.0,-0.9841
640,αθλητης,350.0,-0.90535
640,αθλητης,425.0,-0.94875
640,αθλητης,950.0,-0.9826666666666667
