id,word,year,mean_weighted_sentiment
641,αθλιος,-50.0,-0.94432
641,αθλιος,150.0,-0.9128
641,αθλιος,200.0,-0.9896499999999999
641,αθλιος,350.0,-0.8941
641,αθλιος,490.0,-0.9936
641,αθλιος,950.0,-0.98945
