id,word,year,mean_weighted_sentiment
757,αιθαλοεις,-490.0,-0.0005499999999999949
757,αιθαλοεις,-50.0,-0.9458500000000001
757,αιθαλοεις,950.0,-0.9937
