id,word,year,mean_weighted_sentiment
733,αιγυπτος,-266.0,-0.8168344827586206
733,αιγυπτος,-149.0,-0.9892
733,αιγυπτος,-50.0,-0.9134
733,αιγυπτος,15.0,-0.9167799999999999
733,αιγυπτος,127.0,-0.9682333333333334
733,αιγυπτος,147.0,-0.9489
733,αιγυπτος,150.0,-0.9565300000000001
733,αιγυπτος,205.0,-0.9932
733,αιγυπτος,425.0,-0.9071375
733,αιγυπτος,490.0,-0.8763
733,αιγυπτος,950.0,-0.979276
