id,word,year,mean_weighted_sentiment
953,αιχμαζω,-50.0,-0.9777833333333333
953,αιχμαζω,127.0,-0.9769
953,αιχμαζω,150.0,-0.9883
953,αιχμαζω,350.0,-0.9615
953,αιχμαζω,950.0,-0.9895999999999999
