id,word,year,mean_weighted_sentiment
714,αιγιοχος,-50.0,-0.7613700000000001
714,αιγιοχος,269.0,-0.9923500000000001
