id,word,year,mean_weighted_sentiment
686,αιας,-500.0,-0.9903
686,αιας,-490.0,-0.9916
686,αιας,-450.0,0.08798333333333333
686,αιας,-50.0,-0.8917229411764707
686,αιας,150.0,-0.6686714285714286
686,αιας,269.0,-0.9743499999999999
686,αιας,352.0,-0.9885
686,αιας,950.0,-0.9882666666666666
