id,word,year,mean_weighted_sentiment
960,αιχμη,-50.0,-0.96749
960,αιχμη,127.0,-0.9769
960,αιχμη,150.0,-0.97455
960,αιχμη,350.0,-0.9297
960,αιχμη,950.0,-0.9895999999999999
