id,word,year,mean_weighted_sentiment
896,αισα,-550.0,-0.9398
896,αισα,-490.0,-0.9911
896,αισα,-353.0,-0.9176333333333333
896,αισα,-266.0,-0.55786
896,αισα,-50.0,-0.8963875
896,αισα,-34.0,-0.9631
896,αισα,15.0,-0.9803
896,αισα,90.0,-0.9869
896,αισα,147.0,-0.09129999999999999
896,αισα,150.0,-0.9415857142857142
896,αισα,200.0,-0.9841500000000001
896,αισα,350.0,-0.9151499999999999
896,αισα,530.0,0.30193333333333333
