id,word,year,mean_weighted_sentiment
858,αινος,-500.0,-0.9885333333333334
858,αινος,-450.0,-0.9358
858,αινος,-266.0,-0.9801428571428571
858,αινος,-155.0,-0.9938
858,αινος,-50.0,-0.803716
858,αινος,150.0,-0.9926
858,αινος,200.0,-0.9898
858,αινος,269.0,0.9226
858,αινος,359.0,-0.9868
858,αινος,950.0,-0.9742199999999999
