id,word,year,mean_weighted_sentiment
750,αιδως,-490.0,0.0015999999999999903
750,αιδως,-450.0,-0.991
750,αιδως,-387.0,-0.9589
750,αιδως,-353.0,-0.9912
750,αιδως,-50.0,-0.9204528301886794
750,αιδως,15.0,-0.95565
750,αιδως,147.0,-0.9358
750,αιδως,150.0,-0.956325
750,αιδως,200.0,-0.99055
750,αιδως,269.0,-0.89125
750,αιδως,350.0,-0.9702
750,αιδως,425.0,-0.9321999999999999
750,αιδως,448.0,-0.95495
750,αιδως,490.0,-0.926
750,αιδως,950.0,-0.9692333333333334
