id,word,year,mean_weighted_sentiment
963,αιψα,-50.0,-0.9674888888888888
963,αιψα,269.0,-0.9554
963,αιψα,950.0,-0.98665
