id,word,year,mean_weighted_sentiment
782,αιθω,-450.0,-0.99085
782,αιθω,-155.0,0.5942
782,αιθω,-50.0,-0.6339875
782,αιθω,172.0,-0.9909
782,αιθω,205.0,-0.9818
782,αιθω,269.0,-0.9232
782,αιθω,311.0,-0.9917
782,αιθω,448.0,-0.9868
782,αιθω,950.0,-0.9721571428571428
