id,word,year,mean_weighted_sentiment
811,αιματοω,-266.0,-0.9591555555555554
811,αιματοω,172.0,-0.9852
811,αιματοω,200.0,-0.9789666666666667
