id,word,year,mean_weighted_sentiment
799,αιμασσω,-450.0,-0.9789000000000001
799,αιμασσω,-266.0,-0.9662
799,αιμασσω,-50.0,-0.9771000000000001
799,αιμασσω,950.0,-0.9897
