id,word,year,mean_weighted_sentiment
740,αιδης,-479.0,-0.9322
740,αιδης,-450.0,-0.9912333333333333
740,αιδης,-387.0,0.8675
740,αιδης,-353.0,0.5241
740,αιδης,-50.0,-0.9619571428571428
740,αιδης,15.0,-0.95565
740,αιδης,150.0,-0.9813999999999999
740,αιδης,200.0,-0.98855
740,αιδης,237.0,-0.978
740,αιδης,352.0,-0.9552
740,αιδης,425.0,-0.9259
740,αιδης,448.0,-0.951
740,αιδης,490.0,-0.92074
740,αιδης,530.0,-0.9539
740,αιδης,550.0,-0.9797
740,αιδης,950.0,-0.984
