id,word,year,mean_weighted_sentiment
768,αιθος,-450.0,-0.9888
768,αιθος,-50.0,-0.9812666666666666
768,αιθος,205.0,-0.9818
768,αιθος,269.0,-0.9232
768,αιθος,448.0,-0.9868
768,αιθος,950.0,-0.9663999999999999
