id,word,year,mean_weighted_sentiment
787,αικια,-490.0,-0.9943
787,αικια,-353.0,-0.9918
787,αικια,-50.0,-0.96289
787,αικια,15.0,-0.9573666666666667
787,αικια,269.0,-0.9841
787,αικια,950.0,-0.9913333333333334
