id,word,year,mean_weighted_sentiment
798,αιμας,-450.0,-0.9933000000000001
798,αιμας,-415.0,-0.983
798,αιμας,-353.0,-0.9384857142857143
798,αιμας,-266.0,-0.98245625
798,αιμας,-50.0,-0.9719515151515152
798,αιμας,15.0,-0.9923
798,αιμας,150.0,-0.9702666666666667
798,αιμας,172.0,-0.9853882352941177
798,αιμας,200.0,-0.9886
798,αιμας,219.0,-0.9613
798,αιμας,237.0,-0.9926
798,αιμας,269.0,-0.9872
798,αιμας,350.0,-0.9812
798,αιμας,425.0,-0.9116
798,αιμας,490.0,-0.9146
798,αιμας,950.0,-0.9855727272727273
