id,word,year,mean_weighted_sentiment
926,αισχρος,-490.0,-0.99195
926,αισχρος,-450.0,-0.9908000000000001
926,αισχρος,-387.0,-0.9767
926,αισχρος,-50.0,-0.8687285714285713
926,αισχρος,15.0,-0.89895
926,αισχρος,147.0,-0.9106
926,αισχρος,150.0,-0.9473214285714286
926,αισχρος,200.0,-0.9706199999999999
926,αισχρος,219.0,-0.9939
926,αισχρος,350.0,-0.98285
926,αισχρος,550.0,-0.9315
