id,word,year,mean_weighted_sentiment
744,αιδοιος,-415.0,-0.9502
744,αιδοιος,-50.0,-0.39587142857142865
744,αιδοιος,150.0,-0.9562416666666667
744,αιδοιος,269.0,-0.98785
744,αιδοιος,950.0,-0.9826064516129033
744,αιδοιος,1150.0,-0.9267666666666666
