id,word,year,mean_weighted_sentiment
902,αισθητος,-387.0,-0.7727
902,αισθητος,-353.0,-0.9455714285714285
902,αισθητος,-329.0,-0.9867
902,αισθητος,-50.0,-0.9513
902,αισθητος,15.0,-0.9491
902,αισθητος,150.0,-0.9143
902,αισθητος,200.0,-0.8420470588235294
902,αισθητος,237.0,-0.8689
902,αισθητος,350.0,-0.9253
902,αισθητος,352.0,-0.9646
902,αισθητος,448.0,-0.9434
902,αισθητος,530.0,-0.8169636363636363
902,αισθητος,550.0,-0.8605619047619045
