id,word,year,mean_weighted_sentiment
741,αιδιος,-387.0,-0.3564
741,αιδιος,-353.0,-0.6398400000000001
741,αιδιος,-50.0,-0.970225
741,αιδιος,90.0,-0.9912
741,αιδιος,200.0,-0.32822000000000007
741,αιδιος,237.0,-0.978
741,αιδιος,352.0,-0.97055
741,αιδιος,425.0,-0.8498
741,αιδιος,530.0,-0.9454250000000001
741,αιδιος,550.0,-0.9679777777777778
741,αιδιος,950.0,-0.9909
