id,word,year,mean_weighted_sentiment
764,αιθηρ,-490.0,-0.9917
764,αιθηρ,-450.0,0.993
764,αιθηρ,-50.0,-0.955406451612903
764,αιθηρ,15.0,-0.8749
764,αιθηρ,147.0,-0.988
764,αιθηρ,150.0,-0.91774
764,αιθηρ,182.0,-0.9444
764,αιθηρ,269.0,-0.9931
764,αιθηρ,448.0,-0.9573499999999999
764,αιθηρ,950.0,-0.985525
