id,word,year,mean_weighted_sentiment
876,αιπεινος,-50.0,-0.9909749999999999
876,αιπεινος,200.0,-0.9682999999999999
876,αιπεινος,950.0,-0.9880999999999999
