id,word,year,mean_weighted_sentiment
861,αινυμαι,-155.0,-0.9845333333333333
861,αινυμαι,-50.0,-0.19609999999999997
861,αινυμαι,172.0,-0.9924
861,αινυμαι,950.0,-0.9891
