id,word,year,mean_weighted_sentiment
834,αινεω,-500.0,-0.9894000000000001
834,αινεω,-353.0,-0.9925
834,αινεω,-266.0,-0.5798857142857143
834,αινεω,-50.0,-0.661895
834,αινεω,49.0,-0.8921
834,αινεω,127.0,-0.9873
834,αινεω,150.0,-0.9926
834,αινεω,269.0,-0.031950000000000034
834,αινεω,950.0,-0.9761900000000001
