id,word,year,mean_weighted_sentiment
935,αισχυνω,-479.0,-0.9582
935,αισχυνω,-450.0,-0.99205
935,αισχυνω,-387.0,-0.9932
935,αισχυνω,-266.0,-0.8678705882352942
935,αισχυνω,-50.0,-0.9599058823529412
935,αισχυνω,15.0,-0.9855
935,αισχυνω,150.0,-0.9875
935,αισχυνω,350.0,-0.92835
935,αισχυνω,490.0,-0.8888
