id,word,year,mean_weighted_sentiment
881,αιπολος,-50.0,-0.9636499999999999
881,αιπολος,200.0,-0.9719916666666667
881,αιπολος,950.0,-0.9845
