id,word,year,mean_weighted_sentiment
886,αιπυς,-500.0,-0.9883500000000001
886,αιπυς,-50.0,-0.819975
886,αιπυς,950.0,-0.9877800000000001
