id,word,year,mean_weighted_sentiment
773,αιθρια,-353.0,-0.98715
773,αιθρια,-50.0,-0.96986
773,αιθρια,150.0,-0.9671
773,αιθρια,200.0,-0.994
773,αιθρια,950.0,-0.9839749999999999
