id,word,year,mean_weighted_sentiment
908,αισσω,-500.0,-0.9873000000000001
908,αισσω,-490.0,-0.9864
908,αισσω,-479.0,-0.9686
908,αισσω,-450.0,-0.992
908,αισσω,-353.0,-0.96265
908,αισσω,-50.0,-0.7252181818181818
908,αισσω,150.0,-0.95522
908,αισσω,200.0,-0.8071583333333333
908,αισσω,237.0,-0.9228
908,αισσω,249.0,-0.9606
908,αισσω,269.0,-0.9674333333333333
908,αισσω,350.0,-0.9596
908,αισσω,425.0,-0.94835
908,αισσω,490.0,-0.8942
908,αισσω,530.0,-0.876
908,αισσω,950.0,-0.9840249999999999
