id,word,year,mean_weighted_sentiment
709,αιγινα,-149.0,-0.9926
709,αιγινα,-50.0,-0.9704666666666667
709,αιγινα,150.0,-0.9479
709,αιγινα,950.0,-0.9770666666666666
