id,word,year,mean_weighted_sentiment
743,αιδοιον,-415.0,-0.9502
743,αιδοιον,-50.0,-0.2898
743,αιδοιον,150.0,-0.9562416666666667
743,αιδοιον,269.0,-0.98785
743,αιδοιον,950.0,-0.9826064516129033
743,αιδοιον,1150.0,-0.9267666666666666
