id,word,year,mean_weighted_sentiment
727,αιγυπτιαζω,-50.0,-0.94165
727,αιγυπτιαζω,15.0,-0.9217
727,αιγυπτιαζω,127.0,-0.894575
727,αιγυπτιαζω,147.0,-0.9489
727,αιγυπτιαζω,150.0,-0.9658555555555554
727,αιγυπτιαζω,172.0,-0.9798
727,αιγυπτιαζω,237.0,-0.9848
727,αιγυπτιαζω,350.0,-0.9576
727,αιγυπτιαζω,425.0,-0.8721333333333333
727,αιγυπτιαζω,490.0,-0.9036
727,αιγυπτιαζω,950.0,-0.9750500000000001
