id,word,year,mean_weighted_sentiment
899,αισθησις,-353.0,-0.7935714285714288
899,αισθησις,-266.0,-0.9761
899,αισθησις,-50.0,-0.9742333333333333
899,αισθησις,15.0,-0.9563666666666667
899,αισθησις,150.0,-0.9318200000000001
899,αισθησις,200.0,-0.8361333333333332
899,αισθησις,237.0,-0.9166
899,αισθησις,311.0,-0.9411
899,αισθησις,352.0,-0.9858333333333333
899,αισθησις,425.0,-0.9464
899,αισθησις,448.0,-0.909
899,αισθησις,530.0,-0.96355
899,αισθησις,550.0,-0.9496166666666666
