id,word,year,mean_weighted_sentiment
1100,ακμη,-450.0,-0.9932
1100,ακμη,-266.0,-0.9238
1100,ακμη,-50.0,-0.94748
1100,ακμη,150.0,-0.9115
1100,ακμη,172.0,-0.99
1100,ακμη,200.0,-0.9751
1100,ακμη,311.0,-0.8419
1100,ακμη,447.0,-0.96835
1100,ακμη,950.0,-0.98812
