id,word,year,mean_weighted_sentiment
1194,ακριβοω,-479.0,-0.9411
1194,ακριβοω,-155.0,-0.8767
1194,ακριβοω,-50.0,-0.9341999999999999
1194,ακριβοω,15.0,-0.94065
1194,ακριβοω,49.0,-0.9338
1194,ακριβοω,147.0,-0.9527
1194,ακριβοω,152.0,-0.9537
1194,ακριβοω,172.0,0.9946999999999999
1194,ακριβοω,200.0,-0.950925
1194,ακριβοω,299.0,-0.9436
1194,ακριβοω,311.0,-0.9528
1194,ακριβοω,350.0,-0.9632
1194,ακριβοω,352.0,-0.9891
1194,ακριβοω,425.0,0.5507
1194,ακριβοω,447.0,-0.8813
