id,word,year,mean_weighted_sentiment
1278,ακτη,-353.0,-0.9741
1278,ακτη,-149.0,-0.9907
1278,ακτη,-50.0,-0.95763
1278,ακτη,127.0,-0.96765
1278,ακτη,200.0,-0.9875
1278,ακτη,269.0,-0.9925
1278,ακτη,950.0,-0.9853272727272727
