id,word,year,mean_weighted_sentiment
1273,ακτεα,-353.0,-0.9741
1273,ακτεα,-149.0,-0.9907
1273,ακτεα,-50.0,-0.95763
1273,ακτεα,127.0,-0.96765
1273,ακτεα,200.0,-0.9875
1273,ακτεα,269.0,-0.9925
1273,ακτεα,950.0,-0.9853272727272727
