id,word,year,mean_weighted_sentiment
1296,ακων,-353.0,-0.9898
1296,ακων,-50.0,-0.9619400000000001
1296,ακων,15.0,-0.919
1296,ακων,150.0,-0.97575
1296,ακων,200.0,-0.988
1296,ακων,269.0,-0.7588
1296,ακων,350.0,-0.9530000000000001
1296,ακων,425.0,-0.9307
1296,ακων,490.0,-0.9274
1296,ακων,950.0,-0.9838
1296,ακων,1127.0,-0.9858
