id,word,year,mean_weighted_sentiment
1207,ακροαομαι,-479.0,-0.9849
1207,ακροαομαι,-50.0,-0.9214571428571426
1207,ακροαομαι,15.0,-0.9679
1207,ακροαομαι,150.0,-0.9083
1207,ακροαομαι,350.0,-0.9063333333333333
1207,ακροαομαι,530.0,-0.9866
1207,ακροαομαι,550.0,-0.9565
1207,ακροαομαι,950.0,-0.9616
