id,word,year,mean_weighted_sentiment
1035,ακεομαι,-450.0,-0.9512
1035,ακεομαι,-50.0,-0.9612375
1035,ακεομαι,147.0,-0.9522
1035,ακεομαι,150.0,-0.9507
1035,ακεομαι,200.0,-0.9914000000000001
1035,ακεομαι,237.0,-0.8879
1035,ακεομαι,350.0,-0.9463999999999999
