id,word,year,mean_weighted_sentiment
1153,ακος,-490.0,-0.9908
1153,ακος,-450.0,-0.9702999999999999
1153,ακος,-353.0,-0.9898
1153,ακος,-50.0,-0.9666366666666665
1153,ακος,15.0,-0.919
1153,ακος,147.0,-0.9522
1153,ακος,150.0,-0.95748
1153,ακος,172.0,-0.99
1153,ακος,200.0,-0.9680375
1153,ακος,237.0,-0.8879
1153,ακος,299.0,-0.9488
1153,ακος,350.0,-0.948
1153,ακος,950.0,-0.9878
1153,ακος,1127.0,-0.9858
