id,word,year,mean_weighted_sentiment
1173,ακρατης,-353.0,-0.9566333333333333
1173,ακρατης,147.0,-0.9276
1173,ακρατης,150.0,-0.9645
1173,ακρατης,172.0,-0.99205
1173,ακρατης,200.0,-0.96685
1173,ακρατης,950.0,-0.9556
