id,word,year,mean_weighted_sentiment
1244,ακροπολις,-353.0,-0.9774
1244,ακροπολις,-50.0,-0.9699230769230769
1244,ακροπολις,150.0,-0.93245
1244,ακροπολις,350.0,-0.9642
1244,ακροπολις,490.0,-0.8657
1244,ακροπολις,950.0,-0.9779
