id,word,year,mean_weighted_sentiment
979,ακαιρος,-415.0,-0.9881
979,ακαιρος,-266.0,-0.98495
979,ακαιρος,-50.0,-0.9535600000000001
979,ακαιρος,-34.0,-0.9939
979,ακαιρος,150.0,-0.9875
979,ακαιρος,200.0,-0.9874
979,ακαιρος,269.0,-0.9777
979,ακαιρος,350.0,-0.9399
979,ακαιρος,950.0,-0.984
