id,word,year,mean_weighted_sentiment
1096,ακμαζω,-450.0,-0.9932
1096,ακμαζω,-50.0,-0.95045
1096,ακμαζω,150.0,-0.9356
1096,ακμαζω,172.0,-0.9861
1096,ακμαζω,200.0,-0.9751
1096,ακμαζω,311.0,-0.8419
1096,ακμαζω,447.0,-0.96835
1096,ακμαζω,490.0,-0.9276500000000001
1096,ακμαζω,950.0,-0.9810571428571428
