id,word,year,mean_weighted_sentiment
1064,ακην,-490.0,-0.9936
1064,ακην,-450.0,-0.9912
1064,ακην,-50.0,-0.9672529411764706
1064,ακην,150.0,-0.9345
1064,ακην,152.0,-0.9378
1064,ακην,182.0,-0.9268
1064,ακην,200.0,-0.9951
1064,ακην,299.0,-0.9488
1064,ακην,950.0,-0.9892199999999999
