id,word,year,mean_weighted_sentiment
1271,ακταιος,150.0,-0.9880500000000001
1271,ακταιος,200.0,-0.9939
1271,ακταιος,950.0,-0.9807333333333332
