id,word,year,mean_weighted_sentiment
976,ακαθαρτος,-266.0,-0.9553499999999999
976,ακαθαρτος,950.0,-0.9855499999999999
