id,word,year,mean_weighted_sentiment
1108,ακοη,-490.0,-0.9922
1108,ακοη,-353.0,-0.96905
1108,ακοη,-266.0,-0.9726714285714285
1108,ακοη,-50.0,-0.94750625
1108,ακοη,15.0,-0.946075
1108,ακοη,49.0,-0.9017
1108,ακοη,147.0,-0.9579
1108,ακοη,150.0,-0.9539000000000001
1108,ακοη,200.0,-0.9864
1108,ακοη,219.0,-0.913
1108,ακοη,350.0,-0.9457428571428572
1108,ακοη,359.0,-0.9021
1108,ακοη,425.0,-0.8971499999999999
1108,ακοη,447.0,-0.9351
1108,ακοη,490.0,-0.8647
1108,ακοη,950.0,-0.9752000000000001
