id,word,year,mean_weighted_sentiment
1121,ακολουθος,-155.0,-0.87
1121,ακολουθος,-149.0,-0.5237
1121,ακολουθος,-50.0,-0.9432499999999999
1121,ακολουθος,15.0,-0.9715
1121,ακολουθος,147.0,-0.9404
1121,ακολουθος,150.0,-0.9503999999999999
1121,ακολουθος,200.0,-0.9472333333333333
1121,ακολουθος,425.0,-0.9033
1121,ακολουθος,490.0,-0.9381
1121,ακολουθος,530.0,-0.9453
1121,ακολουθος,950.0,-0.7017571428571429
