id,word,year,mean_weighted_sentiment
1202,ακριτος,-353.0,-0.9612749999999999
1202,ακριτος,-266.0,-0.96085
1202,ακριτος,-50.0,-0.52638
1202,ακριτος,150.0,-0.9663
1202,ακριτος,200.0,-0.9693999999999999
1202,ακριτος,350.0,-0.94245
1202,ακριτος,352.0,-0.9911
1202,ακριτος,490.0,-0.8578
1202,ακριτος,950.0,-0.9749
