id,word,year,mean_weighted_sentiment
1116,ακολαστος,-353.0,-0.9357333333333333
1116,ακολαστος,-50.0,-0.9595
1116,ακολαστος,150.0,-0.9302666666666667
1116,ακολαστος,200.0,-0.9259
1116,ακολαστος,425.0,-0.8722
