id,word,year,mean_weighted_sentiment
1544,αλλοιωσις,-479.0,-0.8908
1544,αλλοιωσις,-353.0,-0.9514333333333332
1544,αλλοιωσις,172.0,-0.77685
1544,αλλοιωσις,200.0,-0.9105
1544,αλλοιωσις,530.0,-0.9374
