id,word,year,mean_weighted_sentiment
1502,αλκη,-490.0,-0.9952
1502,αλκη,-353.0,-0.25089999999999996
1502,αλκη,-266.0,-0.987
1502,αλκη,-50.0,-0.8366966666666666
1502,αλκη,150.0,-0.9687000000000001
1502,αλκη,200.0,-0.3928666666666667
1502,αλκη,490.0,-0.8896
1502,αλκη,950.0,-0.97905
