id,word,year,mean_weighted_sentiment
1504,αλκιμος,-500.0,-0.926
1504,αλκιμος,-450.0,-0.9898
1504,αλκιμος,-266.0,-0.9362666666666668
1504,αλκιμος,-50.0,-0.9571299999999999
