id,word,year,mean_weighted_sentiment
1610,αλυς,-50.0,-0.9884
1610,αλυς,127.0,-0.91645
1610,αλυς,150.0,-0.9121333333333334
1610,αλυς,950.0,-0.97
