id,word,year,mean_weighted_sentiment
1635,αλωσις,-149.0,-0.9923
1635,αλωσις,-50.0,-0.9550000000000001
1635,αλωσις,150.0,-0.9460999999999999
