id,word,year,mean_weighted_sentiment
1521,αλλαχου,-50.0,-0.9563272727272728
1521,αλλαχου,150.0,-0.959
1521,αλλαχου,200.0,-0.9602
1521,αλλαχου,269.0,-0.9048
1521,αλλαχου,530.0,-0.9487
1521,αλλαχου,950.0,-0.97355
