id,word,year,mean_weighted_sentiment
1304,αλαζονεια,-353.0,-0.9439
1304,αλαζονεια,-50.0,-0.9615545454545454
1304,αλαζονεια,15.0,-0.9822
1304,αλαζονεια,950.0,-0.9881571428571428
1304,αλαζονεια,1118.0,-0.9828
