id,word,year,mean_weighted_sentiment
1618,αλφιτον,-353.0,-0.9796666666666667
1618,αλφιτον,-50.0,-0.31210000000000004
1618,αλφιτον,200.0,-0.6759
1618,αλφιτον,950.0,-0.9825133333333335
