id,word,year,mean_weighted_sentiment
1572,αλογεω,-50.0,-0.9676666666666667
1572,αλογεω,15.0,-0.9439500000000001
1572,αλογεω,150.0,-0.92415
1572,αλογεω,350.0,-0.9438
1572,αλογεω,359.0,-0.8863
1572,αλογεω,425.0,-0.9157
1572,αλογεω,448.0,-0.9284
1572,αλογεω,950.0,-0.9823111111111111
