id,word,year,mean_weighted_sentiment
1542,αλλοιος,-266.0,-0.9659
1542,αλλοιος,-50.0,-0.9461333333333334
1542,αλλοιος,147.0,-0.9228
1542,αλλοιος,150.0,-0.9551000000000001
1542,αλλοιος,200.0,-0.9518749999999999
1542,αλλοιος,425.0,-0.9586
1542,αλλοιος,530.0,-0.9907
1542,αλλοιος,950.0,-0.9865
