id,word,year,mean_weighted_sentiment
1423,αλια,-50.0,-0.9614333333333334
1423,αλια,950.0,-0.9746599999999999
