id,word,year,mean_weighted_sentiment
1403,αληθινος,-479.0,-0.84
1403,αληθινος,-266.0,-0.9777
1403,αληθινος,150.0,-0.8906
1403,αληθινος,237.0,-0.880175
1403,αληθινος,311.0,0.9859
1403,αληθινος,352.0,0.995
1403,αληθινος,425.0,-0.912125
