id,word,year,mean_weighted_sentiment
1436,αλιζω,-50.0,-0.9521666666666667
1436,αλιζω,15.0,-0.8909
1436,αλιζω,147.0,-0.9872
1436,αλιζω,200.0,-0.9851000000000001
1436,αλιζω,950.0,-0.97955
