id,word,year,mean_weighted_sentiment
1515,αλλας,-353.0,-0.9682
1515,αλλας,-149.0,-0.9935
1515,αλλας,-50.0,-0.9439333333333333
1515,αλλας,15.0,-0.8929
1515,αλλας,90.0,-0.8679
1515,αλλας,127.0,-0.9223
1515,αλλας,150.0,-0.7680727272727274
1515,αλλας,172.0,-0.9922
1515,αλλας,200.0,-0.9703999999999999
1515,αλλας,237.0,-0.8957
1515,αλλας,320.0,-0.91765
1515,αλλας,350.0,-0.9111
1515,αλλας,530.0,0.9901
1515,αλλας,550.0,-0.93645
