id,word,year,mean_weighted_sentiment
1339,αλγεω,-500.0,-0.9882
1339,αλγεω,-450.0,-0.9913
1339,αλγεω,-266.0,-0.9914
1339,αλγεω,-50.0,-0.9740666666666667
1339,αλγεω,49.0,-0.914
1339,αλγεω,150.0,-0.9746666666666667
1339,αλγεω,172.0,-0.9915
1339,αλγεω,200.0,-0.9853666666666667
1339,αλγεω,237.0,-0.8681
1339,αλγεω,311.0,-0.9646
1339,αλγεω,950.0,-0.9627
