id,word,year,mean_weighted_sentiment
1308,αλαζων,-50.0,-0.9572250000000001
1308,αλαζων,200.0,-0.984
1308,αλαζων,350.0,-0.9467
1308,αλαζων,950.0,-0.9723714285714286
