id,word,year,mean_weighted_sentiment
1432,αλιευς,-50.0,-0.9543
1432,αλιευς,200.0,-0.93618
1432,αλιευς,249.0,-0.7981
1432,αλιευς,950.0,-0.9783999999999999
