id,word,year,mean_weighted_sentiment
1636,αλως,-353.0,-0.935
1636,αλως,-266.0,-0.9917
1636,αλως,-50.0,-0.9516125
1636,αλως,15.0,-0.9477
1636,αλως,150.0,-0.8756
1636,αλως,200.0,-0.9902
1636,αλως,205.0,-0.9912
1636,αλως,950.0,-0.9839615384615384
