id,word,year,mean_weighted_sentiment
1479,αλις,-450.0,-0.9916
1479,αλις,-50.0,-0.32261111111111107
1479,αλις,150.0,-0.9602
1479,αλις,200.0,-0.97695
1479,αλις,448.0,-0.9545
