id,word,year,mean_weighted_sentiment
1338,αλγεινος,-450.0,-0.9914
1338,αλγεινος,-50.0,-0.9863
1338,αλγεινος,150.0,-0.9746666666666667
1338,αλγεινος,172.0,-0.9914000000000001
1338,αλγεινος,237.0,-0.8681
1338,αλγεινος,350.0,-0.9434
1338,αλγεινος,950.0,-0.9642
