id,word,year,mean_weighted_sentiment
1345,αλγος,-490.0,-0.9920333333333334
1345,αλγος,-450.0,-0.9932
1345,αλγος,-266.0,-0.985
1345,αλγος,-50.0,-0.74395
1345,αλγος,49.0,-0.914
1345,αλγος,150.0,-0.9877
1345,αλγος,172.0,-0.9905999999999999
1345,αλγος,200.0,-0.993
1345,αλγος,311.0,-0.9645
1345,αλγος,950.0,-0.9755
