id,word,year,mean_weighted_sentiment
1389,αλεξω,-50.0,-0.9788999999999999
1389,αλεξω,269.0,-0.954
1389,αλεξω,950.0,-0.9908666666666667
1389,αλεξω,1118.0,-0.9516
