id,word,year,mean_weighted_sentiment
1562,αλλοφυλος,-266.0,-0.9552142857142858
1562,αλλοφυλος,15.0,-0.954
1562,αλλοφυλος,147.0,-0.881
1562,αλλοφυλος,425.0,-0.8954
1562,αλλοφυλος,950.0,-0.9834499999999999
