id,word,year,mean_weighted_sentiment
1516,αλλασσω,-50.0,-0.9718375
1516,αλλασσω,490.0,-0.9319
1516,αλλασσω,950.0,-0.9926
1516,αλλασσω,1127.0,-0.9760666666666666
