id,word,year,mean_weighted_sentiment
1626,αλων,-266.0,-0.9478333333333332
1626,αλων,-50.0,-0.9640666666666666
1626,αλων,150.0,-0.9794
1626,αλων,200.0,-0.98685
1626,αλων,950.0,-0.98845
