id,word,year,mean_weighted_sentiment
1566,αλλως,-490.0,-0.8613
1566,αλλως,-479.0,-0.9472
1566,αλλως,-50.0,-0.9540042553191488
1566,αλλως,147.0,-0.9305749999999999
1566,αλλως,150.0,-0.9344
1566,αλλως,152.0,-0.9809
1566,αλλως,200.0,-0.9715333333333334
1566,αλλως,237.0,-0.8973
1566,αλλως,249.0,-0.9732
1566,αλλως,269.0,-0.9528
1566,αλλως,490.0,-0.8478
1566,αλλως,550.0,-0.95675
