id,word,year,mean_weighted_sentiment
2081,αμφορευς,-353.0,-0.9784999999999999
2081,αμφορευς,-50.0,-0.92405
2081,αμφορευς,150.0,-0.9342
2081,αμφορευς,950.0,-0.9854499999999999
