id,word,year,mean_weighted_sentiment
1727,αμελεω,-450.0,-0.9337
1727,αμελεω,-50.0,-0.9494777777777779
1727,αμελεω,15.0,-0.9665
1727,αμελεω,150.0,-0.9430799999999999
1727,αμελεω,200.0,0.005549999999999999
1727,αμελεω,350.0,-0.8991333333333333
1727,αμελεω,490.0,-0.8937999999999999
1727,αμελεω,950.0,-0.9762599999999999
