id,word,year,mean_weighted_sentiment
1716,αμειβω,-50.0,-0.9342125
1716,αμειβω,150.0,-0.9492
1716,αμειβω,200.0,-0.9796666666666667
1716,αμειβω,299.0,-0.9852
1716,αμειβω,950.0,-0.9895
