id,word,year,mean_weighted_sentiment
2014,αμφι,-490.0,-0.9917
2014,αμφι,-450.0,-0.551925
2014,αμφι,-415.0,-0.9865
2014,αμφι,-155.0,-0.9738
2014,αμφι,-50.0,-0.8946703703703703
2014,αμφι,147.0,-0.9525
2014,αμφι,152.0,-0.7822666666666667
2014,αμφι,182.0,-0.8655
2014,αμφι,269.0,-0.97045
2014,αμφι,425.0,-0.9931
2014,αμφι,448.0,-0.9883
2014,αμφι,490.0,-0.9286
2014,αμφι,950.0,-0.9819
