id,word,year,mean_weighted_sentiment
1671,αμαρτημα,-387.0,-0.98895
1671,αμαρτημα,-353.0,-0.9549000000000001
1671,αμαρτημα,-266.0,-0.945021052631579
1671,αμαρτημα,-50.0,-0.9475428571428571
1671,αμαρτημα,-34.0,-0.9534
1671,αμαρτημα,49.0,-0.9172125
1671,αμαρτημα,147.0,-0.8144
1671,αμαρτημα,150.0,-0.9917
1671,αμαρτημα,152.0,-0.9808
1671,αμαρτημα,200.0,-0.9722
1671,αμαρτημα,299.0,-0.8693
1671,αμαρτημα,320.0,-0.931
1671,αμαρτημα,950.0,-0.9861375
