id,word,year,mean_weighted_sentiment
1766,αμηχανος,-490.0,-0.9882
1766,αμηχανος,-50.0,-0.9603222222222223
1766,αμηχανος,15.0,-0.96905
1766,αμηχανος,150.0,-0.9161
1766,αμηχανος,311.0,-0.9534
1766,αμηχανος,350.0,-0.8791
1766,αμηχανος,352.0,-0.9759
1766,αμηχανος,950.0,-0.98316
