id,word,year,mean_weighted_sentiment
1753,αμετρος,-50.0,-0.9482166666666666
1753,αμετρος,150.0,-0.9433
1753,αμετρος,172.0,-0.9913000000000001
1753,αμετρος,200.0,-0.47446666666666665
1753,αμετρος,950.0,-0.9844999999999999
