id,word,year,mean_weighted_sentiment
1871,αμυμων,-500.0,-0.9870999999999999
1871,αμυμων,-50.0,-0.9031619047619047
1871,αμυμων,950.0,-0.9932
