id,word,year,mean_weighted_sentiment
2030,αμφιπολις,-149.0,-0.9935
2030,αμφιπολις,150.0,-0.5970199999999999
2030,αμφιπολις,350.0,-0.9765
2030,αμφιπολις,950.0,-0.98515
