id,word,year,mean_weighted_sentiment
1834,αμουσος,-155.0,-0.9580666666666667
1834,αμουσος,-50.0,-0.9668375
1834,αμουσος,150.0,-0.9447333333333333
1834,αμουσος,152.0,-0.9931
