id,word,year,mean_weighted_sentiment
1878,αμυνω,-500.0,-0.9869
1878,αμυνω,-353.0,-0.9424
1878,αμυνω,-50.0,-0.9680625000000002
1878,αμυνω,150.0,0.9469
1878,αμυνω,200.0,-0.9648
1878,αμυνω,350.0,-0.9326
1878,αμυνω,490.0,-0.9239999999999999
1878,αμυνω,950.0,-0.9850249999999999
