id,word,year,mean_weighted_sentiment
1849,αμπελων,-266.0,-0.9595666666666668
1849,αμπελων,200.0,-0.6442666666666667
1849,αμπελων,219.0,-0.9301
1849,αμπελων,425.0,-0.8739
1849,αμπελων,950.0,-0.9912000000000001
