id,word,year,mean_weighted_sentiment
1674,αμαρτια,-490.0,-0.9937
1674,αμαρτια,-353.0,-0.9549000000000001
1674,αμαρτια,-266.0,-0.9671107142857144
1674,αμαρτια,-50.0,-0.9738142857142857
1674,αμαρτια,49.0,-0.91973
1674,αμαρτια,200.0,-0.9715
1674,αμαρτια,425.0,-0.9156500000000001
1674,αμαρτια,950.0,-0.9850999999999999
