id,word,year,mean_weighted_sentiment
1640,αμαζων,-149.0,-0.9912000000000001
1640,αμαζων,-50.0,-0.9531499999999999
