id,word,year,mean_weighted_sentiment
2095,αμωμος,-266.0,-0.9553333333333334
2095,αμωμος,172.0,-0.9825800000000001
2095,αμωμος,182.0,-0.931
2095,αμωμος,950.0,-0.9793499999999999
