id,word,year,mean_weighted_sentiment
1653,αμαξα,-266.0,-0.9756
1653,αμαξα,-50.0,-0.9347799999999999
1653,αμαξα,152.0,-0.8563
1653,αμαξα,200.0,-0.9679399999999999
1653,αμαξα,950.0,-0.9882285714285715
