id,word,year,mean_weighted_sentiment
2397,αναπαυω,-266.0,-0.9704250000000001
2397,αναπαυω,-50.0,-0.9758125
2397,αναπαυω,425.0,-0.9574
