id,word,year,mean_weighted_sentiment
2526,ανατολη,-490.0,-0.98325
2526,ανατολη,-387.0,-0.9869
2526,ανατολη,-266.0,-0.9621333333333334
2526,ανατολη,-155.0,-0.9488416666666666
2526,ανατολη,-149.0,-0.980475
2526,ανατολη,-50.0,-0.9506999999999999
2526,ανατολη,127.0,-0.9188
2526,ανατολη,147.0,-0.9636
2526,ανατολη,150.0,-0.9927
2526,ανατολη,172.0,-0.9909
2526,ανατολη,311.0,-0.9554
2526,ανατολη,425.0,-0.9297500000000001
2526,ανατολη,950.0,-0.9915285714285714
2526,ανατολη,1118.0,-0.9442
