id,word,year,mean_weighted_sentiment
2916,ανια,-450.0,-0.9645666666666667
2916,ανια,-266.0,-0.9359
2916,ανια,-50.0,-0.9524857142857144
2916,ανια,147.0,-0.8612
2916,ανια,150.0,-0.9249
2916,ανια,200.0,-0.9685
2916,ανια,350.0,-0.9527
