id,word,year,mean_weighted_sentiment
2787,ανεχω,-50.0,-0.6120166666666667
2787,ανεχω,350.0,-0.9486333333333333
2787,ανεχω,950.0,-0.9873
