id,word,year,mean_weighted_sentiment
3172,αντιγραφος,-266.0,-0.9276444444444445
3172,αντιγραφος,-50.0,-0.9699333333333332
3172,αντιγραφος,127.0,-0.9646
3172,αντιγραφος,172.0,-0.9899571428571428
3172,αντιγραφος,550.0,-0.9596
3172,αντιγραφος,950.0,-0.9809
