id,word,year,mean_weighted_sentiment
2395,αναπαυσις,-266.0,-0.9753333333333334
2395,αναπαυσις,-50.0,-0.9618800000000001
