id,word,year,mean_weighted_sentiment
3239,αντικρυς,-50.0,-0.9571833333333334
3239,αντικρυς,15.0,-0.8235
3239,αντικρυς,200.0,-0.9177
3239,αντικρυς,425.0,-0.9028999999999999
3239,αντικρυς,550.0,-0.9475
3239,αντικρυς,1118.0,-0.9653
