id,word,year,mean_weighted_sentiment
2592,ανδανω,-490.0,-0.98375
2592,ανδανω,-479.0,-0.9322
2592,ανδανω,-353.0,-0.9754
2592,ανδανω,-266.0,-0.9789130434782609
2592,ανδανω,-50.0,-0.8106639999999998
2592,ανδανω,15.0,-0.8949
2592,ανδανω,127.0,-0.9449
2592,ανδανω,150.0,-0.9609
2592,ανδανω,200.0,-0.6042
2592,ανδανω,219.0,-0.9854
2592,ανδανω,269.0,-0.965
2592,ανδανω,448.0,-0.9620625
2592,ανδανω,950.0,-0.9804448275862069
