id,word,year,mean_weighted_sentiment
2205,αναθημα,-50.0,-0.8983
2205,αναθημα,15.0,-0.9599500000000001
2205,αναθημα,150.0,-0.9612999999999999
2205,αναθημα,950.0,-0.9774166666666666
