id,word,year,mean_weighted_sentiment
2100,αναβαινω,-266.0,-0.9515666666666668
2100,αναβαινω,-50.0,-0.9556923076923076
2100,αναβαινω,182.0,0.8603
2100,αναβαινω,237.0,-0.9011
2100,αναβαινω,350.0,0.9723
2100,αναβαινω,448.0,-0.94695
2100,αναβαινω,490.0,-0.8971
2100,αναβαινω,950.0,-0.9885
