id,word,year,mean_weighted_sentiment
3163,αντιβολεω,-450.0,-0.9922
3163,αντιβολεω,-155.0,-0.9572499999999999
3163,αντιβολεω,-50.0,-0.9690259259259258
3163,αντιβολεω,150.0,-0.9278
3163,αντιβολεω,200.0,-0.9832000000000001
3163,αντιβολεω,205.0,-0.9829
3163,αντιβολεω,269.0,-0.9602
3163,αντιβολεω,425.0,-0.9897
3163,αντιβολεω,950.0,-0.9609333333333333
