id,word,year,mean_weighted_sentiment
2715,ανεμοω,-353.0,-0.9325
2715,ανεμοω,-266.0,-0.9852714285714287
2715,ανεμοω,-155.0,-0.9881
2715,ανεμοω,-50.0,-0.9603925
2715,ανεμοω,127.0,-0.95265
2715,ανεμοω,147.0,-0.9404
2715,ανεμοω,200.0,-0.9659142857142857
2715,ανεμοω,269.0,-0.9769666666666668
2715,ανεμοω,950.0,-0.976108695652174
