id,word,year,mean_weighted_sentiment
2215,αναιδης,-266.0,-0.479225
2215,αναιδης,-50.0,-0.9563833333333333
2215,αναιδης,950.0,-0.9851
