id,word,year,mean_weighted_sentiment
2952,ανοιγνυμι,-266.0,-0.953
2952,ανοιγνυμι,-50.0,-0.9511499999999999
2952,ανοιγνυμι,950.0,-0.9808333333333333
