id,word,year,mean_weighted_sentiment
2226,αναιρω,-50.0,-0.9101799999999999
2226,αναιρω,200.0,-0.9736
2226,αναιρω,550.0,-0.009500000000000008
2226,αναιρω,950.0,-0.6452833333333333
