id,word,year,mean_weighted_sentiment
2323,αναλογος,-353.0,-0.9274857142857144
2323,αναλογος,-50.0,-0.9633666666666668
2323,αναλογος,15.0,-0.9386
2323,αναλογος,90.0,-0.9906
2323,αναλογος,200.0,-0.7123999999999999
2323,αναλογος,219.0,-0.957
2323,αναλογος,320.0,-0.6472800000000001
2323,αναλογος,950.0,-0.9513
2323,αναλογος,1127.0,-0.15540000000000004
