id,word,year,mean_weighted_sentiment
2951,ανοια,-266.0,-0.9921
2951,ανοια,-50.0,-0.9653499999999999
2951,ανοια,152.0,-0.9075
2951,ανοια,335.0,-0.9811
2951,ανοια,425.0,-0.9054333333333333
2951,ανοια,950.0,-0.98525
