id,word,year,mean_weighted_sentiment
3523,ανωτερος,-479.0,-0.9357
3523,ανωτερος,-415.0,-0.972
3523,ανωτερος,-50.0,-0.9607285714285714
3523,ανωτερος,127.0,-0.9381
3523,ανωτερος,150.0,-0.9555
3523,ανωτερος,320.0,-0.8839
3523,ανωτερος,530.0,-0.94276
3523,ανωτερος,550.0,-0.9199333333333333
3523,ανωτερος,950.0,-0.98065
