id,word,year,mean_weighted_sentiment
2875,ανθραξ,-415.0,-0.982
2875,ανθραξ,-266.0,-0.97818
2875,ανθραξ,150.0,-0.9532
2875,ανθραξ,200.0,-0.951911111111111
2875,ανθραξ,352.0,-0.9937
2875,ανθραξ,383.0,-0.8893
2875,ανθραξ,950.0,-0.9798
