id,word,year,mean_weighted_sentiment
2160,αναγω,-450.0,-0.995
2160,αναγω,-353.0,-0.9451999999999999
2160,αναγω,-266.0,-0.992
2160,αναγω,-50.0,-0.9678857142857143
2160,αναγω,15.0,-0.9714
2160,αναγω,150.0,-0.9388000000000001
2160,αναγω,152.0,-0.9416
2160,αναγω,237.0,-0.8521
2160,αναγω,350.0,-0.9471
2160,αναγω,352.0,-0.97845
2160,αναγω,448.0,-0.9569
2160,αναγω,490.0,-0.8459
2160,αναγω,530.0,-0.931
2160,αναγω,550.0,-0.9256
2160,αναγω,950.0,-0.9802
