id,word,year,mean_weighted_sentiment
2843,ανθη,-450.0,-0.9896
2843,ανθη,-266.0,-0.978
2843,ανθη,-50.0,-0.9449555555555555
2843,ανθη,150.0,-0.9796
2843,ανθη,299.0,-0.8709
2843,ανθη,350.0,-0.8946
2843,ανθη,448.0,-0.9888
2843,ανθη,950.0,-0.7861470588235294
