id,word,year,mean_weighted_sentiment
2842,ανθεω,-266.0,-0.9821
2842,ανθεω,-50.0,-0.94399
2842,ανθεω,150.0,-0.9709666666666666
2842,ανθεω,200.0,-0.9909
2842,ανθεω,299.0,-0.8709
2842,ανθεω,350.0,-0.8946
2842,ανθεω,425.0,-0.8545
2842,ανθεω,950.0,-0.8574428571428572
