id,word,year,mean_weighted_sentiment
3171,αντιγραφη,-266.0,-0.9631
3171,αντιγραφη,-50.0,-0.9699333333333332
3171,αντιγραφη,127.0,-0.9646
3171,αντιγραφη,172.0,-0.9895999999999999
