id,word,year,mean_weighted_sentiment
2390,αναπαλιν,-415.0,-0.983
2390,αναπαλιν,-50.0,-0.945
2390,αναπαλιν,200.0,-0.95586
2390,αναπαλιν,249.0,-0.941
2390,αναπαλιν,320.0,-0.8877
2390,αναπαλιν,448.0,-0.8914
2390,αναπαλιν,950.0,-0.9801500000000001
