id,word,year,mean_weighted_sentiment
2914,ανιαζω,-450.0,-0.9645666666666667
2914,ανιαζω,-415.0,-0.9872
2914,ανιαζω,-266.0,-0.968
2914,ανιαζω,-50.0,-0.9524857142857144
2914,ανιαζω,147.0,-0.8612
2914,ανιαζω,150.0,-0.9249
2914,ανιαζω,200.0,-0.9685
2914,ανιαζω,350.0,-0.92635
2914,ανιαζω,425.0,-0.9747
2914,ανιαζω,950.0,-0.99195
