id,word,year,mean_weighted_sentiment
2320,αναλογια,-353.0,-0.9263
2320,αναλογια,-50.0,-0.96235
2320,αναλογια,90.0,-0.938075
2320,αναλογια,200.0,-0.9357
2320,αναλογια,320.0,-0.75731875
2320,αναλογια,352.0,-0.99215
2320,αναλογια,448.0,-0.9028
2320,αναλογια,950.0,-0.9545666666666666
2320,αναλογια,1127.0,-0.9262666666666667
