id,word,year,mean_weighted_sentiment
2325,αναλυσις,320.0,-0.9126799999999999
2325,αναλυσις,352.0,-0.9354
2325,αναλυσις,530.0,-0.9444333333333335
