id,word,year,mean_weighted_sentiment
2712,ανεμος,-353.0,-0.9325
2712,ανεμος,-266.0,-0.9844333333333333
2712,ανεμος,-155.0,-0.9881
2712,ανεμος,-50.0,-0.960589090909091
2712,ανεμος,49.0,-0.9026
2712,ανεμος,127.0,-0.9371
2712,ανεμος,147.0,-0.9449000000000001
2712,ανεμος,200.0,-0.9597
2712,ανεμος,269.0,-0.9688000000000001
2712,ανεμος,950.0,-0.9749620689655173
