id,word,year,mean_weighted_sentiment
3074,ανταω,-500.0,-0.04205000000000003
3074,ανταω,-450.0,-0.58375
3074,ανταω,-50.0,-0.9116451612903225
3074,ανταω,127.0,-0.9903
3074,ανταω,200.0,0.9212
3074,ανταω,269.0,-0.8645999999999999
3074,ανταω,448.0,-0.9888
3074,ανταω,950.0,-0.8002
