id,word,year,mean_weighted_sentiment
2584,αναχωρεω,-50.0,-0.9277615384615385
2584,αναχωρεω,150.0,-0.98405
2584,αναχωρεω,200.0,-0.9674
2584,αναχωρεω,425.0,-0.8757
2584,αναχωρεω,490.0,-0.9244
2584,αναχωρεω,950.0,-0.9857
