id,word,year,mean_weighted_sentiment
2605,ανδραποδον,-353.0,-0.9891
2605,ανδραποδον,-50.0,-0.9100250000000001
2605,ανδραποδον,950.0,-0.9916333333333333
