id,word,year,mean_weighted_sentiment
3221,αντικειμαι,-479.0,-0.7282875
3221,αντικειμαι,-353.0,-0.9649222222222222
3221,αντικειμαι,-266.0,-0.9604999999999999
3221,αντικειμαι,-50.0,-0.948775
3221,αντικειμαι,90.0,-0.9795666666666668
3221,αντικειμαι,150.0,-0.9238
3221,αντικειμαι,200.0,-0.96614
3221,αντικειμαι,237.0,-0.9471
3221,αντικειμαι,352.0,-0.98185
3221,αντικειμαι,530.0,-0.9579500000000001
3221,αντικειμαι,550.0,-0.968875
3221,αντικειμαι,950.0,-0.9789
