id,word,year,mean_weighted_sentiment
3059,ανταποδοσις,-266.0,0.0012000000000000344
3059,ανταποδοσις,-50.0,-0.9672666666666666
