id,word,year,mean_weighted_sentiment
2225,αναιρεω,-353.0,0.7606
2225,αναιρεω,-266.0,-0.9774
2225,αναιρεω,-100.0,-0.9836
2225,αναιρεω,-50.0,-0.9404326530612244
2225,αναιρεω,200.0,-0.9765
2225,αναιρεω,269.0,-0.9782
2225,αναιρεω,350.0,-0.9466
2225,αναιρεω,425.0,-0.87996
2225,αναιρεω,490.0,-0.8998444444444443
2225,αναιρεω,550.0,-0.009500000000000008
2225,αναιρεω,950.0,-0.9806904761904762
2225,αναιρεω,1118.0,-0.9445
