id,word,year,mean_weighted_sentiment
3299,αντιπαλος,-50.0,-0.9593750000000001
3299,αντιπαλος,15.0,-0.91415
3299,αντιπαλος,425.0,-0.9289666666666667
3299,αντιπαλος,950.0,-0.9621
