id,word,year,mean_weighted_sentiment
2521,ανατιθημι,-450.0,-0.9907
2521,ανατιθημι,-266.0,-0.978
2521,ανατιθημι,-50.0,-0.9312142857142858
2521,ανατιθημι,15.0,-0.8469
2521,ανατιθημι,150.0,-0.9665
2521,ανατιθημι,200.0,-0.9521
2521,ανατιθημι,299.0,-0.8709
2521,ανατιθημι,425.0,-0.9282
2521,ανατιθημι,950.0,-0.7941111111111111
