id,word,year,mean_weighted_sentiment
2382,αναξιος,-450.0,-0.9884
2382,αναξιος,-50.0,-0.9792571428571428
2382,αναξιος,15.0,-0.9714
2382,αναξιος,147.0,-0.8798
2382,αναξιος,350.0,-0.9447
2382,αναξιος,490.0,-0.8674333333333334
2382,αναξιος,950.0,-0.9697
