id,word,year,mean_weighted_sentiment
2844,ανθηρος,-50.0,-0.9443250000000001
2844,ανθηρος,15.0,-0.9393
2844,ανθηρος,950.0,-0.9864666666666667
