id,word,year,mean_weighted_sentiment
2131,αναγελαω,-490.0,-0.992
2131,αναγελαω,-450.0,-0.9914
2131,αναγελαω,-266.0,-0.969575
2131,αναγελαω,-50.0,-0.9793
2131,αναγελαω,15.0,-0.8588
2131,αναγελαω,182.0,-0.8641333333333333
2131,αναγελαω,200.0,-0.9895
2131,αναγελαω,425.0,-0.8747
2131,αναγελαω,950.0,-0.9928
