id,word,year,mean_weighted_sentiment
3517,ανωνυμος,-353.0,-0.9254999999999999
3517,ανωνυμος,-155.0,-0.9892
3517,ανωνυμος,-149.0,0.9962
3517,ανωνυμος,-50.0,-0.34783333333333327
3517,ανωνυμος,950.0,-0.9896
