id,word,year,mean_weighted_sentiment
3533,αξια,-266.0,-0.9563
3533,αξια,-50.0,-0.9642133333333333
3533,αξια,-34.0,-0.9414
3533,αξια,15.0,-0.9057
3533,αξια,147.0,-0.9559
3533,αξια,150.0,-0.9534
3533,αξια,152.0,0.9907
3533,αξια,200.0,-0.46656666666666674
3533,αξια,350.0,-0.9383
3533,αξια,425.0,-0.9009
3533,αξια,448.0,-0.9595
3533,αξια,490.0,-0.89655
3533,αξια,950.0,-0.9829928571428569
