id,word,year,mean_weighted_sentiment
3563,αξιωμα,-387.0,-0.96825
3563,αξιωμα,-353.0,-0.984
3563,αξιωμα,-266.0,-0.9906
3563,αξιωμα,-50.0,-0.9247099999999999
3563,αξιωμα,15.0,-0.9776
3563,αξιωμα,200.0,0.19836666666666666
3563,αξιωμα,311.0,-0.9048
3563,αξιωμα,350.0,-0.9562
3563,αξιωμα,352.0,-0.9636000000000001
3563,αξιωμα,425.0,-0.9192666666666667
3563,αξιωμα,448.0,-0.9923
3563,αξιωμα,530.0,-0.8449
3563,αξιωμα,550.0,-0.66325
3563,αξιωμα,950.0,-0.9830818181818182
