id,word,year,mean_weighted_sentiment
3587,αορατος,15.0,-0.91066
3587,αορατος,359.0,-0.9267
3587,αορατος,425.0,-0.925325
3587,αορατος,950.0,-0.39496666666666663
