id,word,year,mean_weighted_sentiment
3896,απιον,-50.0,-0.9480500000000001
3896,απιον,-34.0,-0.9527
3896,απιον,152.0,-0.8678
3896,απιον,269.0,-0.9794
3896,απιον,350.0,-0.9016
3896,απιον,425.0,-0.9189
3896,απιον,490.0,-0.8839
3896,απιον,950.0,-0.9775428571428572
