id,word,year,mean_weighted_sentiment
4532,αποφασις,-479.0,-0.9482
4532,αποφασις,-387.0,-0.9935
4532,αποφασις,-353.0,-0.9496
4532,αποφασις,-50.0,-0.9619166666666668
4532,αποφασις,200.0,-0.9569666666666666
4532,αποφασις,352.0,-0.9686666666666667
4532,αποφασις,425.0,-0.9293
4532,αποφασις,550.0,-0.9456714285714284
