id,word,year,mean_weighted_sentiment
3654,απαλος,-500.0,-0.9865
3654,απαλος,-415.0,-0.9752
3654,απαλος,-50.0,-0.9594999999999998
3654,απαλος,200.0,-0.8204
3654,απαλος,950.0,-0.9738833333333333
