id,word,year,mean_weighted_sentiment
4366,απορρηγνυμι,-353.0,-0.9209222222222222
4366,απορρηγνυμι,-149.0,-0.9922
4366,απορρηγνυμι,-50.0,-0.9493199999999999
4366,απορρηγνυμι,15.0,-0.8729
4366,απορρηγνυμι,147.0,-0.9176
4366,απορρηγνυμι,150.0,-0.9533499999999999
4366,απορρηγνυμι,152.0,-0.9796
4366,απορρηγνυμι,200.0,-0.967275
4366,απορρηγνυμι,350.0,-0.93905
4366,απορρηγνυμι,550.0,-0.8019
4366,απορρηγνυμι,950.0,-0.9747999999999999
4366,απορρηγνυμι,1127.0,-0.9603
