id,word,year,mean_weighted_sentiment
4508,αποτος,-550.0,-0.9538
4508,αποτος,-266.0,-0.9456
4508,αποτος,-249.0,-0.943
4508,αποτος,-155.0,-0.8862
4508,αποτος,-50.0,-0.9470166666666667
4508,αποτος,150.0,-0.9338666666666667
4508,αποτος,200.0,-0.9193666666666666
4508,αποτος,448.0,-0.8914
