id,word,year,mean_weighted_sentiment
4057,αποθνησκω,-266.0,-0.9806
4057,αποθνησκω,-50.0,-0.9465833333333332
4057,αποθνησκω,150.0,-0.9278
4057,αποθνησκω,152.0,-0.94495
4057,αποθνησκω,200.0,-0.9898
4057,αποθνησκω,448.0,-0.9446
4057,αποθνησκω,950.0,-0.9692666666666666
