id,word,year,mean_weighted_sentiment
4218,απολυω,-266.0,-0.9669
4218,απολυω,-50.0,-0.94885
4218,απολυω,147.0,-0.9264
4218,απολυω,200.0,-0.9855
4218,απολυω,425.0,-0.91135
4218,απολυω,447.0,-0.904
4218,απολυω,950.0,-0.97915
