id,word,year,mean_weighted_sentiment
4355,απορος,-353.0,-0.98795
4355,απορος,-266.0,-0.9609
4355,απορος,-155.0,-0.9712
4355,απορος,-50.0,-0.95055
4355,απορος,15.0,-0.9604
4355,απορος,150.0,-0.458575
4355,απορος,237.0,-0.9425
4355,απορος,350.0,-0.9888
4355,απορος,530.0,-0.9816
4355,απορος,550.0,-0.9929
4355,απορος,950.0,-0.9592499999999999
