id,word,year,mean_weighted_sentiment
3983,αποδεικνυμι,-550.0,-0.9723
3983,αποδεικνυμι,-353.0,-0.6628
3983,αποδεικνυμι,-50.0,-0.9846
3983,αποδεικνυμι,90.0,-0.9383
3983,αποδεικνυμι,147.0,-0.8668
3983,αποδεικνυμι,150.0,-0.9202
3983,αποδεικνυμι,320.0,-0.9253666666666667
3983,αποδεικνυμι,352.0,-0.9682999999999999
3983,αποδεικνυμι,448.0,-0.9552499999999999
3983,αποδεικνυμι,530.0,-0.9665
3983,αποδεικνυμι,550.0,-0.8859
3983,αποδεικνυμι,950.0,-0.9698500000000001
