id,word,year,mean_weighted_sentiment
3621,απαιδευτος,-266.0,-0.9272333333333335
3621,απαιδευτος,-50.0,-0.9661500000000001
3621,απαιδευτος,200.0,-0.9668
3621,απαιδευτος,269.0,-0.9558
3621,απαιδευτος,335.0,-0.983
3621,απαιδευτος,425.0,-0.9558
3621,απαιδευτος,550.0,-0.8737
3621,απαιδευτος,950.0,-0.97105
