id,word,year,mean_weighted_sentiment
4041,αποθεν,-479.0,-0.8839
4041,αποθεν,-353.0,-0.9370499999999999
4041,αποθεν,-266.0,-0.9689000000000001
4041,αποθεν,-50.0,-0.9405307692307693
4041,αποθεν,49.0,-0.8825
4041,αποθεν,150.0,-0.9409500000000001
4041,αποθεν,200.0,-0.96465
4041,αποθεν,237.0,-0.9632333333333333
4041,αποθεν,350.0,-0.9401499999999999
4041,αποθεν,352.0,-0.96285
4041,αποθεν,448.0,-0.9188
4041,αποθεν,530.0,-0.9628
4041,αποθεν,550.0,-0.95835
4041,αποθεν,950.0,-0.9839833333333333
