id,word,year,mean_weighted_sentiment
4453,αποστολος,49.0,-0.9382
4453,αποστολος,150.0,-0.9276
4453,αποστολος,182.0,-0.9432333333333333
4453,αποστολος,311.0,-0.9769
4453,αποστολος,425.0,-0.9348333333333333
