id,word,year,mean_weighted_sentiment
4200,απολλυμι,-266.0,-0.9743499999999999
4200,απολλυμι,-50.0,-0.9625222222222223
4200,απολλυμι,80.0,-0.9382
4200,απολλυμι,150.0,-0.9346
4200,απολλυμι,200.0,-0.9855
4200,απολλυμι,447.0,-0.904
4200,απολλυμι,490.0,-0.9272
4200,απολλυμι,950.0,-0.9615
