id,word,year,mean_weighted_sentiment
4597,απραξια,-50.0,-0.96265
4597,απραξια,147.0,-0.99
4597,απραξια,150.0,-0.9327000000000001
4597,απραξια,950.0,-0.9937
