id,word,year,mean_weighted_sentiment
4539,αποφημι,-479.0,-0.9482
4539,αποφημι,-353.0,-0.9212
4539,αποφημι,-50.0,-0.9617666666666667
4539,αποφημι,200.0,-0.9569666666666666
4539,αποφημι,352.0,-0.9874
4539,αποφημι,425.0,-0.9293
4539,αποφημι,550.0,-0.9453875
4539,αποφημι,950.0,-0.9297
