id,word,year,mean_weighted_sentiment
4069,αποικια,-490.0,-0.9922
4069,αποικια,-266.0,-0.9333
4069,αποικια,-149.0,-0.9859176470588236
4069,αποικια,150.0,-0.97015
4069,αποικια,350.0,-0.94405
