id,word,year,mean_weighted_sentiment
4353,απορια,-479.0,-0.8715
4353,απορια,-353.0,-0.939411111111111
4353,απορια,-50.0,-0.9530166666666666
4353,απορια,150.0,-0.956
4353,απορια,200.0,-0.9459500000000001
4353,απορια,237.0,-0.95535
4353,απορια,269.0,-0.9723999999999999
4353,απορια,299.0,-0.861
4353,απορια,350.0,-0.8904
4353,απορια,530.0,-0.8082666666666668
4353,απορια,550.0,-0.9233541666666666
4353,απορια,950.0,-0.97272
