id,word,year,mean_weighted_sentiment
3795,απειρος,-353.0,-0.8379055555555556
3795,απειρος,-50.0,-0.9672333333333333
3795,απειρος,15.0,-0.8677
3795,απειρος,150.0,-0.975
3795,απειρος,200.0,-0.9694
3795,απειρος,237.0,-0.4310333333333333
3795,απειρος,269.0,-0.9819
3795,απειρος,350.0,-0.9609
3795,απειρος,352.0,-0.9795400000000001
3795,απειρος,490.0,-0.8307
3795,απειρος,530.0,-0.9560899999999999
3795,απειρος,550.0,-0.9593181818181816
3795,απειρος,950.0,-0.9824625
