id,word,year,mean_weighted_sentiment
4425,αποσταζω,-353.0,-0.9639
4425,αποσταζω,-50.0,-0.90425
4425,αποσταζω,90.0,-0.8701
4425,αποσταζω,150.0,-0.9894999999999999
4425,αποσταζω,200.0,-0.9441
