id,word,year,mean_weighted_sentiment
3737,απαταω,-500.0,-0.988
3737,απαταω,-450.0,0.8989
3737,απαταω,-353.0,-0.9684200000000001
3737,απαταω,-50.0,-0.9433777777777779
3737,απαταω,150.0,-0.9368
3737,απαταω,200.0,-0.97585
3737,απαταω,219.0,-0.8609
3737,απαταω,269.0,-0.9659
3737,απαταω,352.0,-0.9594
3737,απαταω,425.0,-0.8803
3737,απαταω,490.0,-0.9201
3737,απαταω,950.0,-0.9796333333333332
