id,word,year,mean_weighted_sentiment
3777,απειμι,-450.0,-0.9899
3777,απειμι,-50.0,-0.9446733333333331
3777,απειμι,-34.0,-0.9527
3777,απειμι,127.0,-0.9156
3777,απειμι,150.0,-0.9756
3777,απειμι,152.0,-0.91505
3777,απειμι,200.0,-0.9531000000000001
3777,απειμι,237.0,-0.898
3777,απειμι,269.0,-0.9794
3777,απειμι,350.0,-0.9188999999999999
3777,απειμι,425.0,-0.9189
3777,απειμι,490.0,-0.8839
3777,απειμι,950.0,-0.9811666666666666
