id,word,year,mean_weighted_sentiment
4368,απορρητος,-50.0,-0.96665
4368,απορρητος,15.0,-0.9786
4368,απορρητος,150.0,-0.8922666666666667
4368,απορρητος,269.0,-0.9786
4368,απορρητος,425.0,-0.9043
4368,απορρητος,448.0,-0.9694
4368,απορρητος,490.0,-0.8786
4368,απορρητος,950.0,-0.9817250000000001
