id,word,year,mean_weighted_sentiment
4011,αποδιδωμι,-479.0,-0.9057999999999999
4011,αποδιδωμι,-266.0,-0.973875
4011,αποδιδωμι,-50.0,-0.95152
4011,αποδιδωμι,15.0,-0.9131
4011,αποδιδωμι,200.0,-0.942377272727273
4011,αποδιδωμι,311.0,-0.8632
4011,αποδιδωμι,530.0,-0.9319
4011,αποδιδωμι,950.0,-0.9816
