id,word,year,mean_weighted_sentiment
4206,απολογια,-50.0,-0.9529000000000001
4206,απολογια,150.0,-0.9494666666666666
4206,απολογια,350.0,-0.9659
4206,απολογια,425.0,-0.9237333333333333
