id,word,year,mean_weighted_sentiment
4646,απτος,-50.0,-0.9641000000000001
4646,απτος,200.0,-0.9672999999999999
4646,απτος,530.0,-0.9323
