id,word,year,mean_weighted_sentiment
4349,απορεω,-353.0,-0.9844666666666667
4349,απορεω,-266.0,-0.9609
4349,απορεω,-155.0,-0.9712
4349,απορεω,-50.0,-0.9483
4349,απορεω,15.0,-0.9604
4349,απορεω,150.0,-0.45587500000000003
4349,απορεω,237.0,-0.9707666666666667
4349,απορεω,350.0,-0.9888
4349,απορεω,530.0,-0.9859666666666667
4349,απορεω,550.0,-0.9504999999999999
4349,απορεω,950.0,-0.9651000000000001
