id,word,year,mean_weighted_sentiment
3853,απερχομαι,-266.0,-0.9378499999999999
3853,απερχομαι,-50.0,-0.9902599999999999
3853,απερχομαι,200.0,-0.3792
3853,απερχομαι,350.0,-0.8899
3853,απερχομαι,352.0,-0.9465
3853,απερχομαι,359.0,-0.9642
3853,απερχομαι,425.0,-0.9653
3853,απερχομαι,950.0,-0.9875
3853,απερχομαι,1118.0,-0.9766
