id,word,year,mean_weighted_sentiment
3742,απατη,-353.0,-0.9684200000000001
3742,απατη,-50.0,-0.9452538461538461
3742,απατη,150.0,-0.9368
3742,απατη,200.0,-0.9597
3742,απατη,269.0,-0.9659
3742,απατη,352.0,-0.9594
3742,απατη,425.0,-0.8803
3742,απατη,490.0,-0.9201
3742,απατη,950.0,-0.9796333333333332
