id,word,year,mean_weighted_sentiment
4318,αποπλεω,-50.0,-0.9649333333333333
4318,αποπλεω,950.0,-0.9782500000000001
