id,word,year,mean_weighted_sentiment
4962,αρταω,-479.0,-0.9598666666666666
4962,αρταω,-266.0,-0.95265
4962,αρταω,-50.0,-0.96775
4962,αρταω,90.0,-0.95875
4962,αρταω,150.0,-0.9580500000000001
4962,αρταω,172.0,-0.9859666666666667
4962,αρταω,200.0,-0.9311499999999999
4962,αρταω,205.0,-0.962
4962,αρταω,490.0,-0.8946
4962,αρταω,550.0,-0.9223
4962,αρταω,950.0,-0.9721666666666667
