id,word,year,mean_weighted_sentiment
4783,αρης,-500.0,-0.9901375
4783,αρης,-450.0,-0.9763
4783,αρης,-353.0,-0.96675
4783,αρης,-266.0,-0.35693333333333327
4783,αρης,-149.0,-0.9937
4783,αρης,-50.0,-0.872472268907563
4783,αρης,127.0,-0.9561666666666667
4783,αρης,147.0,-0.9372403669724771
4783,αρης,150.0,-0.6403333333333333
4783,αρης,200.0,-0.9902
4783,αρης,269.0,-0.9888
4783,αρης,448.0,-0.8639
4783,αρης,950.0,-0.97812
4783,αρης,1118.0,-0.98915
