id,word,year,mean_weighted_sentiment
4683,αρατος,-155.0,-0.9024214285714286
4683,αρατος,-50.0,-0.9846124999999999
4683,αρατος,150.0,0.004249999999999976
4683,αρατος,950.0,-0.9732000000000001
