id,word,year,mean_weighted_sentiment
4869,αρμοζω,-50.0,-0.9607000000000002
4869,αρμοζω,15.0,-0.9592499999999999
4869,αρμοζω,147.0,-0.8911
4869,αρμοζω,150.0,-0.9639666666666665
4869,αρμοζω,205.0,-0.9832
4869,αρμοζω,425.0,-0.9046000000000001
4869,αρμοζω,950.0,-0.98668
