id,word,year,mean_weighted_sentiment
4817,αριστευς,-550.0,-0.9837
4817,αριστευς,-50.0,-0.9532441176470589
4817,αριστευς,15.0,-0.8598
4817,αριστευς,150.0,-0.9251399999999999
4817,αριστευς,172.0,0.9944
4817,αριστευς,200.0,-0.9238
4817,αριστευς,350.0,0.02585000000000004
4817,αριστευς,425.0,-0.9787
4817,αριστευς,448.0,-0.948
