id,word,year,mean_weighted_sentiment
4935,αρρητος,-450.0,-0.99055
4935,αρρητος,-50.0,-0.93735
4935,αρρητος,15.0,-0.9239
4935,αρρητος,425.0,-0.9459
4935,αρρητος,448.0,-0.9139999999999999
4935,αρρητος,950.0,-0.9867
