id,word,year,mean_weighted_sentiment
5016,αρτος,-500.0,-0.9569
5016,αρτος,-353.0,-0.2995666666666667
5016,αρτος,-266.0,-0.89878125
5016,αρτος,-50.0,-0.944075
5016,αρτος,150.0,-0.9004666666666666
5016,αρτος,172.0,-0.9859666666666667
5016,αρτος,200.0,-0.961275
5016,αρτος,205.0,-0.962
5016,αρτος,350.0,-0.9486
5016,αρτος,490.0,-0.8464499999999999
5016,αρτος,950.0,-0.9740473684210526
