id,word,year,mean_weighted_sentiment
4887,αρνος,-266.0,-0.95755
4887,αρνος,-50.0,-0.968257894736842
4887,αρνος,150.0,-0.9638
4887,αρνος,152.0,-0.8566
4887,αρνος,200.0,-0.8071111111111111
4887,αρνος,249.0,-0.9817
4887,αρνος,269.0,-0.9848
4887,αρνος,950.0,-0.98295
