id,word,year,mean_weighted_sentiment
4996,αρτι,-450.0,-0.9800333333333332
4996,αρτι,-155.0,-0.9909
4996,αρτι,-50.0,-0.9502666666666667
4996,αρτι,150.0,-0.93815
4996,αρτι,200.0,-0.9880249999999999
4996,αρτι,237.0,0.9912
4996,αρτι,249.0,-0.94732
4996,αρτι,269.0,-0.9554
4996,αρτι,350.0,-0.9739
4996,αρτι,425.0,-0.9508
4996,αρτι,950.0,-0.9662111111111111
