id,word,year,mean_weighted_sentiment
4789,αρθρον,-415.0,-0.98265
4789,αρθρον,-50.0,-0.9609565217391306
4789,αρθρον,150.0,-0.9777
4789,αρθρον,172.0,-0.9631545454545454
4789,αρθρον,350.0,-0.9563
4789,αρθρον,950.0,-0.9780285714285714
