id,word,year,mean_weighted_sentiment
4853,αρμα,-353.0,-0.9791
4853,αρμα,-300.0,-0.8377
4853,αρμα,-266.0,-0.975025
4853,αρμα,-50.0,-0.9502050847457627
4853,αρμα,15.0,-0.9844
4853,αρμα,150.0,-0.9753399999999999
4853,αρμα,269.0,-0.98465
4853,αρμα,950.0,-0.9830583333333333
