id,word,year,mean_weighted_sentiment
4723,αργυρεος,-266.0,-0.9256500000000001
4723,αργυρεος,-50.0,-0.9756
4723,αργυρεος,15.0,-0.9685
4723,αργυρεος,127.0,-0.9498
4723,αργυρεος,150.0,-0.9177
4723,αργυρεος,200.0,-0.9915
4723,αργυρεος,269.0,-0.9731
4723,αργυρεος,425.0,-0.8679
4723,αργυρεος,950.0,-0.96907
