id,word,year,mean_weighted_sentiment
4756,αρδην,-490.0,-0.9934
4756,αρδην,-450.0,-0.9905
4756,αρδην,-50.0,-0.9472499999999999
4756,αρδην,448.0,-0.95865
4756,αρδην,950.0,-0.9844
4756,αρδην,1118.0,-0.9171
