id,word,year,mean_weighted_sentiment
4966,αρτεμις,-550.0,-0.9675
4966,αρτεμις,-450.0,-0.9857
4966,αρτεμις,-353.0,-0.9929
4966,αρτεμις,-149.0,-0.9928
4966,αρτεμις,-50.0,-0.9491625
4966,αρτεμις,127.0,-0.9321200000000001
4966,αρτεμις,150.0,-0.5908800000000001
4966,αρτεμις,320.0,-0.9864
4966,αρτεμις,490.0,-0.8729
4966,αρτεμις,950.0,-0.9788857142857142
