id,word,year,mean_weighted_sentiment
4816,αριστερος,-415.0,-0.9826
4816,αριστερος,-353.0,-0.9378000000000001
4816,αριστερος,-266.0,-0.9626
4816,αριστερος,-155.0,-0.9136387096774192
4816,αριστερος,-50.0,-0.9453055555555555
4816,αριστερος,127.0,-0.9325
4816,αριστερος,150.0,-0.94845
4816,αριστερος,152.0,-0.9697
4816,αριστερος,172.0,-0.9928
4816,αριστερος,200.0,-0.9614499999999999
4816,αριστερος,237.0,-0.9509
4816,αριστερος,490.0,-0.916
4816,αριστερος,1150.0,-0.9093
