id,word,year,mean_weighted_sentiment
4700,αργης,-500.0,-0.9921
4700,αργης,-266.0,-0.98295
4700,αργης,-50.0,-0.99095
4700,αργης,200.0,-0.9659500000000001
4700,αργης,269.0,-0.9856
