id,word,year,mean_weighted_sentiment
4670,αραβος,-266.0,-0.9845
4670,αραβος,-50.0,-0.05830000000000002
4670,αραβος,172.0,-0.9877
4670,αραβος,200.0,-0.9935
4670,αραβος,950.0,-0.9883666666666667
