id,word,year,mean_weighted_sentiment
4841,αρκεω,-490.0,-0.992
4841,αρκεω,-450.0,-0.9895600000000002
4841,αρκεω,-50.0,-0.8260142857142857
4841,αρκεω,172.0,-0.2378
4841,αρκεω,200.0,-0.95145
4841,αρκεω,237.0,-0.9175
4841,αρκεω,350.0,-0.9111
4841,αρκεω,352.0,-0.9460500000000001
4841,αρκεω,490.0,-0.9272600000000001
4841,αρκεω,530.0,-0.8223
4841,αρκεω,950.0,-0.9837166666666666
4841,αρκεω,1118.0,-0.9478
