id,word,year,mean_weighted_sentiment
4778,αρηγω,-500.0,-0.9902
4778,αρηγω,-490.0,-0.994
4778,αρηγω,-450.0,-0.9903333333333334
4778,αρηγω,-50.0,-0.736742857142857
4778,αρηγω,950.0,-0.7681
4778,αρηγω,1118.0,-0.9864
