id,word,year,mean_weighted_sentiment
4743,αργυρος,-50.0,-0.97525
4743,αργυρος,15.0,-0.9685
4743,αργυρος,127.0,-0.9498
4743,αργυρος,147.0,-0.8814
4743,αργυρος,150.0,-0.9379375000000001
4743,αργυρος,425.0,-0.8679
4743,αργυρος,490.0,-0.8146
4743,αργυρος,950.0,-0.9782142857142856
