id,word,year,mean_weighted_sentiment
4970,αρτηρια,-415.0,-0.94665
4970,αρτηρια,-353.0,-0.9462499999999999
4970,αρτηρια,172.0,-0.9897
4970,αρτηρια,200.0,-0.9415
4970,αρτηρια,352.0,-0.03865000000000002
4970,αρτηρια,447.0,-0.9551499999999999
4970,αρτηρια,950.0,-0.9861
