id,word,year,mean_weighted_sentiment
4968,αρτεομαι,-266.0,-0.9484199999999999
4968,αρτεομαι,-50.0,-0.9871
4968,αρτεομαι,172.0,-0.9859666666666667
4968,αρτεομαι,205.0,-0.962
4968,αρτεομαι,950.0,-0.9672285714285714
