id,word,year,mean_weighted_sentiment
4759,αρδω,-490.0,-0.9934
4759,αρδω,-450.0,-0.9905
4759,αρδω,-415.0,-0.9845
4759,αρδω,-50.0,-0.94726
4759,αρδω,15.0,0.9841
4759,αρδω,448.0,-0.95865
4759,αρδω,950.0,-0.98695
4759,αρδω,1118.0,-0.9171
