id,word,year,mean_weighted_sentiment
4766,αρειων,-500.0,-0.9915333333333334
4766,αρειων,-353.0,-0.981
4766,αρειων,-50.0,-0.8743714285714285
4766,αρειων,425.0,-0.95765
4766,αρειων,950.0,-0.98165
