id,word,year,mean_weighted_sentiment
4912,αρπαζω,-266.0,-0.9793
4912,αρπαζω,-155.0,-0.90875
4912,αρπαζω,-50.0,-0.9596999999999999
4912,αρπαζω,15.0,-0.95665
4912,αρπαζω,150.0,-0.9582
4912,αρπαζω,200.0,-0.41809999999999997
4912,αρπαζω,350.0,-0.9726
4912,αρπαζω,490.0,-0.925
4912,αρπαζω,950.0,-0.9786874999999999
