id,word,year,mean_weighted_sentiment
4728,αργυριον,-353.0,-0.94536
4728,αργυριον,-266.0,-0.9495552631578944
4728,αργυριον,-50.0,-0.9431
4728,αργυριον,150.0,-0.7050384615384616
4728,αργυριον,350.0,-0.9657
4728,αργυριον,352.0,-0.9927
4728,αργυριον,490.0,-0.90905
4728,αργυριον,550.0,-0.9268
4728,αργυριον,950.0,-0.9786052631578949
