id,word,year,mean_weighted_sentiment
4992,αρτιος,-479.0,-0.9598666666666666
4992,αρτιος,-450.0,-0.9908
4992,αρτιος,-50.0,-0.9854
4992,αρτιος,-34.0,-0.9326
4992,αρτιος,90.0,-0.9604333333333334
4992,αρτιος,150.0,-0.9396
4992,αρτιος,172.0,-0.9893
4992,αρτιος,352.0,-0.9909
4992,αρτιος,550.0,-0.9223
4992,αρτιος,950.0,-0.9693
