id,word,year,mean_weighted_sentiment
4899,αροτρον,-266.0,-0.9324
4899,αροτρον,-50.0,-0.9758749999999999
4899,αροτρον,127.0,-0.8517
4899,αροτρον,150.0,-0.9377
4899,αροτρον,950.0,-0.9890714285714287
