id,word,year,mean_weighted_sentiment
5120,ασθενεια,-353.0,-0.9102
5120,ασθενεια,-266.0,-0.9932
5120,ασθενεια,-50.0,-0.9461333333333334
5120,ασθενεια,15.0,-0.87595
5120,ασθενεια,147.0,-0.9489
5120,ασθενεια,150.0,-0.9374800000000001
5120,ασθενεια,335.0,-0.9812
5120,ασθενεια,350.0,-0.9097
5120,ασθενεια,359.0,-0.8979
5120,ασθενεια,425.0,-0.8969666666666667
