id,word,year,mean_weighted_sentiment
5129,ασιας,-490.0,-0.9935
5129,ασιας,-266.0,-0.9574
5129,ασιας,-149.0,-0.3740833333333333
5129,ασιας,-50.0,-0.9405333333333333
5129,ασιας,127.0,-0.9581727272727272
5129,ασιας,150.0,-0.9570500000000001
