id,word,year,mean_weighted_sentiment
5257,αστραπτω,-353.0,-0.9886999999999999
5257,αστραπτω,-266.0,-0.98245
5257,αστραπτω,-50.0,-0.9715125
5257,αστραπτω,150.0,-0.9623999999999999
5257,αστραπτω,425.0,-0.8766
