id,word,year,mean_weighted_sentiment
5109,ασεβης,-266.0,-0.9769333333333333
5109,ασεβης,-50.0,-0.9883
5109,ασεβης,49.0,-0.8965
5109,ασεβης,200.0,-0.9514999999999999
5109,ασεβης,219.0,-0.9246
5109,ασεβης,299.0,-0.9277
5109,ασεβης,425.0,-0.9396249999999999
