id,word,year,mean_weighted_sentiment
5220,αστειος,-353.0,-0.955225
5220,αστειος,-50.0,-0.9869
5220,αστειος,15.0,-0.9707
5220,αστειος,90.0,-0.9831
5220,αστειος,237.0,-0.92205
5220,αστειος,350.0,-0.9149
