id,word,year,mean_weighted_sentiment
5106,ασεβεια,-353.0,-0.9946
5106,ασεβεια,-266.0,-0.9371
5106,ασεβεια,-50.0,-0.93845
5106,ασεβεια,150.0,-0.9535
5106,ασεβεια,350.0,-0.95755
5106,ασεβεια,425.0,-0.9301529411764705
5106,ασεβεια,448.0,-0.9629
5106,ασεβεια,490.0,-0.9191
