id,word,year,mean_weighted_sentiment
5135,ασις,-490.0,-0.9935
5135,ασις,-266.0,-0.9574
5135,ασις,-149.0,-0.98665
5135,ασις,-50.0,-0.9571733333333332
5135,ασις,127.0,-0.9650399999999999
5135,ασις,150.0,-0.9539666666666666
