id,word,year,mean_weighted_sentiment
5168,ασμα,-478.0,-0.987
5168,ασμα,-266.0,-0.9612833333333333
5168,ασμα,-50.0,-0.9722500000000001
5168,ασμα,150.0,-0.5809
5168,ασμα,182.0,-0.9768
5168,ασμα,311.0,-0.9301
5168,ασμα,350.0,-0.95865
5168,ασμα,425.0,-0.9311
