id,word,year,mean_weighted_sentiment
5246,αστος,-353.0,-0.95805
5246,αστος,-155.0,-0.9844
5246,αστος,-149.0,-0.9934
5246,αστος,-50.0,-0.9478666666666666
5246,αστος,-34.0,-0.9569
5246,αστος,150.0,-0.8884
5246,αστος,219.0,-0.9887
5246,αστος,350.0,-0.9586
5246,αστος,448.0,-0.9776
