id,word,year,mean_weighted_sentiment
5254,αστραπη,-353.0,-0.9886999999999999
5254,αστραπη,-266.0,-0.98726
5254,αστραπη,-50.0,-0.97785
5254,αστραπη,150.0,-0.9616
