id,word,year,mean_weighted_sentiment
5149,ασκεω,-50.0,-0.96835
5149,ασκεω,15.0,-0.9238666666666666
5149,ασκεω,150.0,-0.9529
5149,ασκεω,200.0,-0.98675
5149,ασκεω,425.0,-0.9063
