id,word,year,mean_weighted_sentiment
5161,ασκληπιος,-50.0,-0.9744333333333334
5161,ασκληπιος,150.0,-0.6989285714285715
5161,ασκληπιος,550.0,-0.2415333333333333
