id,word,year,mean_weighted_sentiment
5123,ασθενοω,-266.0,-0.9621500000000001
5123,ασθενοω,-50.0,-0.9725999999999999
5123,ασθενοω,335.0,-0.989
5123,ασθενοω,350.0,-0.9888
