id,word,year,mean_weighted_sentiment
5118,ασημος,-50.0,-0.9710000000000001
5118,ασημος,150.0,-0.9592499999999999
