id,word,year,mean_weighted_sentiment
5268,αστρον,-490.0,-0.9914499999999999
5268,αστρον,-387.0,-0.9715
5268,αστρον,-353.0,-0.8997
5268,αστρον,-266.0,-0.97635
5268,αστρον,-155.0,-0.9475727272727272
5268,αστρον,-149.0,-0.9897
5268,αστρον,-50.0,-0.9600428571428571
5268,αστρον,147.0,0.9818
5268,αστρον,150.0,-0.9021166666666667
5268,αστρον,200.0,-0.9465428571428571
5268,αστρον,237.0,-0.9890000000000001
5268,αστρον,299.0,-0.9914
5268,αστρον,448.0,-0.9221
