id,word,year,mean_weighted_sentiment
5122,ασθενης,-415.0,-0.9784
5122,ασθενης,-353.0,0.9431
5122,ασθενης,-266.0,-0.9837
5122,ασθενης,-50.0,-0.9665882352941177
5122,ασθενης,15.0,-0.8693
5122,ασθενης,147.0,-0.9115
5122,ασθενης,150.0,-0.9398666666666666
5122,ασθενης,172.0,0.5066
5122,ασθενης,200.0,-0.6538285714285713
5122,ασθενης,311.0,-0.9764
5122,ασθενης,335.0,-0.2374
5122,ασθενης,350.0,-0.9318
5122,ασθενης,359.0,-0.9922
5122,ασθενης,550.0,-0.8956
