id,word,year,mean_weighted_sentiment
5121,ασθενεω,-415.0,-0.9784
5121,ασθενεω,-353.0,0.9431
5121,ασθενεω,-266.0,-0.9783199999999999
5121,ασθενεω,-50.0,-0.9681199999999999
5121,ασθενεω,147.0,-0.9115
5121,ασθενεω,150.0,-0.9415666666666667
5121,ασθενεω,172.0,0.5066
5121,ασθενεω,200.0,-0.8625
5121,ασθενεω,311.0,-0.9764
5121,ασθενεω,335.0,-0.2374
5121,ασθενεω,350.0,-0.9434333333333332
5121,ασθενεω,550.0,-0.8956
