id,word,year,mean_weighted_sentiment
5462,ατρεμης,-50.0,-0.9709749999999999
5462,ατρεμης,150.0,-0.93605
5462,ατρεμης,237.0,-0.8862
