id,word,year,mean_weighted_sentiment
5482,αττα,-50.0,-0.9833
5482,αττα,150.0,-0.96065
5482,αττα,237.0,-0.871
5482,αττα,530.0,-0.9868
5482,αττα,550.0,-0.97715
5482,αττα,950.0,-0.9821
