id,word,year,mean_weighted_sentiment
5418,ατιμαω,-50.0,-0.9669
5418,ατιμαω,150.0,-0.96505
5418,ατιμαω,950.0,-0.9570000000000001
