id,word,year,mean_weighted_sentiment
5451,ατοπος,-353.0,-0.9262555555555555
5451,ατοπος,-50.0,-0.9312296296296295
5451,ατοπος,15.0,-0.8776
5451,ατοπος,150.0,-0.8739333333333335
5451,ατοπος,172.0,-0.9926
5451,ατοπος,200.0,-0.9424
5451,ατοπος,237.0,-0.9942
5451,ατοπος,269.0,-0.9777
5451,ατοπος,299.0,-0.9306
5451,ατοπος,350.0,-0.9473666666666668
5451,ατοπος,425.0,-0.9496
5451,ατοπος,530.0,-0.9356
5451,ατοπος,550.0,-0.945875
5451,ατοπος,950.0,-0.93875
5451,ατοπος,1127.0,-0.9444
