id,word,year,mean_weighted_sentiment
5356,αταλλω,-450.0,-0.9893
5356,αταλλω,-50.0,-0.9801400000000001
5356,αταλλω,950.0,-0.9042749999999999
