id,word,year,mean_weighted_sentiment
5422,ατιμος,-490.0,-0.9884
5422,ατιμος,-50.0,-0.9577
5422,ατιμος,150.0,-0.94955
5422,ατιμος,950.0,-0.9627399999999999
