id,word,year,mean_weighted_sentiment
5453,ατρακτος,-50.0,-0.9823
5453,ατρακτος,150.0,-0.9679
5453,ατρακτος,152.0,-0.9083
5453,ατρακτος,237.0,-0.8717499999999999
5453,ατρακτος,448.0,-0.9483142857142858
5453,ατρακτος,950.0,-0.9764666666666667
