id,word,year,mean_weighted_sentiment
5552,αυξανω,-550.0,-0.9699
5552,αυξανω,-479.0,-0.9774
5552,αυξανω,-415.0,-0.9191
5552,αυξανω,-353.0,-0.9258
5552,αυξανω,-300.0,-0.9756
5552,αυξανω,-266.0,-0.9691
5552,αυξανω,-50.0,-0.945915
5552,αυξανω,150.0,-0.4691
5552,αυξανω,172.0,-0.9925999999999999
5552,αυξανω,200.0,-0.9398500000000001
5552,αυξανω,269.0,-0.9811
5552,αυξανω,350.0,-0.943
5552,αυξανω,490.0,-0.8591
5552,αυξανω,530.0,-0.7285400000000001
5552,αυξανω,950.0,-0.97728
