id,word,year,mean_weighted_sentiment
5549,αυλος,-479.0,-0.9618
5549,αυλος,-450.0,0.9864
5549,αυλος,-266.0,-0.94655
5549,αυλος,-50.0,-0.96753
5549,αυλος,90.0,-0.90715
5549,αυλος,150.0,-0.9473000000000001
5549,αυλος,200.0,-0.7618111111111111
5549,αυλος,350.0,-0.9430499999999999
5549,αυλος,530.0,-0.9116333333333334
5549,αυλος,550.0,-0.9278333333333334
5549,αυλος,950.0,-0.9781000000000002
