id,word,year,mean_weighted_sentiment
5683,αυτουργος,-50.0,-0.9734333333333334
5683,αυτουργος,150.0,-0.96515
5683,αυτουργος,269.0,-0.9625
5683,αυτουργος,425.0,-0.854
5683,αυτουργος,950.0,-0.963
