id,word,year,mean_weighted_sentiment
5707,αυχην,-500.0,-0.9703999999999999
5707,αυχην,-353.0,-0.9452000000000002
5707,αυχην,-266.0,-0.9894
5707,αυχην,-155.0,-0.9200333333333334
5707,αυχην,-149.0,-0.9868
5707,αυχην,-50.0,-0.9662119999999998
5707,αυχην,15.0,-0.7753
5707,αυχην,150.0,-0.92915
5707,αυχην,172.0,-0.98
5707,αυχην,200.0,-0.9804999999999999
5707,αυχην,950.0,-0.9730749999999999
