id,word,year,mean_weighted_sentiment
5528,αυλαξ,-266.0,-0.98205
5528,αυλαξ,-50.0,-0.9680249999999999
5528,αυλαξ,150.0,-0.94425
5528,αυλαξ,299.0,-0.9277
5528,αυλαξ,950.0,-0.9889375
