id,word,year,mean_weighted_sentiment
5555,αυξησις,-550.0,-0.9699
5555,αυξησις,-479.0,-0.9056
5555,αυξησις,-415.0,-0.9874
5555,αυξησις,-353.0,-0.9291
5555,αυξησις,-50.0,-0.9545000000000001
5555,αυξησις,150.0,-0.20965
5555,αυξησις,530.0,-0.9507000000000001
5555,αυξησις,550.0,-0.8681
