id,word,year,mean_weighted_sentiment
5512,αυθαδεια,-490.0,-0.9564
5512,αυθαδεια,-353.0,-0.607
5512,αυθαδεια,-50.0,-0.91825
5512,αυθαδεια,350.0,-0.886
5512,αυθαδεια,950.0,-0.9822666666666667
