id,word,year,mean_weighted_sentiment
5701,αυτως,-450.0,-0.9908
5701,αυτως,-353.0,-0.9621666666666666
5701,αυτως,-50.0,-0.9008233333333333
5701,αυτως,172.0,-0.9925
5701,αυτως,550.0,-0.9342
