id,word,year,mean_weighted_sentiment
5576,αυτε,-450.0,-0.9377
5576,αυτε,-266.0,-0.9811
5576,αυτε,-50.0,-0.8372500000000002
5576,αυτε,90.0,-0.8918
5576,αυτε,172.0,-0.98195
5576,αυτε,269.0,-0.9827
5576,αυτε,335.0,-0.9939
5576,αυτε,448.0,-0.9806
5576,αυτε,950.0,-0.98045
