id,word,year,mean_weighted_sentiment
5553,αυξη,-50.0,-0.9511857142857144
5553,αυξη,269.0,-0.9811
5553,αυξη,350.0,-0.943
5553,αυξη,950.0,-0.9900666666666668
