id,word,year,mean_weighted_sentiment
5704,αυχεω,-500.0,-0.9786
5704,αυχεω,-490.0,0.9751
5704,αυχεω,-353.0,-0.95735
5704,αυχεω,-155.0,-0.92845
5704,αυχεω,-149.0,-0.9868
5704,αυχεω,-50.0,-0.62682
5704,αυχεω,172.0,-0.9817
5704,αυχεω,200.0,-0.9872
5704,αυχεω,350.0,-0.9224
5704,αυχεω,425.0,-0.9737
5704,αυχεω,950.0,-0.9884999999999998
5704,αυχεω,1118.0,-0.9302
