id,word,year,mean_weighted_sentiment
5543,αυλις,-149.0,-0.9923
5543,αυλις,-50.0,-0.9731900000000001
5543,αυλις,269.0,-0.993
5543,αυλις,950.0,-0.98765
