id,word,year,mean_weighted_sentiment
5563,αυριον,-266.0,-0.9601666666666667
5563,αυριον,-50.0,-0.9575625
5563,αυριον,152.0,-0.9731
5563,αυριον,200.0,0.011400000000000021
5563,αυριον,311.0,-0.932
5563,αυριον,350.0,-0.9178
5563,αυριον,425.0,-0.9122
