id,word,year,mean_weighted_sentiment
5559,αυος,-50.0,-0.8760052631578948
5559,αυος,152.0,-0.9253
5559,αυος,205.0,-0.9519
5559,αυος,950.0,-0.9851333333333333
