id,word,year,mean_weighted_sentiment
5622,αυτοκρατωρ,-353.0,-0.9734499999999999
5622,αυτοκρατωρ,-50.0,-0.9473499999999999
5622,αυτοκρατωρ,150.0,-0.95765
5622,αυτοκρατωρ,490.0,-0.86735
5622,αυτοκρατωρ,950.0,-0.9721500000000001
5622,αυτοκρατωρ,1118.0,-0.9389000000000001
