id,word,year,mean_weighted_sentiment
5573,αυταρκης,-353.0,-0.9535999999999999
5573,αυταρκης,-266.0,-0.9737666666666667
5573,αυταρκης,200.0,-0.9464333333333333
