id,word,year,mean_weighted_sentiment
5532,αυλη,-490.0,-0.9903
5532,αυλη,-450.0,0.9864
5532,αυλη,-266.0,-0.4899615384615385
5532,αυλη,-50.0,-0.9459333333333334
5532,αυλη,90.0,-0.9912
5532,αυλη,150.0,-0.9482833333333334
5532,αυλη,152.0,-0.9439
5532,αυλη,200.0,-0.3430625
5532,αυλη,269.0,-0.9909
5532,αυλη,490.0,-0.8805000000000001
5532,αυλη,550.0,-0.906
5532,αυλη,950.0,-0.9797555555555556
