id,word,year,mean_weighted_sentiment
5757,αφεσις,-353.0,-0.9765999999999999
5757,αφεσις,-266.0,-0.9476
5757,αφεσις,-50.0,-0.9508333333333333
5757,αφεσις,49.0,-0.8972333333333333
5757,αφεσις,147.0,-0.933342857142857
5757,αφεσις,425.0,-0.9596
