id,word,year,mean_weighted_sentiment
5716,αφαιρεσις,-50.0,-0.9428125
5716,αφαιρεσις,15.0,-0.9708
5716,αφαιρεσις,147.0,-0.9037
5716,αφαιρεσις,150.0,-0.9538500000000001
5716,αφαιρεσις,237.0,-0.8902
5716,αφαιρεσις,350.0,-0.9897
5716,αφαιρεσις,425.0,-0.8954
