id,word,year,mean_weighted_sentiment
5854,αφρος,-266.0,-0.6251818181818182
5854,αφρος,-50.0,-0.9715
5854,αφρος,-34.0,-0.9879
5854,αφρος,172.0,0.5058
5854,αφρος,299.0,-0.989
5854,αφρος,311.0,-0.9899
5854,αφρος,425.0,-0.9857
5854,αφρος,950.0,-0.9830857142857143
