id,word,year,mean_weighted_sentiment
5788,αφικνεομαι,-415.0,-0.9357
5788,αφικνεομαι,-149.0,-0.98465
5788,αφικνεομαι,-50.0,-0.9170666666666666
5788,αφικνεομαι,15.0,-0.9064
5788,αφικνεομαι,150.0,-0.9783
5788,αφικνεομαι,152.0,-0.8993666666666668
5788,αφικνεομαι,350.0,-0.9475
5788,αφικνεομαι,425.0,-0.9559200000000001
5788,αφικνεομαι,490.0,-0.9007499999999999
5788,αφικνεομαι,950.0,-0.99015
