id,word,year,mean_weighted_sentiment
5771,αφημαι,-353.0,-0.9033
5771,αφημαι,-50.0,-0.9221600000000001
5771,αφημαι,150.0,-0.9075
5771,αφημαι,172.0,-0.986
5771,αφημαι,200.0,-0.970325
5771,αφημαι,530.0,-0.90016
5771,αφημαι,950.0,-0.9708333333333333
