id,word,year,mean_weighted_sentiment
5727,αφανης,-490.0,-0.9915
5727,αφανης,-387.0,-0.9918
5727,αφανης,-353.0,-0.96895
5727,αφανης,-266.0,-0.023499999999999965
5727,αφανης,-155.0,-0.9364
5727,αφανης,-50.0,-0.9459588235294117
5727,αφανης,127.0,-0.8721
5727,αφανης,150.0,-0.9040250000000001
5727,αφανης,152.0,-0.9378
5727,αφανης,425.0,-0.9086
5727,αφανης,950.0,-0.9725999999999999
