id,word,year,mean_weighted_sentiment
5823,αφοριζω,200.0,-0.9456
5823,αφοριζω,237.0,-0.9707666666666667
5823,αφοριζω,530.0,-0.98815
5823,αφοριζω,550.0,-0.9309
5823,αφοριζω,950.0,-0.9632000000000001
