id,word,year,mean_weighted_sentiment
5820,αφοραω,-353.0,-0.9844666666666667
5820,αφοραω,-266.0,-0.9609
5820,αφοραω,-155.0,-0.9712
5820,αφοραω,-50.0,-0.9333833333333333
5820,αφοραω,15.0,-0.9604
5820,αφοραω,150.0,-0.55024
5820,αφοραω,237.0,-0.9707666666666667
5820,αφοραω,350.0,-0.9888
5820,αφοραω,490.0,-0.8196
5820,αφοραω,530.0,-0.9859666666666667
5820,αφοραω,550.0,-0.9504999999999999
5820,αφοραω,950.0,-0.9715250000000001
