id,word,year,mean_weighted_sentiment
5758,αφεστηξω,-353.0,-0.9313
5758,αφεστηξω,-50.0,-0.934275
5758,αφεστηξω,15.0,-0.9055
5758,αφεστηξω,90.0,-0.8701
5758,αφεστηξω,150.0,-0.9869249999999999
5758,αφεστηξω,200.0,-0.9732666666666666
