id,word,year,mean_weighted_sentiment
5813,αφοβος,-490.0,-0.9929
5813,αφοβος,-450.0,-0.9938
5813,αφοβος,-353.0,-0.9203
5813,αφοβος,-50.0,-0.9895
5813,αφοβος,150.0,-0.96975
5813,αφοβος,200.0,-0.9883
5813,αφοβος,950.0,-0.9549666666666666
