id,word,year,mean_weighted_sentiment
5859,αφρων,-450.0,-0.9897
5859,αφρων,-266.0,-0.7500411764705882
5859,αφρων,-50.0,-0.9481555555555556
5859,αφρων,-34.0,-0.9879
5859,αφρων,200.0,-0.96132
5859,αφρων,299.0,-0.9512499999999999
5859,αφρων,311.0,-0.9899
5859,αφρων,447.0,-0.9675
5859,αφρων,950.0,-0.9915499999999999
