id,word,year,mean_weighted_sentiment
5840,αφρεω,-266.0,-0.6251818181818182
5840,αφρεω,-50.0,-0.9691833333333332
5840,αφρεω,172.0,0.5058
5840,αφρεω,299.0,-0.989
5840,αφρεω,950.0,-0.9830857142857143
