id,word,year,mean_weighted_sentiment
5798,αφιξις,-50.0,-0.94044
5798,αφιξις,152.0,-0.8462
5798,αφιξις,448.0,-0.93335
5798,αφιξις,490.0,-0.9562
5798,αφιξις,950.0,-0.9782
