id,word,year,mean_weighted_sentiment
5825,αφορμαω,-450.0,-0.9899
5825,αφορμαω,-50.0,-0.9404
5825,αφορμαω,15.0,-0.93225
5825,αφορμαω,147.0,-0.8948
5825,αφορμαω,150.0,-0.9542
5825,αφορμαω,200.0,-0.944025
5825,αφορμαω,350.0,-0.8804
5825,αφορμαω,352.0,-0.9801
5825,αφορμαω,425.0,0.9304
