id,word,year,mean_weighted_sentiment
5855,αφροσυνη,-266.0,-0.9685
5855,αφροσυνη,-50.0,-0.9302999999999999
5855,αφροσυνη,150.0,-0.9266
5855,αφροσυνη,200.0,-0.9747333333333333
