id,word,year,mean_weighted_sentiment
5781,αφθονος,-50.0,-0.954
5781,αφθονος,15.0,-0.7926
5781,αφθονος,147.0,-0.9638
5781,αφθονος,150.0,-0.90645
5781,αφθονος,200.0,-0.9619
5781,αφθονος,311.0,-0.7915
5781,αφθονος,350.0,-0.9259
5781,αφθονος,950.0,0.03025
