id,word,year,mean_weighted_sentiment
5944,αχρι,-415.0,-0.9664
5944,αχρι,-266.0,-0.9501
5944,αχρι,-149.0,-0.98265
5944,αχρι,-50.0,-0.7955416666666667
5944,αχρι,15.0,-0.94126
5944,αχρι,127.0,-0.9213
5944,αχρι,150.0,-0.8301
5944,αχρι,200.0,-0.9773333333333333
5944,αχρι,425.0,-0.9868
5944,αχρι,490.0,-0.87408
5944,αχρι,950.0,-0.9879
5944,αχρι,1118.0,-0.9478
