id,word,year,mean_weighted_sentiment
5922,αχιλλευς,-450.0,-0.9898333333333333
5922,αχιλλευς,-149.0,-0.9818
5922,αχιλλευς,-50.0,-0.9438620865139951
5922,αχιλλευς,127.0,-0.94465
5922,αχιλλευς,147.0,-0.9565
5922,αχιλλευς,150.0,-0.8203500000000001
5922,αχιλλευς,269.0,-0.9754666666666666
5922,αχιλλευς,299.0,-0.9492
5922,αχιλλευς,350.0,-0.93425
5922,αχιλλευς,352.0,-0.9875
5922,αχιλλευς,448.0,-0.9883
5922,αχιλλευς,1127.0,-0.9662
