id,word,year,mean_weighted_sentiment
5928,αχλυς,-50.0,-0.96174
5928,αχλυς,150.0,-0.9343
5928,αχλυς,269.0,0.0019500000000000073
5928,αχλυς,425.0,-0.9165
