id,word,year,mean_weighted_sentiment
5905,αχελωος,-149.0,-0.992
5905,αχελωος,-50.0,-0.9453699999999999
5905,αχελωος,127.0,-0.9397500000000001
5905,αχελωος,350.0,-0.9803
5905,αχελωος,490.0,-0.905
