id,word,year,mean_weighted_sentiment
5881,αχαιος,-450.0,-0.9916857142857143
5881,αχαιος,-149.0,-0.9902666666666667
5881,αχαιος,-50.0,-0.9642844720496894
5881,αχαιος,150.0,-0.97775
5881,αχαιος,200.0,-0.97675
5881,αχαιος,269.0,-0.9828545454545453
5881,αχαιος,350.0,-0.9132
5881,αχαιος,425.0,-0.966
5881,αχαιος,950.0,-0.979075
