id,word,year,mean_weighted_sentiment
5909,αχερων,-50.0,-0.9721500000000001
5909,αχερων,448.0,-0.935
5909,αχερων,950.0,-0.9570666666666666
