id,word,year,mean_weighted_sentiment
5974,αψυχος,-353.0,-0.9848
5974,αψυχος,-50.0,-0.9051833333333333
5974,αψυχος,200.0,-0.98424
5974,αψυχος,425.0,-0.9556
5974,αψυχος,950.0,-0.9789199999999999
