id,word,year,mean_weighted_sentiment
6001,βαθος,-500.0,-0.9913
6001,βαθος,-300.0,-0.9898
6001,βαθος,-266.0,-0.9856750000000001
6001,βαθος,-50.0,-0.9695076923076923
6001,βαθος,15.0,-0.9611000000000001
6001,βαθος,90.0,-0.7436
6001,βαθος,150.0,-0.9329181818181819
6001,βαθος,172.0,-0.9877
6001,βαθος,200.0,-0.99055
6001,βαθος,269.0,-0.955
6001,βαθος,425.0,-0.8668
6001,βαθος,447.0,-0.8763
6001,βαθος,490.0,-0.8539
6001,βαθος,550.0,-0.9365
6001,βαθος,950.0,-0.9874333333333333
