id,word,year,mean_weighted_sentiment
6188,βασις,-450.0,-0.9907
6188,βασις,-353.0,-0.9678
6188,βασις,-300.0,-0.5606200000000001
6188,βασις,-266.0,-0.9159
6188,βασις,-249.0,-0.9156500000000001
6188,βασις,-50.0,-0.9612444444444446
6188,βασις,147.0,-0.8957999999999999
6188,βασις,150.0,-0.943825
6188,βασις,200.0,-0.930025
6188,βασις,249.0,-0.9531
6188,βασις,320.0,-0.8642363636363637
6188,βασις,530.0,-0.9666
