id,word,year,mean_weighted_sentiment
6112,βαρβαρικος,-50.0,-0.9644230769230767
6112,βαρβαρικος,150.0,-0.9394857142857143
6112,βαρβαρικος,490.0,-0.9521
6112,βαρβαρικος,950.0,-0.9845599999999999
6112,βαρβαρικος,1118.0,-0.9609
