id,word,year,mean_weighted_sentiment
6085,βαλανος,-353.0,-0.9559666666666667
6085,βαλανος,-266.0,0.74
6085,βαλανος,-50.0,-0.9022
6085,βαλανος,530.0,-0.9878
6085,βαλανος,950.0,-0.9648333333333333
