id,word,year,mean_weighted_sentiment
6050,βακτηρια,-353.0,-0.9674666666666667
6050,βακτηρια,-266.0,-0.5164
6050,βακτηρια,-50.0,-0.8818
6050,βακτηρια,150.0,-0.9747
6050,βακτηρια,200.0,-0.9479500000000001
6050,βακτηρια,219.0,-0.9564
6050,βακτηρια,950.0,-0.98675
