id,word,year,mean_weighted_sentiment
6185,βασιλικος,-353.0,-0.9917
6185,βασιλικος,-266.0,-0.954175
6185,βασιλικος,-149.0,0.002599999999999991
6185,βασιλικος,-50.0,-0.9695136363636362
6185,βασιλικος,15.0,-0.9273
6185,βασιλικος,147.0,-0.9294333333333333
6185,βασιλικος,150.0,-0.9726666666666667
6185,βασιλικος,172.0,-0.9802
6185,βασιλικος,299.0,-0.9278
6185,βασιλικος,425.0,-0.89715
6185,βασιλικος,448.0,-0.9513
6185,βασιλικος,490.0,-0.9057
