id,word,year,mean_weighted_sentiment
6121,βαρος,-500.0,-0.9904
6121,βαρος,-353.0,-0.96796
6121,βαρος,-266.0,-0.97695
6121,βαρος,-50.0,-0.8396785714285714
6121,βαρος,127.0,-0.981
6121,βαρος,150.0,-0.9889
6121,βαρος,172.0,-0.98445
6121,βαρος,200.0,-0.9635666666666668
6121,βαρος,950.0,-0.5981
