id,word,year,mean_weighted_sentiment
6110,βαραθρον,-266.0,-0.9932000000000001
6110,βαραθρον,-50.0,-0.979425
6110,βαραθρον,150.0,-0.9483999999999999
6110,βαραθρον,200.0,-0.99085
6110,βαραθρον,350.0,-0.9239
6110,βαραθρον,950.0,-0.9907250000000001
