id,word,year,mean_weighted_sentiment
6114,βαρβαροομαι,-450.0,-0.9906
6114,βαρβαροομαι,-353.0,-0.96365
6114,βαρβαροομαι,-266.0,-0.9927
6114,βαρβαροομαι,-149.0,-0.9924999999999998
6114,βαρβαροομαι,-50.0,-0.9579486486486486
6114,βαρβαροομαι,150.0,-0.9681538461538461
6114,βαρβαροομαι,152.0,-0.9034
6114,βαρβαροομαι,299.0,-0.8736
6114,βαρβαροομαι,425.0,-0.91975
6114,βαρβαροομαι,490.0,-0.9034526315789473
6114,βαρβαροομαι,950.0,-0.9771999999999998
