id,word,year,mean_weighted_sentiment
6233,βεβαιος,-353.0,0.6681
6233,βεβαιος,-50.0,-0.97012
6233,βεβαιος,15.0,-0.9673
6233,βεβαιος,147.0,-0.9643
6233,βεβαιος,150.0,-0.9260666666666667
6233,βεβαιος,200.0,-0.9360999999999999
6233,βεβαιος,350.0,-0.6806
6233,βεβαιος,425.0,-0.86435
6233,βεβαιος,950.0,-0.971525
