id,word,year,mean_weighted_sentiment
6251,βελτιστος,-387.0,-0.8557999999999999
6251,βελτιστος,-353.0,-0.9219333333333334
6251,βελτιστος,-50.0,-0.94205
6251,βελτιστος,150.0,-0.957
6251,βελτιστος,152.0,-0.9162
6251,βελτιστος,200.0,-0.9173
6251,βελτιστος,350.0,-0.461725
