id,word,year,mean_weighted_sentiment
6264,βημα,-353.0,0.9965
6264,βημα,-266.0,-0.9536333333333333
6264,βημα,-50.0,-0.96792
6264,βημα,150.0,-0.9746541666666667
6264,βημα,200.0,-0.9477
6264,βημα,350.0,-0.9874499999999999
6264,βημα,448.0,-0.9704
6264,βημα,950.0,-0.9824
