id,word,year,mean_weighted_sentiment
6289,βιβρωσκω,-353.0,-0.8937
6289,βιβρωσκω,-266.0,-0.95955
6289,βιβρωσκω,-50.0,-0.9400333333333335
6289,βιβρωσκω,150.0,-0.9616
6289,βιβρωσκω,200.0,-0.97515
6289,βιβρωσκω,950.0,-0.93145
