id,word,year,mean_weighted_sentiment
6288,βιβλος,-266.0,-0.8460333333333333
6288,βιβλος,-149.0,-0.9762
6288,βιβλος,147.0,-0.9500333333333333
6288,βιβλος,150.0,-0.862
6288,βιβλος,200.0,-0.9897
6288,βιβλος,425.0,-0.949
6288,βιβλος,448.0,-0.9885
6288,βιβλος,490.0,-0.9848
6288,βιβλος,950.0,-0.9579
