id,word,year,mean_weighted_sentiment
6314,βλαβερος,-50.0,-0.95865
6314,βλαβερος,150.0,-0.9874
6314,βλαβερος,350.0,-0.9512
6314,βλαβερος,950.0,-0.9895499999999999
