id,word,year,mean_weighted_sentiment
6331,βλασφημεω,-50.0,-0.9275000000000001
6331,βλασφημεω,425.0,-0.9429666666666666
