id,word,year,mean_weighted_sentiment
6344,βλεπω,-450.0,-0.9903
6344,βλεπω,-353.0,-0.9496
6344,βλεπω,-266.0,-0.9768
6344,βλεπω,-50.0,-0.9311285714285713
6344,βλεπω,15.0,-0.9711
6344,βλεπω,49.0,-0.84015
6344,βλεπω,150.0,-0.95615
6344,βλεπω,152.0,-0.8449
6344,βλεπω,182.0,-0.9783
6344,βλεπω,200.0,-0.5765800000000001
6344,βλεπω,311.0,-0.9288
6344,βλεπω,350.0,-0.93825
6344,βλεπω,425.0,-0.9243333333333333
6344,βλεπω,448.0,-0.9535
6344,βλεπω,950.0,-0.9827142857142858
