id,word,year,mean_weighted_sentiment
6332,βλασφημια,-266.0,-0.9765
6332,βλασφημια,-50.0,-0.9725999999999999
6332,βλασφημια,350.0,-0.9236
6332,βλασφημια,425.0,-0.9557625000000001
