id,word,year,mean_weighted_sentiment
6365,βλωσκω,-490.0,-0.9912
6365,βλωσκω,-450.0,-0.9898555555555555
6365,βλωσκω,-50.0,-0.97355
6365,βλωσκω,950.0,-0.9892166666666666
