id,word,year,mean_weighted_sentiment
6315,βλαβη,-450.0,-0.9904
6315,βλαβη,-353.0,-0.9487
6315,βλαβη,-50.0,-0.95205
6315,βλαβη,150.0,-0.95224
6315,βλαβη,172.0,-0.9865333333333334
6315,βλαβη,200.0,-0.9671000000000001
6315,βλαβη,350.0,-0.9601333333333333
6315,βλαβη,950.0,-0.9823
