id,word,year,mean_weighted_sentiment
6316,βλαβος,-450.0,-0.9904
6316,βλαβος,-353.0,-0.9487
6316,βλαβος,-50.0,-0.9393333333333332
6316,βλαβος,172.0,-0.9907
6316,βλαβος,200.0,-0.9665
6316,βλαβος,350.0,-0.97375
6316,βλαβος,950.0,-0.9823
