id,word,year,mean_weighted_sentiment
6432,βορος,-490.0,-0.9938
6432,βορος,-50.0,-0.9702999999999999
6432,βορος,200.0,-0.9918
6432,βορος,425.0,-0.9409
6432,βορος,950.0,-0.989125
