id,word,year,mean_weighted_sentiment
6497,βουλευω,-353.0,-0.9329333333333333
6497,βουλευω,-266.0,-0.97235
6497,βουλευω,-50.0,-0.7487111111111111
6497,βουλευω,150.0,-0.9503799999999998
6497,βουλευω,200.0,-0.9769285714285714
6497,βουλευω,269.0,-0.9074
6497,βουλευω,350.0,-0.93755
6497,βουλευω,490.0,-0.38925
6497,βουλευω,950.0,-0.98306
