id,word,year,mean_weighted_sentiment
6381,βοηθεω,-353.0,-0.9741
6381,βοηθεω,-266.0,-0.5034416666666667
6381,βοηθεω,-50.0,-0.9554666666666667
6381,βοηθεω,150.0,-0.8752
6381,βοηθεω,200.0,-0.9760666666666667
6381,βοηθεω,269.0,-0.9227000000000001
6381,βοηθεω,350.0,-0.9761
6381,βοηθεω,950.0,-0.9813999999999999
