id,word,year,mean_weighted_sentiment
6384,βοηθος,-266.0,-0.4257962962962963
6384,βοηθος,-50.0,-0.9601999999999999
6384,βοηθος,200.0,-0.9634833333333334
6384,βοηθος,269.0,-0.9625
6384,βοηθος,311.0,-0.8682
6384,βοηθος,350.0,-0.8885
6384,βοηθος,950.0,-0.9884999999999999
