id,word,year,mean_weighted_sentiment
6409,βολη,-450.0,-0.9922
6409,βολη,-155.0,-0.9572499999999999
6409,βολη,-149.0,-0.9315
6409,βολη,-50.0,-0.9695035714285714
6409,βολη,150.0,-0.9593499999999999
6409,βολη,200.0,-0.9832000000000001
6409,βολη,205.0,-0.9829
6409,βολη,269.0,-0.9602
6409,βολη,350.0,-0.9794
6409,βολη,425.0,-0.9897
6409,βολη,530.0,-0.9721
6409,βολη,950.0,-0.9902
6409,βολη,1118.0,-0.9697
