id,word,year,mean_weighted_sentiment
6373,βοειος,-450.0,-0.9813333333333333
6373,βοειος,-266.0,-0.4569666666666667
6373,βοειος,-149.0,-0.9923
6373,βοειος,-50.0,-0.8979633027522935
6373,βοειος,15.0,-0.8968
6373,βοειος,150.0,-0.9308142857142857
6373,βοειος,152.0,-0.8435
6373,βοειος,200.0,-0.9817
6373,βοειος,269.0,-0.9144
6373,βοειος,311.0,-0.918
6373,βοειος,350.0,-0.940625
6373,βοειος,425.0,-0.9092666666666668
6373,βοειος,490.0,-0.8154
6373,βοειος,950.0,-0.9789758620689654
