id,word,year,mean_weighted_sentiment
6493,βουλευτηριος,-353.0,-0.9864666666666667
6493,βουλευτηριος,-266.0,-0.9664333333333334
6493,βουλευτηριος,-50.0,-0.9788666666666668
6493,βουλευτηριος,350.0,-0.9123666666666667
6493,βουλευτηριος,425.0,-0.90545
6493,βουλευτηριος,950.0,-0.9883
