id,word,year,mean_weighted_sentiment
6401,βοιωτια,-149.0,-0.9923333333333333
6401,βοιωτια,-50.0,-0.94018
6401,βοιωτια,127.0,-0.9583
6401,βοιωτια,150.0,-0.9492857142857144
6401,βοιωτια,950.0,-0.9793714285714286
