id,word,year,mean_weighted_sentiment
6489,βουλευμα,-490.0,-0.9916
6489,βουλευμα,-450.0,-0.989
6489,βουλευμα,-155.0,-0.9369
6489,βουλευμα,-50.0,-0.981475
6489,βουλευμα,15.0,-0.9005000000000001
6489,βουλευμα,150.0,-0.8769
6489,βουλευμα,425.0,-0.9217
6489,βουλευμα,490.0,-0.9383
6489,βουλευμα,950.0,-0.98115
