id,word,year,mean_weighted_sentiment
6500,βουλησις,-450.0,-0.9942
6500,βουλησις,-387.0,-0.981
6500,βουλησις,-353.0,-0.9766
6500,βουλησις,-50.0,-0.972
6500,βουλησις,150.0,-0.9612
6500,βουλησις,200.0,0.003400000000000014
6500,βουλησις,350.0,-0.58232
6500,βουλησις,425.0,-0.9252
6500,βουλησις,490.0,-0.94925
6500,βουλησις,1127.0,-0.9922
