id,word,year,mean_weighted_sentiment
6423,βορα,-490.0,-0.9938
6423,βορα,-50.0,-0.9702999999999999
6423,βορα,200.0,-0.9918
6423,βορα,425.0,-0.9409
6423,βορα,950.0,-0.9891666666666666
