id,word,year,mean_weighted_sentiment
6457,βοτρυς,-50.0,-0.940725
6457,βοτρυς,172.0,-0.9883
6457,βοτρυς,200.0,-0.96625
6457,βοτρυς,350.0,-0.8573
6457,βοτρυς,352.0,-0.9374
6457,βοτρυς,950.0,-0.9751333333333334
