id,word,year,mean_weighted_sentiment
6389,βοη,-450.0,-0.9813333333333333
6389,βοη,-266.0,-0.4569666666666667
6389,βοη,-149.0,-0.9923
6389,βοη,-100.0,-0.9554
6389,βοη,-50.0,-0.9482056818181818
6389,βοη,15.0,-0.8968
6389,βοη,150.0,-0.9328666666666666
6389,βοη,152.0,-0.8435
6389,βοη,200.0,-0.9741
6389,βοη,269.0,-0.9196
6389,βοη,311.0,-0.918
6389,βοη,350.0,-0.9389799999999999
6389,βοη,425.0,-0.9092666666666668
6389,βοη,490.0,-0.8154
6389,βοη,950.0,-0.97834
