id,word,year,mean_weighted_sentiment
6370,βοαω,-450.0,-0.9670571428571427
6370,βοαω,-266.0,-0.094275
6370,βοαω,-149.0,-0.9894000000000001
6370,βοαω,-100.0,-0.9554
6370,βοαω,-50.0,-0.9341796296296295
6370,βοαω,15.0,-0.8968
6370,βοαω,150.0,-0.9249444444444445
6370,βοαω,152.0,-0.8435
6370,βοαω,200.0,-0.985625
6370,βοαω,269.0,-0.9196
6370,βοαω,311.0,-0.94515
6370,βοαω,350.0,-0.9481833333333333
6370,βοαω,425.0,-0.9109999999999999
6370,βοαω,490.0,-0.83985
6370,βοαω,950.0,-0.9784026315789475
