id,word,year,mean_weighted_sentiment
6653,βρωσις,-266.0,-0.9697333333333334
6653,βρωσις,49.0,-0.9554
6653,βρωσις,200.0,-0.97515
6653,βρωσις,219.0,-0.9711
6653,βρωσις,448.0,-0.9689
