id,word,year,mean_weighted_sentiment
6628,βροτος,-490.0,-0.2916
6628,βροτος,-450.0,-0.9547444444444443
6628,βροτος,-50.0,-0.962375
6628,βροτος,150.0,-0.9855
6628,βροτος,200.0,-0.9567
6628,βροτος,299.0,0.6085
6628,βροτος,311.0,-0.9198
6628,βροτος,448.0,0.7341
6628,βροτος,950.0,-0.9669833333333333
