id,word,year,mean_weighted_sentiment
6617,βροντης,-490.0,-0.9937
6617,βροντης,-353.0,-0.9886999999999999
6617,βροντης,-266.0,-0.9062
6617,βροντης,-50.0,-0.9620857142857143
6617,βροντης,150.0,-0.9616
6617,βροντης,350.0,-0.9506
6617,βροντης,448.0,-0.9509
6617,βροντης,950.0,-0.9817
