id,word,year,mean_weighted_sentiment
6562,βραδυς,-450.0,-0.9915
6562,βραδυς,-50.0,-0.9687
6562,βραδυς,15.0,-0.9209499999999999
6562,βραδυς,150.0,-0.95225
6562,βραδυς,200.0,-0.9796
6562,βραδυς,350.0,-0.9509666666666666
6562,βραδυς,950.0,-0.9907
