id,word,year,mean_weighted_sentiment
6651,βρωμη,-266.0,-0.942325
6651,βρωμη,-50.0,-0.9499
6651,βρωμη,200.0,-0.9896
6651,βρωμη,950.0,-0.982475
