id,word,year,mean_weighted_sentiment
6590,βρεφος,-50.0,-0.8975199999999999
6590,βρεφος,150.0,-0.94582
6590,βρεφος,182.0,-0.8525
6590,βρεφος,447.0,-0.9743
6590,βρεφος,950.0,-0.9862000000000001
