id,word,year,mean_weighted_sentiment
6569,βραχιων,-353.0,-0.9224749999999999
6569,βραχιων,-266.0,-0.8410124999999999
6569,βραχιων,-155.0,-0.9278
6569,βραχιων,-50.0,-0.96028
6569,βραχιων,172.0,-0.8943000000000001
6569,βραχιων,219.0,-0.9731
6569,βραχιων,950.0,-0.9901
6569,βραχιων,1118.0,-0.941
6569,βραχιων,1150.0,-0.93545
