id,word,year,mean_weighted_sentiment
6663,βυθος,-500.0,-0.9878
6663,βυθος,-490.0,-0.9929
6663,βυθος,-450.0,-0.9913
6663,βυθος,-266.0,-0.495375
6663,βυθος,-50.0,-0.9430999999999999
6663,βυθος,172.0,-0.9915
6663,βυθος,200.0,-0.9665333333333334
6663,βυθος,950.0,-0.9885
