id,word,year,mean_weighted_sentiment
6681,βυσσος,-266.0,-0.9879
6681,βυσσος,-50.0,-0.04310000000000003
6681,βυσσος,219.0,-0.81315
