id,word,year,mean_weighted_sentiment
6697,βωμος,-353.0,-0.9732333333333333
6697,βωμος,-266.0,-0.9652285714285714
6697,βωμος,-50.0,-0.9517611111111111
6697,βωμος,15.0,-0.9144
6697,βωμος,150.0,-0.93785
6697,βωμος,152.0,-0.9365333333333332
6697,βωμος,200.0,-0.99255
6697,βωμος,350.0,-0.9753
6697,βωμος,352.0,-0.98665
6697,βωμος,425.0,-0.9149
6697,βωμος,490.0,-0.89298
6697,βωμος,950.0,-0.9814699999999998
