id,word,year,mean_weighted_sentiment
6758,γαστρις,-415.0,-0.9876
6758,γαστρις,-266.0,-0.9884
6758,γαστρις,-50.0,-0.9116333333333332
6758,γαστρις,147.0,-0.9111
6758,γαστρις,150.0,-0.94125
6758,γαστρις,172.0,-0.9872545454545453
6758,γαστρις,219.0,-0.9411
