id,word,year,mean_weighted_sentiment
6719,γαλεη,-500.0,-0.59274
6719,γαλεη,-415.0,-0.9796
6719,γαλεη,-353.0,-0.9410666666666666
6719,γαλεη,-266.0,-0.9516333333333332
6719,γαλεη,-50.0,-0.9646625
6719,γαλεη,15.0,-0.8757
6719,γαλεη,49.0,-0.90645
6719,γαλεη,127.0,-0.9758
6719,γαλεη,150.0,-0.9738666666666665
6719,γαλεη,172.0,-0.9127000000000001
6719,γαλεη,182.0,-0.9726
6719,γαλεη,200.0,-0.788
6719,γαλεη,269.0,-0.9551
6719,γαλεη,352.0,-0.991
6719,γαλεη,950.0,-0.9754956521739133
