id,word,year,mean_weighted_sentiment
6725,γαληνος,172.0,-0.4152214285714285
6725,γαληνος,200.0,-0.9920666666666667
6725,γαληνος,950.0,-0.9845
