id,word,year,mean_weighted_sentiment
6723,γαληνη,-50.0,-0.9136
6723,γαληνη,150.0,-0.94485
6723,γαληνη,172.0,-0.9862
6723,γαληνη,200.0,-0.9920666666666667
6723,γαληνη,269.0,-0.9224
6723,γαληνη,311.0,-0.9692
6723,γαληνη,950.0,-0.9845
