id,word,year,mean_weighted_sentiment
6771,γαυρος,-50.0,-0.9853999999999999
6771,γαυρος,172.0,-0.9902
6771,γαυρος,200.0,-0.6537999999999999
6771,γαυρος,950.0,-0.9921
