id,word,year,mean_weighted_sentiment
6718,γαλα,-500.0,-0.984
6718,γαλα,-415.0,-0.9796
6718,γαλα,-353.0,-0.9092909090909091
6718,γαλα,-266.0,-0.9533750000000001
6718,γαλα,-50.0,-0.9614285714285714
6718,γαλα,15.0,-0.8757
6718,γαλα,49.0,-0.9119666666666667
6718,γαλα,127.0,-0.9758
6718,γαλα,150.0,-0.9707
6718,γαλα,172.0,-0.9894000000000001
6718,γαλα,182.0,-0.9726
6718,γαλα,269.0,-0.9551
6718,γαλα,299.0,-0.9867
6718,γαλα,352.0,-0.991
6718,γαλα,950.0,-0.9741799999999999
