id,word,year,mean_weighted_sentiment
6752,γαστηρ,-500.0,-0.9568200000000001
6752,γαστηρ,-415.0,-0.9876
6752,γαστηρ,-353.0,-0.9755
6752,γαστηρ,-266.0,-0.55324
6752,γαστηρ,-155.0,-0.98505
6752,γαστηρ,-50.0,-0.9447533333333332
6752,γαστηρ,15.0,-0.9305
6752,γαστηρ,147.0,-0.9111
6752,γαστηρ,150.0,-0.9465375
6752,γαστηρ,172.0,-0.9872789473684209
6752,γαστηρ,182.0,-0.9484
6752,γαστηρ,200.0,-0.9826333333333332
6752,γαστηρ,219.0,-0.9411
6752,γαστηρ,425.0,-0.92595
