id,word,year,mean_weighted_sentiment
6876,γεωμετρης,-50.0,-0.9463
6876,γεωμετρης,200.0,-0.8861
6876,γεωμετρης,320.0,-0.8914333333333334
6876,γεωμετρης,352.0,-0.9756
6876,γεωμετρης,448.0,-0.87305
6876,γεωμετρης,550.0,-0.9412
6876,γεωμετρης,950.0,-0.9353
6876,γεωμετρης,1127.0,-0.9219
