id,word,year,mean_weighted_sentiment
6836,γεννα,-490.0,-0.00714999999999999
6836,γεννα,-149.0,-0.9879
6836,γεννα,147.0,-0.9377
6836,γεννα,200.0,-0.8892
6836,γεννα,237.0,-0.9264
6836,γεννα,299.0,-0.8739
6836,γεννα,425.0,-0.9526
6836,γεννα,530.0,-0.96298
6836,γεννα,550.0,-0.9557
6836,γεννα,950.0,-0.98965
