id,word,year,mean_weighted_sentiment
6850,γερανος,-50.0,-0.9635666666666666
6850,γερανος,150.0,-0.9793
6850,γερανος,200.0,-0.96148
6850,γερανος,269.0,-0.9891
6850,γερανος,950.0,-0.97975
