id,word,year,mean_weighted_sentiment
6814,γενεα,-500.0,-0.9898
6814,γενεα,-450.0,-0.3257333333333333
6814,γενεα,-266.0,-0.9174166666666665
6814,γενεα,-50.0,-0.9644666666666666
6814,γενεα,15.0,-0.9365
6814,γενεα,219.0,-0.9770666666666666
6814,γενεα,269.0,-0.9035
6814,γενεα,299.0,-0.9898
6814,γενεα,425.0,-0.8529
6814,γενεα,448.0,-0.9611
6814,γενεα,950.0,-0.9905
