id,word,year,mean_weighted_sentiment
6834,γενναιος,-50.0,-0.8960558823529412
6834,γενναιος,15.0,-0.96105
6834,γενναιος,147.0,-0.9013
6834,γενναιος,150.0,-0.9506500000000001
6834,γενναιος,152.0,-0.8944
6834,γενναιος,200.0,-0.77035
6834,γενναιος,299.0,-0.7599
6834,γενναιος,350.0,-0.9325333333333333
6834,γενναιος,359.0,-0.8702
6834,γενναιος,425.0,-0.8855333333333334
6834,γενναιος,490.0,-0.8747499999999999
6834,γενναιος,950.0,-0.9731714285714286
