id,word,year,mean_weighted_sentiment
6886,γεωργος,-353.0,-0.9420666666666667
6886,γεωργος,-149.0,-0.993
6886,γεωργος,-50.0,-0.9707399999999999
6886,γεωργος,150.0,-0.8463578947368421
6886,γεωργος,152.0,-0.8865
6886,γεωργος,200.0,-0.7392599999999999
6886,γεωργος,219.0,-0.9415
6886,γεωργος,350.0,-0.9898
6886,γεωργος,425.0,-0.9923
6886,γεωργος,950.0,-0.974125
6886,γεωργος,1127.0,-0.9474499999999999
