id,word,year,mean_weighted_sentiment
6804,γελως,-500.0,-0.9896
6804,γελως,-450.0,-0.9693
6804,γελως,-353.0,-0.9361999999999999
6804,γελως,-266.0,-0.9756
6804,γελως,-149.0,-0.9925
6804,γελως,-50.0,-0.9601375
6804,γελως,15.0,-0.9384
6804,γελως,150.0,-0.9613799999999999
6804,γελως,172.0,-0.9598
6804,γελως,200.0,-0.969375
6804,γελως,350.0,-0.904
6804,γελως,448.0,-0.8949
6804,γελως,950.0,-0.9775285714285714
