id,word,year,mean_weighted_sentiment
6853,γερας,-490.0,-0.9924999999999999
6853,γερας,-387.0,0.6245
6853,γερας,-353.0,0.02529999999999999
6853,γερας,-50.0,-0.8310540983606558
6853,γερας,150.0,-0.8772500000000001
6853,γερας,152.0,-0.9454
6853,γερας,200.0,-0.9759090909090911
6853,γερας,269.0,-0.9684666666666667
6853,γερας,350.0,-0.9477333333333333
6853,γερας,425.0,-0.9404
6853,γερας,950.0,-0.9858625
