id,word,year,mean_weighted_sentiment
6885,γεωργικος,15.0,-0.9878
6885,γεωργικος,150.0,-0.9382999999999999
6885,γεωργικος,950.0,-0.9828125000000001
