id,word,year,mean_weighted_sentiment
6877,γεωμετρια,150.0,-0.9480888888888889
6877,γεωμετρια,320.0,-0.927
6877,γεωμετρια,448.0,-0.9278
6877,γεωμετρια,550.0,-0.94685
6877,γεωμετρια,950.0,-0.97595
