id,word,year,mean_weighted_sentiment
6831,γενηις,-353.0,-0.9677166666666667
6831,γενηις,-149.0,-0.9924
6831,γενηις,-50.0,-0.9675333333333334
6831,γενηις,150.0,-0.9103
6831,γενηις,200.0,-0.9509555555555553
6831,γενηις,237.0,-0.9359999999999999
6831,γενηις,320.0,-0.9155
6831,γενηις,383.0,-0.9518
6831,γενηις,448.0,-0.9530333333333333
6831,γενηις,530.0,-0.9476
6831,γενηις,550.0,-0.9389499999999998
6831,γενηις,950.0,-0.9423999999999999
