id,word,year,mean_weighted_sentiment
6878,γεωμετρικος,90.0,-0.96085
6878,γεωμετρικος,150.0,-0.9654
6878,γεωμετρικος,320.0,-0.9525333333333333
6878,γεωμετρικος,352.0,-0.9834
6878,γεωμετρικος,448.0,-0.9233250000000001
6878,γεωμετρικος,950.0,-0.9888249999999998
