id,word,year,mean_weighted_sentiment
6906,γηρας,-450.0,-0.99095
6906,γηρας,-387.0,-0.9884
6906,γηρας,-353.0,-0.9126
6906,γηρας,-266.0,-0.9673399999999999
6906,γηρας,-50.0,-0.9494400000000001
6906,γηρας,15.0,-0.9235
6906,γηρας,150.0,-0.45892499999999997
6906,γηρας,152.0,-0.8393
6906,γηρας,200.0,-0.9783999999999999
6906,γηρας,425.0,-0.9338500000000001
6906,γηρας,447.0,-0.9734
6906,γηρας,950.0,-0.9835666666666666
