id,word,year,mean_weighted_sentiment
6905,γηρασκω,-450.0,-0.99095
6905,γηρασκω,-387.0,-0.9884
6905,γηρασκω,-353.0,-0.9126
6905,γηρασκω,-266.0,-0.9607666666666667
6905,γηρασκω,-50.0,-0.9494153846153847
6905,γηρασκω,15.0,-0.9235
6905,γηρασκω,150.0,-0.5524600000000001
6905,γηρασκω,152.0,-0.8393
6905,γηρασκω,200.0,-0.9829666666666667
6905,γηρασκω,425.0,-0.9338500000000001
6905,γηρασκω,447.0,-0.9734
6905,γηρασκω,950.0,-0.9802375000000001
