id,word,year,mean_weighted_sentiment
6893,γηθεω,-387.0,-0.9818
6893,γηθεω,-266.0,-0.9017600000000001
6893,γηθεω,-50.0,-0.9550500000000001
6893,γηθεω,150.0,-0.9249999999999999
6893,γηθεω,152.0,-0.9806
6893,γηθεω,172.0,-0.9941
6893,γηθεω,237.0,-0.29029999999999995
6893,γηθεω,448.0,-0.9565
6893,γηθεω,950.0,0.0012500000000000011
6893,γηθεω,1118.0,-0.9394
