id,word,year,mean_weighted_sentiment
6934,γλαυκος,-155.0,-0.99045
6934,γλαυκος,-50.0,-0.9557466666666666
6934,γλαυκος,150.0,-0.9751
6934,γλαυκος,152.0,-0.8449
6934,γλαυκος,205.0,-0.974
6934,γλαυκος,950.0,-0.9749333333333333
