id,word,year,mean_weighted_sentiment
6965,γλυκυς,-353.0,-0.9147
6965,γλυκυς,-266.0,-0.31773333333333337
6965,γλυκυς,-50.0,-0.7585090909090909
6965,γλυκυς,172.0,-0.9893000000000001
6965,γλυκυς,200.0,-0.9291
6965,γλυκυς,269.0,-0.9929
6965,γλυκυς,299.0,0.9929
6965,γλυκυς,447.0,-0.8813
6965,γλυκυς,950.0,-0.97935
