id,word,year,mean_weighted_sentiment
7004,γνωσις,-479.0,-0.9487
7004,γνωσις,-353.0,-0.9681
7004,γνωσις,-266.0,-0.9709454545454544
7004,γνωσις,-50.0,-0.9621428571428572
7004,γνωσις,15.0,-0.8491
7004,γνωσις,49.0,-0.45313333333333333
7004,γνωσις,150.0,-0.9432
7004,γνωσις,152.0,-0.9247
7004,γνωσις,200.0,-0.9358000000000001
7004,γνωσις,350.0,-0.9768
7004,γνωσις,352.0,-0.3211333333333333
7004,γνωσις,425.0,-0.9541
7004,γνωσις,448.0,-0.9138999999999999
7004,γνωσις,550.0,-0.951
