id,word,year,mean_weighted_sentiment
6999,γνωριμος,-353.0,-0.48165
6999,γνωριμος,-50.0,-0.901
6999,γνωριμος,15.0,-0.8729
6999,γνωριμος,147.0,-0.8848
6999,γνωριμος,150.0,-0.9689
6999,γνωριμος,200.0,-0.5997636363636363
6999,γνωριμος,320.0,-0.8839
6999,γνωριμος,350.0,-0.9876
6999,γνωριμος,352.0,-0.9855
6999,γνωριμος,425.0,-0.9142
6999,γνωριμος,950.0,-0.96195
