id,word,year,mean_weighted_sentiment
7009,γνωστος,-266.0,0.003149999999999986
7009,γνωστος,448.0,-0.9539500000000001
