id,word,year,mean_weighted_sentiment
6986,γνυξ,-155.0,-0.98875
6986,γνυξ,-50.0,-0.9654333333333334
6986,γνυξ,269.0,-0.9886
6986,γνυξ,950.0,-0.9936
