id,word,year,mean_weighted_sentiment
6984,γνησιος,-50.0,-0.9290857142857144
6984,γνησιος,15.0,-0.91454
6984,γνησιος,147.0,-0.8711
6984,γνησιος,200.0,-0.9696
6984,γνησιος,350.0,-0.972
6984,γνησιος,425.0,-0.8191
6984,γνησιος,448.0,-0.9377
