id,word,year,mean_weighted_sentiment
6981,γναθος,-490.0,-0.9928333333333333
6981,γναθος,-353.0,-0.9843000000000001
6981,γναθος,-50.0,-0.9591714285714286
6981,γναθος,172.0,-0.9487
6981,γναθος,200.0,0.9922
6981,γναθος,950.0,-0.97385
