id,word,year,mean_weighted_sentiment
7018,γοητεια,147.0,-0.8748
7018,γοητεια,237.0,-0.8829
7018,γοητεια,425.0,-0.8370500000000001
7018,γοητεια,950.0,-0.9392333333333333
