id,word,year,mean_weighted_sentiment
7033,γονη,-450.0,-0.9861
7033,γονη,-415.0,-0.9808
7033,γονη,-353.0,-0.9524999999999999
7033,γονη,-50.0,-0.9623818181818181
7033,γονη,15.0,-0.9212
7033,γονη,147.0,-0.89362
7033,γονη,150.0,-0.9584
7033,γονη,172.0,-0.9901
7033,γονη,200.0,-0.9914
7033,γονη,311.0,-0.9588
7033,γονη,350.0,0.025900000000000034
7033,γονη,448.0,-0.9909
7033,γονη,950.0,-0.97381
