id,word,year,mean_weighted_sentiment
7032,γονευς,-415.0,-0.974
7032,γονευς,-353.0,-0.9622999999999999
7032,γονευς,-50.0,-0.95725
7032,γονευς,15.0,-0.9108333333333333
7032,γονευς,147.0,-0.9046666666666666
7032,γονευς,150.0,-0.9791
7032,γονευς,152.0,-0.9288
7032,γονευς,172.0,-0.9901
7032,γονευς,200.0,-0.9432
7032,γονευς,299.0,0.7783
7032,γονευς,311.0,-0.9588
7032,γονευς,350.0,0.07385000000000003
7032,γονευς,448.0,-0.9909
7032,γονευς,950.0,-0.97045
