id,word,year,mean_weighted_sentiment
7059,γραιος,150.0,-0.9668
7059,γραιος,200.0,-0.9906999999999999
7059,γραιος,950.0,-0.9907666666666667
