id,word,year,mean_weighted_sentiment
7138,γυμνος,-450.0,0.7815
7138,γυμνος,-50.0,-0.9664555555555556
7138,γυμνος,150.0,-0.9319166666666666
7138,γυμνος,152.0,-0.9773000000000001
7138,γυμνος,200.0,-0.9678249999999999
7138,γυμνος,350.0,-0.96555
7138,γυμνος,425.0,-0.9088750000000001
7138,γυμνος,448.0,-0.976
7138,γυμνος,950.0,-0.9749333333333333
