id,word,year,mean_weighted_sentiment
7169,γυρος,-266.0,-0.11080000000000001
7169,γυρος,950.0,-0.9845999999999999
