id,word,year,mean_weighted_sentiment
7109,γυιον,-50.0,-0.8767849999999999
7109,γυιον,150.0,-0.9921
7109,γυιον,200.0,-0.9718666666666667
7109,γυιον,269.0,-0.9923500000000001
