id,word,year,mean_weighted_sentiment
7140,γυμνοω,-50.0,-0.947425
7140,γυμνοω,150.0,-0.9205000000000001
7140,γυμνοω,200.0,-0.94045
7140,γυμνοω,269.0,-0.9923
7140,γυμνοω,425.0,-0.9256000000000001
7140,γυμνοω,950.0,-0.9625666666666666
