id,word,year,mean_weighted_sentiment
7112,γυιος,-50.0,-0.8767849999999999
7112,γυιος,150.0,-0.9921
7112,γυιος,200.0,-0.9718666666666667
7112,γυιος,269.0,-0.9923500000000001
