id,word,year,mean_weighted_sentiment
7172,γυψ,-353.0,-0.9821
7172,γυψ,-50.0,-0.23185
7172,γυψ,150.0,-0.9117
7172,γυψ,200.0,-0.9743666666666666
