id,word,year,mean_weighted_sentiment
7118,γυμναζω,-415.0,-0.9451
7118,γυμναζω,-50.0,-0.9563833333333335
7118,γυμναζω,15.0,-0.9358500000000001
7118,γυμναζω,150.0,-0.94198
7118,γυμναζω,152.0,-0.9926
7118,γυμναζω,172.0,-0.9761
7118,γυμναζω,200.0,-0.9608
7118,γυμναζω,350.0,-0.96555
7118,γυμναζω,425.0,-0.90328
7118,γυμναζω,950.0,-0.9793857142857142
