id,word,year,mean_weighted_sentiment
7158,γυναιος,-50.0,-0.91802
7158,γυναιος,150.0,-0.9071
7158,γυναιος,152.0,-0.9879
7158,γυναιος,350.0,-0.9567
7158,γυναιος,425.0,-0.9928
7158,γυναιος,490.0,-0.9169
7158,γυναιος,950.0,-0.98885
