id,word,year,mean_weighted_sentiment
7173,γωνια,-300.0,-0.9432
7173,γωνια,-266.0,-0.9680500000000001
7173,γωνια,-50.0,-0.8037363636363637
7173,γωνια,49.0,-0.9359
7173,γωνια,90.0,-0.9647
7173,γωνια,127.0,-0.9664333333333334
7173,γωνια,150.0,-0.2995
7173,γωνια,200.0,-0.07479999999999998
7173,γωνια,320.0,-0.8561894736842106
7173,γωνια,352.0,-0.98788
7173,γωνια,950.0,-0.99305
