id,word,year,mean_weighted_sentiment
7271,δαπανη,-387.0,-0.9913
7271,δαπανη,-353.0,-0.9615999999999999
7271,δαπανη,-266.0,-0.9517666666666668
7271,δαπανη,-50.0,-0.9545
7271,δαπανη,15.0,-0.8714
7271,δαπανη,150.0,-0.9238
7271,δαπανη,237.0,-0.9866
7271,δαπανη,350.0,-0.9691000000000001
7271,δαπανη,425.0,-0.9057
7271,δαπανη,490.0,-0.8745
7271,δαπανη,950.0,-0.9698333333333333
