id,word,year,mean_weighted_sentiment
7259,δαναοι,-450.0,-0.9929666666666668
7259,δαναοι,-50.0,-0.8329761904761904
7259,δαναοι,269.0,-0.9899333333333334
7259,δαναοι,299.0,-0.9882
7259,δαναοι,950.0,-0.9923
