id,word,year,mean_weighted_sentiment
7190,δαιζω,-50.0,-0.9773142857142858
7190,δαιζω,205.0,-0.969
7190,δαιζω,950.0,-0.9701333333333334
