id,word,year,mean_weighted_sentiment
7219,δακνω,-500.0,-0.9888
7219,δακνω,-490.0,-0.9929
7219,δακνω,-353.0,-0.9744
7219,δακνω,-50.0,-0.9589
7219,δακνω,150.0,-0.995
7219,δακνω,172.0,-0.98438
7219,δακνω,200.0,-0.9586
7219,δακνω,350.0,-0.9288
7219,δακνω,425.0,-0.8947
7219,δακνω,950.0,-0.9772000000000001
