id,word,year,mean_weighted_sentiment
7245,δαμαζω,-490.0,-0.9714
7245,δαμαζω,-50.0,-0.7886095238095239
7245,δαμαζω,150.0,-0.98885
7245,δαμαζω,172.0,-0.9886
7245,δαμαζω,269.0,-0.9914
7245,δαμαζω,950.0,-0.9913571428571429
