id,word,year,mean_weighted_sentiment
7281,δαρδανος,-149.0,-0.9917499999999999
7281,δαρδανος,-50.0,-0.9708062500000001
7281,δαρδανος,150.0,-0.979
