id,word,year,mean_weighted_sentiment
7216,δαιω,-50.0,-0.9630636363636363
7216,δαιω,205.0,-0.969
7216,δαιω,269.0,-0.9822500000000001
7216,δαιω,311.0,-0.98685
7216,δαιω,350.0,-0.926
7216,δαιω,448.0,-0.9669
7216,δαιω,950.0,-0.9823714285714286
