id,word,year,mean_weighted_sentiment
7242,δακτυλος,-500.0,-0.9888
7242,δακτυλος,-266.0,-0.9882
7242,δακτυλος,-50.0,-0.9603999999999999
7242,δακτυλος,147.0,-0.8993
7242,δακτυλος,150.0,-0.9564173913043478
7242,δακτυλος,152.0,-0.886
7242,δακτυλος,172.0,-0.9883
7242,δακτυλος,237.0,-0.9725
7242,δακτυλος,352.0,-0.9913
7242,δακτυλος,950.0,-0.9784250000000001
