id,word,year,mean_weighted_sentiment
7186,δαιδαλλω,-500.0,-0.9908
7186,δαιδαλλω,-50.0,-0.6723333333333333
7186,δαιδαλλω,150.0,-0.9323
7186,δαιδαλλω,950.0,-0.9784166666666666
