id,word,year,mean_weighted_sentiment
7223,δακρυον,-500.0,-0.9914
7223,δακρυον,-490.0,-0.99
7223,δακρυον,-266.0,-0.9680727272727272
7223,δακρυον,-50.0,-0.9131447368421053
7223,δακρυον,127.0,-0.9394333333333332
7223,δακρυον,150.0,-0.9558
7223,δακρυον,172.0,-0.9865142857142858
7223,δακρυον,200.0,-0.9925333333333333
7223,δακρυον,350.0,-0.9356
7223,δακρυον,425.0,-0.9479
7223,δακρυον,448.0,-0.9924
7223,δακρυον,950.0,-0.9807384615384616
