id,word,year,mean_weighted_sentiment
7269,δαπαναω,-387.0,-0.9913
7269,δαπαναω,-353.0,-0.96505
7269,δαπαναω,-266.0,-0.9517666666666668
7269,δαπαναω,-50.0,-0.9545
7269,δαπαναω,15.0,-0.8714
7269,δαπαναω,150.0,-0.9238
7269,δαπαναω,237.0,-0.9866
7269,δαπαναω,350.0,-0.9691000000000001
7269,δαπαναω,425.0,-0.9057
7269,δαπαναω,490.0,-0.92025
7269,δαπαναω,950.0,-0.9698333333333333
