id,word,year,mean_weighted_sentiment
7233,δακρυω,-500.0,-0.9914
7233,δακρυω,-490.0,-0.99
7233,δακρυω,-266.0,-0.978175
7233,δακρυω,-50.0,-0.960916
7233,δακρυω,127.0,-0.9346
7233,δακρυω,150.0,-0.96635
7233,δακρυω,172.0,-0.99064
7233,δακρυω,200.0,-0.99235
7233,δακρυω,350.0,-0.9309
7233,δακρυω,425.0,-0.90115
7233,δακρυω,490.0,-0.8817
7233,δακρυω,950.0,-0.98245
