id,word,year,mean_weighted_sentiment
7207,δαιτη,-50.0,-0.9564600000000001
7207,δαιτη,150.0,-0.9328
7207,δαιτη,200.0,-0.9913666666666666
7207,δαιτη,950.0,-0.9767999999999999
