id,word,year,mean_weighted_sentiment
7203,δαις,-50.0,-0.95215
7203,δαις,269.0,-0.9868
7203,δαις,311.0,-0.98685
7203,δαις,350.0,-0.926
7203,δαις,448.0,-0.9669
7203,δαις,950.0,-0.99065
