id,word,year,mean_weighted_sentiment
7201,δαι,-50.0,-0.9515727272727275
7201,δαι,269.0,-0.9868
7201,δαι,311.0,-0.98685
7201,δαι,350.0,-0.926
7201,δαι,448.0,-0.9669
7201,δαι,950.0,-0.99065
