id,word,year,mean_weighted_sentiment
7273,δα,-490.0,-0.991
7273,δα,-266.0,-0.9516444444444444
7273,δα,-50.0,-0.9715
7273,δα,-34.0,-0.9624
7273,δα,147.0,-0.9308
7273,δα,150.0,-0.9582
7273,δα,269.0,-0.9255
7273,δα,425.0,-0.9318
7273,δα,950.0,-0.9807999999999999
