id,word,year,mean_weighted_sentiment
7500,δερκομαι,-490.0,-0.99285
7500,δερκομαι,-353.0,-0.9711
7500,δερκομαι,-266.0,-0.9380181818181819
7500,δερκομαι,-155.0,-0.9594272727272727
7500,δερκομαι,-50.0,-0.8429882352941176
7500,δερκομαι,127.0,-0.9925
7500,δερκομαι,150.0,-0.56288
7500,δερκομαι,200.0,-0.9634499999999999
7500,δερκομαι,269.0,-0.95585
7500,δερκομαι,311.0,-0.9863
7500,δερκομαι,448.0,-0.9461
7500,δερκομαι,950.0,-0.9736250000000001
