id,word,year,mean_weighted_sentiment
7346,δειλη,-266.0,-0.9526
7346,δειλη,-50.0,-0.9782399999999999
7346,δειλη,150.0,0.026550000000000018
7346,δειλη,200.0,-0.9918
7346,δειλη,448.0,-0.9651
