id,word,year,mean_weighted_sentiment
7333,δειδω,-500.0,-0.17495
7333,δειδω,-490.0,0.0011500000000000399
7333,δειδω,-479.0,-0.9113
7333,δειδω,-450.0,-0.9865
7333,δειδω,-50.0,-0.9527550000000001
7333,δειδω,15.0,-0.9868
7333,δειδω,150.0,-0.95078
7333,δειδω,152.0,-0.8929
7333,δειδω,172.0,-0.9711
7333,δειδω,200.0,-0.9848
7333,δειδω,269.0,-0.9551
7333,δειδω,299.0,-0.9563
7333,δειδω,350.0,-0.9173666666666667
7333,δειδω,425.0,-0.977
7333,δειδω,950.0,-0.9849399999999999
