id,word,year,mean_weighted_sentiment
7347,δειλια,-450.0,-0.99255
7347,δειλια,-387.0,-0.9368
7347,δειλια,-266.0,-0.9842666666666666
7347,δειλια,-50.0,-0.9679416666666668
7347,δειλια,150.0,-0.9902
7347,δειλια,269.0,-0.9224
7347,δειλια,425.0,-0.9239
7347,δειλια,950.0,-0.9736800000000001
