id,word,year,mean_weighted_sentiment
7450,δελφις,-353.0,-0.3799333333333333
7450,δελφις,-155.0,-0.9689399999999999
7450,δελφις,-50.0,-0.9406
7450,δελφις,200.0,-0.3349666666666667
7450,δελφις,950.0,-0.95536
