id,word,year,mean_weighted_sentiment
7480,δεξιοομαι,-415.0,-0.9826
7480,δεξιοομαι,-353.0,-0.9515666666666668
7480,δεξιοομαι,-266.0,-0.590488
7480,δεξιοομαι,-155.0,-0.8774956521739131
7480,δεξιοομαι,-50.0,-0.9622000000000002
7480,δεξιοομαι,127.0,-0.9692
7480,δεξιοομαι,150.0,-0.9039000000000001
7480,δεξιοομαι,200.0,-0.9018
7480,δεξιοομαι,269.0,-0.9508
7480,δεξιοομαι,425.0,-0.9581
7480,δεξιοομαι,448.0,-0.9269
7480,δεξιοομαι,950.0,-0.9771083333333332
