id,word,year,mean_weighted_sentiment
7506,δερω,-50.0,-0.9637499999999999
7506,δερω,15.0,-0.9865
7506,δερω,150.0,-0.9926
7506,δερω,200.0,-0.9921
7506,δερω,950.0,-0.9843571428571428
