id,word,year,mean_weighted_sentiment
7459,δενδρεον,-415.0,-0.9467
7459,δενδρεον,-50.0,-0.9793499999999999
7459,δενδρεον,950.0,-0.9853000000000001
