id,word,year,mean_weighted_sentiment
7447,δελφικος,-353.0,-0.3799333333333333
7447,δελφικος,-155.0,-0.9909666666666667
7447,δελφικος,150.0,-0.9071
7447,δελφικος,200.0,0.9217
