id,word,year,mean_weighted_sentiment
7508,δεσμευω,-490.0,-0.99146
7508,δεσμευω,-450.0,0.9942
7508,δεσμευω,-353.0,-0.9736
7508,δεσμευω,-266.0,-0.9857000000000001
7508,δεσμευω,-50.0,-0.9596181818181818
7508,δεσμευω,150.0,-0.9344333333333333
7508,δεσμευω,152.0,-0.8618
7508,δεσμευω,200.0,-0.9908
7508,δεσμευω,425.0,-0.8432
7508,δεσμευω,448.0,-0.9577333333333332
7508,δεσμευω,550.0,-0.9386
