id,word,year,mean_weighted_sentiment
7517,δεσποινα,-450.0,-0.0014500000000000068
7517,δεσποινα,-50.0,-0.9692
7517,δεσποινα,15.0,-0.9723
7517,δεσποινα,150.0,-0.9134666666666665
7517,δεσποινα,152.0,-0.973
7517,δεσποινα,200.0,-0.98315
7517,δεσποινα,311.0,-0.978
7517,δεσποινα,350.0,-0.9616
