id,word,year,mean_weighted_sentiment
7381,δειρη,-50.0,-0.9584666666666667
7381,δειρη,15.0,-0.9865
7381,δειρη,950.0,-0.98915
