id,word,year,mean_weighted_sentiment
7501,δερμα,-353.0,-0.9033125000000001
7501,δερμα,-50.0,-0.9549857142857141
7501,δερμα,172.0,-0.9892799999999999
7501,δερμα,200.0,-0.9863
7501,δερμα,352.0,0.9945
7501,δερμα,490.0,-0.8229
7501,δερμα,950.0,-0.9820365853658537
