id,word,year,mean_weighted_sentiment
7451,δελφοι,-353.0,-0.9603999999999999
7451,δελφοι,-149.0,-0.9946
7451,δελφοι,-50.0,-0.9266
7451,δελφοι,150.0,-0.96915
7451,δελφοι,200.0,-0.9888
7451,δελφοι,950.0,-0.946575
