id,word,year,mean_weighted_sentiment
7454,δεμας,-500.0,-0.988
7454,δεμας,-490.0,-0.99175
7454,δεμας,-50.0,-0.5746933333333334
7454,δεμας,172.0,-0.9842
7454,δεμας,200.0,-0.9636
7454,δεμας,1118.0,-0.9323
