id,word,year,mean_weighted_sentiment
7444,δελτος,-500.0,-0.9329
7444,δελτος,-490.0,-0.9916
7444,δελτος,-266.0,-0.927225
7444,δελτος,-50.0,-0.966
7444,δελτος,200.0,-0.9103
7444,δελτος,950.0,-0.9662999999999999
