id,word,year,mean_weighted_sentiment
7349,δειλιαω,-450.0,-0.99255
7349,δειλιαω,-387.0,-0.9368
7349,δειλιαω,-266.0,-0.9842666666666666
7349,δειλιαω,-50.0,-0.9679416666666668
7349,δειλιαω,150.0,-0.9902
7349,δειλιαω,269.0,-0.9224
7349,δειλιαω,425.0,-0.9239
7349,δειλιαω,950.0,-0.9736800000000001
