id,word,year,mean_weighted_sentiment
7422,δεκατοω,-266.0,-0.9273
7422,δεκατοω,-50.0,-0.9728888888888889
7422,δεκατοω,200.0,-0.91595
7422,δεκατοω,269.0,-0.9883333333333334
7422,δεκατοω,448.0,-0.9529
7422,δεκατοω,950.0,-0.9885
