id,word,year,mean_weighted_sentiment
7419,δεκατη,-266.0,-0.94984
7419,δεκατη,-50.0,-0.9567
7419,δεκατη,320.0,-0.9628
7419,δεκατη,550.0,-0.9226
7419,δεκατη,950.0,-0.9812666666666666
