id,word,year,mean_weighted_sentiment
7515,δεσμωτης,-490.0,-0.3312333333333333
7515,δεσμωτης,-353.0,-0.9736
7515,δεσμωτης,-266.0,-0.8918
7515,δεσμωτης,200.0,-0.9765250000000001
