id,word,year,mean_weighted_sentiment
7489,δεος,-353.0,-0.9543
7489,δεος,-270.0,-0.931
7489,δεος,-266.0,-0.9772125
7489,δεος,-50.0,-0.9656206896551723
7489,δεος,15.0,-0.9726999999999999
7489,δεος,49.0,-0.9423
7489,δεος,150.0,-0.9504857142857144
7489,δεος,152.0,-0.9643
7489,δεος,200.0,-0.9824
7489,δεος,425.0,-0.9074
7489,δεος,490.0,-0.8442750000000001
7489,δεος,530.0,-0.9929
7489,δεος,950.0,-0.9895
