id,word,year,mean_weighted_sentiment
7566,δηλονοτι,-50.0,-0.9814999999999999
7566,δηλονοτι,200.0,0.008500000000000008
