id,word,year,mean_weighted_sentiment
7622,δημοσιος,-353.0,-0.9756
7622,δημοσιος,-50.0,-0.9817333333333332
7622,δημοσιος,147.0,-0.8784000000000001
7622,δημοσιος,150.0,-0.9574428571428572
7622,δημοσιος,200.0,-0.9107666666666666
7622,δημοσιος,299.0,-0.8877
7622,δημοσιος,350.0,-0.9084333333333333
7622,δημοσιος,425.0,-0.9803
7622,δημοσιος,490.0,-0.8869200000000002
