id,word,year,mean_weighted_sentiment
7598,δημιουργος,-353.0,-0.9670500000000001
7598,δημιουργος,-50.0,-0.9314
7598,δημιουργος,15.0,0.016500000000000015
7598,δημιουργος,150.0,-0.9359285714285713
7598,δημιουργος,161.0,-0.9505
7598,δημιουργος,237.0,-0.9801
7598,δημιουργος,299.0,-0.9201
7598,δημιουργος,320.0,-0.9858
7598,δημιουργος,425.0,-0.9368
7598,δημιουργος,448.0,-0.958825
7598,δημιουργος,950.0,-0.9730333333333334
