id,word,year,mean_weighted_sentiment
7575,δημαγωγος,-353.0,-0.96575
7575,δημαγωγος,150.0,-0.9608666666666666
7575,δημαγωγος,200.0,-0.9614
7575,δημαγωγος,350.0,-0.9601
