id,word,year,mean_weighted_sentiment
7589,δημητηρ,-149.0,-0.9932
7589,δημητηρ,-50.0,-0.9753624999999999
7589,δημητηρ,127.0,-0.9664
7589,δημητηρ,200.0,-0.98775
7589,δημητηρ,320.0,-0.9808
7589,δημητηρ,350.0,-0.3184333333333334
7589,δημητηρ,950.0,-0.9741999999999998
