id,word,year,mean_weighted_sentiment
7620,δημοσια,-353.0,-0.98455
7620,δημοσια,-50.0,-0.993
7620,δημοσια,150.0,-0.95076
7620,δημοσια,200.0,-0.9892
7620,δημοσια,350.0,-0.9108
7620,δημοσια,425.0,-0.9803
7620,δημοσια,490.0,-0.8762000000000001
