id,word,year,mean_weighted_sentiment
7570,δηλοω,-479.0,-0.9727
7570,δηλοω,-450.0,-0.987
7570,δηλοω,-266.0,-0.9366
7570,δηλοω,-50.0,-0.9445666666666668
7570,δηλοω,147.0,-0.9133
7570,δηλοω,150.0,-0.9809
7570,δηλοω,200.0,-0.954
7570,δηλοω,425.0,-0.8786
7570,δηλοω,950.0,-0.97045
