id,word,year,mean_weighted_sentiment
7553,δηιοω,-50.0,-0.8617764705882353
7553,δηιοω,15.0,-0.8967
7553,δηιοω,150.0,-0.9639
7553,δηιοω,182.0,-0.9278
7553,δηιοω,950.0,-0.9559666666666667
