id,word,year,mean_weighted_sentiment
7611,δημοκρατια,-353.0,-0.955975
7611,δημοκρατια,-50.0,-0.9617249999999999
7611,δημοκρατια,150.0,-0.9656800000000001
7611,δημοκρατια,950.0,-0.9891666666666667
