id,word,year,mean_weighted_sentiment
7564,δηλιος,-450.0,-0.972
7564,δηλιος,-149.0,-0.9876499999999999
7564,δηλιος,950.0,-0.94566
