id,word,year,mean_weighted_sentiment
7640,δην,-266.0,-0.9502375000000001
7640,δην,-50.0,-0.94755
7640,δην,147.0,-0.9308
7640,δην,425.0,-0.9159
7640,δην,950.0,-0.9823500000000001
