id,word,year,mean_weighted_sentiment
7615,δημοομαι,-353.0,-0.9708833333333334
7615,δημοομαι,-266.0,-0.9391
7615,δημοομαι,-50.0,-0.9656000000000001
7615,δημοομαι,150.0,-0.9812428571428572
7615,δημοομαι,200.0,-0.987
7615,δημοομαι,350.0,-0.9487
7615,δημοομαι,425.0,0.8978
7615,δημοομαι,490.0,-0.8841000000000001
7615,δημοομαι,950.0,-0.9834714285714287
