id,word,year,mean_weighted_sentiment
7652,δηρος,-490.0,-0.99185
7652,δηρος,-450.0,-0.7497
7652,δηρος,-50.0,-0.9792222222222223
7652,δηρος,950.0,0.9659
