id,word,year,mean_weighted_sentiment
8509,διονυσια,-353.0,-0.912625
8509,διονυσια,127.0,-0.9276
8509,διονυσια,150.0,-0.9478500000000001
