id,word,year,mean_weighted_sentiment
8142,διαστημα,-300.0,-0.9217076923076923
8142,διαστημα,-155.0,-0.9441181818181819
8142,διαστημα,-50.0,-0.9469666666666665
8142,διαστημα,90.0,-0.9747
8142,διαστημα,147.0,-0.9484400000000001
8142,διαστημα,150.0,-0.9713
8142,διαστημα,200.0,-0.9117875
8142,διαστημα,352.0,-0.9882
8142,διαστημα,425.0,-0.95415
8142,διαστημα,550.0,-0.9436
