id,word,year,mean_weighted_sentiment
7884,διαλεκτικος,-479.0,-0.8285
7884,διαλεκτικος,200.0,-0.9342384615384615
7884,διαλεκτικος,237.0,0.8712
7884,διαλεκτικος,352.0,-0.6889142857142857
7884,διαλεκτικος,950.0,-0.9914499999999999
