id,word,year,mean_weighted_sentiment
8549,διπλαζω,-479.0,-0.9508
8549,διπλαζω,-450.0,-0.9903
8549,διπλαζω,-50.0,-0.9530257142857143
8549,διπλαζω,90.0,-0.9426
8549,διπλαζω,200.0,-0.95455
8549,διπλαζω,269.0,-0.962
8549,διπλαζω,320.0,-0.86185
8549,διπλαζω,350.0,-0.9468
8549,διπλαζω,950.0,-0.9533
