id,word,year,mean_weighted_sentiment
7974,διανομη,-50.0,-0.95155
7974,διανομη,425.0,-0.9911
7974,διανομη,950.0,-0.9926999999999999
7974,διανομη,1127.0,-0.8948333333333333
