id,word,year,mean_weighted_sentiment
8651,διψος,-266.0,-0.9887
8651,διψος,-50.0,-0.9771599999999999
8651,διψος,150.0,-0.94555
8651,διψος,950.0,-0.9665199999999998
