id,word,year,mean_weighted_sentiment
8410,δικαζω,-490.0,-0.9808
8410,δικαζω,-450.0,-0.99
8410,δικαζω,-387.0,-0.9555
8410,δικαζω,-353.0,-0.9209133333333331
8410,δικαζω,-50.0,-0.95692
8410,δικαζω,147.0,-0.9657
8410,δικαζω,150.0,-0.9601850000000001
8410,δικαζω,152.0,-0.9361
8410,δικαζω,200.0,-0.96906
8410,δικαζω,237.0,-0.93345
8410,δικαζω,350.0,-0.93636
8410,δικαζω,425.0,-0.9443333333333334
8410,δικαζω,448.0,-0.94488
8410,δικαζω,950.0,-0.9794885714285716
8410,δικαζω,1127.0,-0.9938
