id,word,year,mean_weighted_sentiment
8482,διοδος,-490.0,-0.9925
8482,διοδος,-266.0,-0.9249
8482,διοδος,-50.0,-0.98085
8482,διοδος,127.0,-0.7265
8482,διοδος,147.0,-0.9653
8482,διοδος,950.0,-0.9830000000000001
