id,word,year,mean_weighted_sentiment
8559,διπλοω,-266.0,-0.9799
8559,διπλοω,-50.0,-0.9457
8559,διπλοω,150.0,-0.94305
8559,διπλοω,172.0,-0.9912
8559,διπλοω,200.0,-0.9924333333333334
8559,διπλοω,448.0,-0.9796
8559,διπλοω,950.0,-0.98554
