id,word,year,mean_weighted_sentiment
8382,διηγησις,-550.0,-0.9781
8382,διηγησις,-266.0,-0.9801500000000001
8382,διηγησις,-50.0,-0.9404842105263157
8382,διηγησις,147.0,-0.9893
8382,διηγησις,150.0,-0.9716
8382,διηγησις,200.0,-0.9626
8382,διηγησις,350.0,-0.9641
