id,word,year,mean_weighted_sentiment
7780,διαιρω,-353.0,-0.9319
7780,διαιρω,-50.0,-0.9718
7780,διαιρω,150.0,-0.8943
7780,διαιρω,172.0,-0.9898
7780,διαιρω,200.0,-0.9713499999999999
7780,διαιρω,237.0,-0.9438500000000001
7780,διαιρω,530.0,-0.5664750000000001
7780,διαιρω,550.0,-0.9527000000000001
7780,διαιρω,950.0,-0.9846
7780,διαιρω,1118.0,-0.9442
