id,word,year,mean_weighted_sentiment
7929,διαμενω,-353.0,-0.9571000000000001
7929,διαμενω,-266.0,-0.9815999999999999
7929,διαμενω,-149.0,-0.9938
7929,διαμενω,-50.0,-0.9355
7929,διαμενω,150.0,-0.8593
7929,διαμενω,161.0,-0.8753
7929,διαμενω,200.0,-0.9489
7929,διαμενω,425.0,-0.9042
7929,διαμενω,950.0,-0.97635
