id,word,year,mean_weighted_sentiment
8381,διηγεομαι,-266.0,-0.887975
8381,διηγεομαι,-50.0,-0.9405833333333334
8381,διηγεομαι,150.0,-0.9716
8381,διηγεομαι,152.0,-0.9004
8381,διηγεομαι,200.0,-0.9626
8381,διηγεομαι,350.0,-0.9722999999999999
8381,διηγεομαι,950.0,-0.9906
