id,word,year,mean_weighted_sentiment
7778,διαιρετος,530.0,-0.5664750000000001
7778,διαιρετος,550.0,-0.9527000000000001
