id,word,year,mean_weighted_sentiment
7968,διανοεομαι,-353.0,-0.9311
7968,διανοεομαι,-266.0,-0.9717666666666668
7968,διανοεομαι,-50.0,-0.983
7968,διανοεομαι,237.0,-0.98
7968,διανοεομαι,490.0,-0.9228333333333333
7968,διανοεομαι,950.0,-0.98415
