id,word,year,mean_weighted_sentiment
8486,διοικεω,-353.0,-0.95015
8486,διοικεω,-50.0,-0.9444000000000001
8486,διοικεω,147.0,-0.8924
8486,διοικεω,161.0,-0.8763
8486,διοικεω,182.0,-0.894
8486,διοικεω,425.0,-0.9566
8486,διοικεω,490.0,-0.8470500000000001
8486,διοικεω,950.0,-0.9767
