id,word,year,mean_weighted_sentiment
8613,διφρος,-266.0,-0.9674
8613,διφρος,-155.0,-0.9523250000000001
8613,διφρος,-50.0,-0.9538800000000001
8613,διφρος,150.0,-0.984
8613,διφρος,269.0,-0.9908
8613,διφρος,425.0,-0.9819
8613,διφρος,950.0,-0.9741249999999999
