id,word,year,mean_weighted_sentiment
8661,διωκω,-450.0,-0.9872
8661,διωκω,-266.0,-0.57623
8661,διωκω,-50.0,-0.966025
8661,διωκω,150.0,-0.91165
8661,διωκω,200.0,-0.9913
8661,διωκω,350.0,-0.9794
8661,διωκω,425.0,-0.8838
8661,διωκω,490.0,-0.8961
8661,διωκω,950.0,-0.9753571428571429
