id,word,year,mean_weighted_sentiment
8289,διδασκαλιον,-479.0,-0.9568
8289,διδασκαλιον,-353.0,-0.9899
8289,διδασκαλιον,-50.0,-0.9271
8289,διδασκαλιον,15.0,-0.9300999999999999
8289,διδασκαλιον,172.0,-0.9926
8289,διδασκαλιον,352.0,-0.9735
8289,διδασκαλιον,425.0,-0.9781666666666667
