id,word,year,mean_weighted_sentiment
8157,διασφαξ,-450.0,-0.9917
8157,διασφαξ,-353.0,-0.758325
8157,διασφαξ,-50.0,-0.9650466666666666
8157,διασφαξ,150.0,-0.7164285714285715
8157,διασφαξ,152.0,-0.9866
8157,διασφαξ,205.0,-0.9767
8157,διασφαξ,350.0,-0.9238
8157,διασφαξ,425.0,-0.9362
8157,διασφαξ,950.0,-0.9874363636363637
