id,word,year,mean_weighted_sentiment
8299,διδυμος,-415.0,-0.985
8299,διδυμος,-155.0,-0.9496064516129034
8299,διδυμος,-149.0,-0.9259
8299,διδυμος,-50.0,-0.9664384615384616
8299,διδυμος,15.0,-0.8884
8299,διδυμος,127.0,-0.978
8299,διδυμος,147.0,-0.8903472222222223
8299,διδυμος,237.0,-0.9156
8299,διδυμος,425.0,-0.9398
8299,διδυμος,447.0,-0.9031
8299,διδυμος,950.0,-0.98395
