id,word,year,mean_weighted_sentiment
8305,διειμι,-50.0,-0.9554499999999999
8305,διειμι,448.0,-0.9052
8305,διειμι,950.0,-0.9842333333333334
