id,word,year,mean_weighted_sentiment
8518,διοπτηρ,-50.0,-0.32180000000000003
8518,διοπτηρ,950.0,-0.9710000000000001
