id,word,year,mean_weighted_sentiment
8345,διεξοδος,-266.0,-0.990075
8345,διεξοδος,-149.0,-0.9941
8345,διεξοδος,-50.0,-0.9663
8345,διεξοδος,90.0,-0.921
8345,διεξοδος,490.0,-0.9118
8345,διεξοδος,950.0,-0.9508666666666666
