id,word,year,mean_weighted_sentiment
7832,διακονος,-490.0,-0.986
7832,διακονος,-353.0,-0.98905
7832,διακονος,-50.0,-0.9526
7832,διακονος,80.0,-0.9439
7832,διακονος,219.0,-0.9893
7832,διακονος,350.0,-0.9085
7832,διακονος,425.0,-0.9369714285714286
