id,word,year,mean_weighted_sentiment
7738,διαδοχη,-50.0,-0.9290999999999999
7738,διαδοχη,15.0,-0.8647
7738,διαδοχη,150.0,-0.9764999999999999
7738,διαδοχη,950.0,-0.9708
