id,word,year,mean_weighted_sentiment
8553,διπλασιος,-479.0,-0.94825
8553,διπλασιος,-266.0,-0.9114
8553,διπλασιος,-249.0,-0.9754
8553,διπλασιος,90.0,-0.9426
8553,διπλασιος,150.0,-0.96645
8553,διπλασιος,200.0,-0.9545333333333333
8553,διπλασιος,320.0,-0.9021000000000001
8553,διπλασιος,350.0,-0.9468
8553,διπλασιος,448.0,-0.9359999999999999
