id,word,year,mean_weighted_sentiment
8196,διατριβη,-50.0,-0.9662
8196,διατριβη,-34.0,-0.9766
8196,διατριβη,150.0,-0.95928
8196,διατριβη,152.0,-0.9794999999999999
8196,διατριβη,200.0,-0.8955
8196,διατριβη,350.0,-0.89795
8196,διατριβη,425.0,-0.9643
8196,διατριβη,490.0,-0.92385
8196,διατριβη,950.0,-0.96864
