id,word,year,mean_weighted_sentiment
8214,διαφανης,-329.0,0.8985
8214,διαφανης,-266.0,0.9856
8214,διαφανης,-50.0,-0.56436
8214,διαφανης,200.0,-0.6774617647058824
8214,διαφανης,530.0,-0.8978
8214,διαφανης,950.0,-0.9529000000000001
