id,word,year,mean_weighted_sentiment
8558,διπλοος,-353.0,-0.8717
8558,διπλοος,-266.0,-0.9799
8558,διπλοος,-50.0,-0.9551860465116281
8558,διπλοος,150.0,-0.94305
8558,διπλοος,172.0,-0.9912
8558,διπλοος,200.0,-0.9924333333333334
8558,διπλοος,269.0,-0.962
8558,διπλοος,448.0,-0.9796
8558,διπλοος,530.0,-0.9760500000000001
8558,διπλοος,950.0,-0.9801666666666667
