id,word,year,mean_weighted_sentiment
8426,δικαστηριον,-353.0,-0.961394117647059
8426,δικαστηριον,-50.0,-0.991
8426,δικαστηριον,-34.0,-0.8838
8426,δικαστηριον,150.0,-0.9618428571428571
8426,δικαστηριον,152.0,-0.9842
8426,δικαστηριον,350.0,-0.9486333333333333
8426,δικαστηριον,425.0,-0.8874
