id,word,year,mean_weighted_sentiment
7764,διαθηκη,-266.0,-0.963486842105263
7764,διαθηκη,49.0,-0.97118
7764,διαθηκη,147.0,-0.9406
7764,διαθηκη,152.0,-0.8777
7764,διαθηκη,182.0,-0.922325
7764,διαθηκη,350.0,-0.9504666666666667
7764,διαθηκη,359.0,-0.9912
7764,διαθηκη,425.0,-0.96285
7764,διαθηκη,950.0,-0.9815142857142858
