id,word,year,mean_weighted_sentiment
7761,διαθεσις,-479.0,-0.9627666666666667
7761,διαθεσις,-387.0,-0.9676166666666667
7761,διαθεσις,-266.0,-0.5474
7761,διαθεσις,-149.0,0.9942
7761,διαθεσις,-50.0,-0.9534
7761,διαθεσις,147.0,-0.9682
7761,διαθεσις,150.0,-0.8321000000000001
7761,διαθεσις,172.0,-0.94916
7761,διαθεσις,182.0,-0.919
7761,διαθεσις,200.0,-0.9813
7761,διαθεσις,219.0,-0.9301
7761,διαθεσις,237.0,-0.9136333333333333
7761,διαθεσις,550.0,-0.9816
