id,word,year,mean_weighted_sentiment
8588,δισσος,-500.0,-0.991
8588,δισσος,-490.0,-0.9907
8588,δισσος,-479.0,-0.9176749999999999
8588,δισσος,-450.0,-0.9842666666666666
8588,δισσος,-266.0,-0.9549500000000001
8588,δισσος,-50.0,-0.9363166666666668
8588,δισσος,172.0,-0.61686
8588,δισσος,200.0,-0.9474
8588,δισσος,219.0,-0.9729
8588,δισσος,237.0,-0.9112
8588,δισσος,352.0,-0.9496
8588,δισσος,448.0,-0.88835
8588,δισσος,530.0,-0.94675
8588,δισσος,550.0,-0.9426
8588,δισσος,950.0,-0.9538
