id,word,year,mean_weighted_sentiment
8655,διωγμος,-50.0,-0.9524333333333334
8655,διωγμος,299.0,-0.97575
8655,διωγμος,425.0,-0.9317333333333334
8655,διωγμος,950.0,-0.9553499999999999
