id,word,year,mean_weighted_sentiment
7835,διακοπτω,-266.0,-0.9536
7835,διακοπτω,-50.0,-0.9456666666666668
7835,διακοπτω,152.0,-0.8945
7835,διακοπτω,172.0,-0.9892
7835,διακοπτω,950.0,-0.977825
