id,word,year,mean_weighted_sentiment
8511,διονυσος,-149.0,-0.992
8511,διονυσος,-50.0,-0.9603133333333332
8511,διονυσος,15.0,-0.9838
8511,διονυσος,127.0,-0.9176333333333334
8511,διονυσος,150.0,-0.9829125
8511,διονυσος,182.0,-0.9109
8511,διονυσος,350.0,-0.9639
