id,word,year,mean_weighted_sentiment
8649,διψαω,-266.0,-0.978
8649,διψαω,-50.0,-0.9802333333333334
8649,διψαω,15.0,-0.9391
8649,διψαω,150.0,-0.9696
8649,διψαω,200.0,-0.97005
8649,διψαω,311.0,-0.9459
8649,διψαω,950.0,-0.9596
