id,word,year,mean_weighted_sentiment
7739,διαδοχος,-50.0,-0.9307750000000001
7739,διαδοχος,448.0,-0.859675
7739,διαδοχος,490.0,-0.8783
7739,διαδοχος,950.0,-0.96995
