id,word,year,mean_weighted_sentiment
7851,διακρινω,-50.0,-0.9156333333333334
7851,διακρινω,15.0,-0.9055
7851,διακρινω,150.0,-0.9115
7851,διακρινω,152.0,-0.9361
7851,διακρινω,200.0,-0.8346
7851,διακρινω,530.0,-0.9196500000000001
7851,διακρινω,950.0,-0.9594
