id,word,year,mean_weighted_sentiment
7903,διαλυω,-50.0,-0.95065
7903,διαλυω,90.0,-0.9937
7903,διαλυω,150.0,-0.91015
7903,διαλυω,530.0,-0.94075
7903,διαλυω,950.0,-0.9621500000000001
