id,word,year,mean_weighted_sentiment
8671,διωρυξ,-266.0,-0.97325
8671,διωρυξ,-149.0,-0.9913
8671,διωρυξ,-50.0,-0.9634
8671,διωρυξ,150.0,-0.9535
8671,διωρυξ,490.0,-0.9125
8671,διωρυξ,950.0,-0.98915
