id,word,year,mean_weighted_sentiment
7785,διαιτα,-490.0,-0.9485
7785,διαιτα,-415.0,-0.06719999999999998
7785,διαιτα,-353.0,-0.9719333333333333
7785,διαιτα,-50.0,-0.9432
7785,διαιτα,150.0,-0.96
7785,διαιτα,172.0,-0.91825
7785,διαιτα,200.0,0.8058
7785,διαιτα,448.0,-0.9636
7785,διαιτα,530.0,-0.9529
7785,διαιτα,550.0,-0.9195
7785,διαιτα,950.0,-0.98532
7785,διαιτα,1118.0,-0.9724
