id,word,year,mean_weighted_sentiment
8287,διδασκαλια,-479.0,-0.6324000000000001
8287,διδασκαλια,-353.0,-0.9899
8287,διδασκαλια,-266.0,-0.98385
8287,διδασκαλια,-50.0,-0.9271
8287,διδασκαλια,15.0,-0.9300999999999999
8287,διδασκαλια,147.0,-0.8338
8287,διδασκαλια,150.0,-0.9324749999999999
8287,διδασκαλια,172.0,-0.9926
8287,διδασκαλια,352.0,-0.9735
8287,διδασκαλια,425.0,-0.9386777777777778
8287,διδασκαλια,530.0,-0.9319
