id,word,year,mean_weighted_sentiment
8406,διιστημι,-300.0,-0.9045
8406,διιστημι,-50.0,-0.9410999999999999
8406,διιστημι,147.0,-0.94755
8406,διιστημι,150.0,-0.9202
8406,διιστημι,172.0,0.9142
8406,διιστημι,200.0,-0.9651000000000001
8406,διιστημι,550.0,-0.9623
