id,word,year,mean_weighted_sentiment
8479,διογενης,-450.0,-0.5921
8479,διογενης,-353.0,-0.9777
8479,διογενης,-329.0,0.6881
8479,διογενης,-149.0,-0.9902
8479,διογενης,-50.0,-0.8237307692307693
8479,διογενης,15.0,-0.9667
8479,διογενης,150.0,-0.9668166666666668
