id,word,year,mean_weighted_sentiment
8619,διχαζω,-450.0,-0.9869
8619,διχαζω,-353.0,-0.9319
8619,διχαζω,-249.0,-0.9718
8619,διχαζω,-155.0,-0.99045
8619,διχαζω,-50.0,-0.964770588235294
8619,διχαζω,90.0,-0.9416
8619,διχαζω,150.0,-0.974125
8619,διχαζω,269.0,-0.9574
8619,διχαζω,320.0,-0.9774
8619,διχαζω,490.0,-0.8578
8619,διχαζω,950.0,-0.982175
