id,word,year,mean_weighted_sentiment
7932,διαμετρεω,-300.0,-0.9135000000000001
7932,διαμετρεω,-270.0,-0.9268000000000001
7932,διαμετρεω,-249.0,-0.93326
7932,διαμετρεω,147.0,-0.938025
7932,διαμετρεω,150.0,-0.9469952380952381
7932,διαμετρεω,249.0,-0.9385666666666667
7932,διαμετρεω,320.0,-0.93975
7932,διαμετρεω,448.0,-0.8581
7932,διαμετρεω,950.0,-0.9511
