id,word,year,mean_weighted_sentiment
8568,διπτυχος,-50.0,-0.9695499999999999
8568,διπτυχος,950.0,-0.9860500000000001
