id,word,year,mean_weighted_sentiment
8501,διομηδης,-149.0,-0.99105
8501,διομηδης,-50.0,-0.9372651376146788
8501,διομηδης,127.0,-0.9915
8501,διομηδης,150.0,-0.9459999999999998
8501,διομηδης,269.0,-0.97245
