id,word,year,mean_weighted_sentiment
8814,δουλειος,-450.0,-0.9918
8814,δουλειος,-353.0,-0.9913
8814,δουλειος,-266.0,-0.989
8814,δουλειος,-50.0,-0.9449000000000001
8814,δουλειος,15.0,-0.9429
8814,δουλειος,150.0,-0.9500500000000001
8814,δουλειος,200.0,-0.96555
8814,δουλειος,350.0,-0.95465
8814,δουλειος,425.0,-0.9099
8814,δουλειος,950.0,-0.9761000000000001
8814,δουλειος,1127.0,-0.9877
