id,word,year,mean_weighted_sentiment
8809,δοσις,-387.0,-0.9205
8809,δοσις,-266.0,-0.9707857142857143
8809,δοσις,-50.0,-0.9752000000000001
8809,δοσις,147.0,-0.9525333333333333
8809,δοσις,150.0,-0.9606333333333333
8809,δοσις,200.0,-0.95345
