id,word,year,mean_weighted_sentiment
8684,δογμα,-387.0,-0.9888
8684,δογμα,15.0,-0.9437
8684,δογμα,49.0,-0.45713333333333334
8684,δογμα,150.0,-0.9691
8684,δογμα,161.0,-0.9663
8684,δογμα,219.0,-0.9445
8684,δογμα,299.0,-0.93735
8684,δογμα,359.0,-0.9818
8684,δογμα,425.0,-0.9051818181818181
8684,δογμα,448.0,-0.974075
8684,δογμα,550.0,-0.9807
8684,δογμα,950.0,-0.9753999999999999
