id,word,year,mean_weighted_sentiment
8813,δουλεια,-450.0,-0.9918
8813,δουλεια,-353.0,-0.9913
8813,δουλεια,-266.0,-0.989
8813,δουλεια,-50.0,-0.9449000000000001
8813,δουλεια,15.0,-0.9429
8813,δουλεια,150.0,-0.9500500000000001
8813,δουλεια,200.0,-0.96555
8813,δουλεια,350.0,-0.95465
8813,δουλεια,425.0,-0.9099
8813,δουλεια,950.0,-0.9761000000000001
8813,δουλεια,1127.0,-0.9877
