id,word,year,mean_weighted_sentiment
8743,δομος,-500.0,-0.9857
8743,δομος,-490.0,-0.0015000000000000013
8743,δομος,-450.0,-0.98856
8743,δομος,-50.0,-0.9595000000000001
8743,δομος,152.0,-0.9754
8743,δομος,200.0,-0.6654666666666668
8743,δομος,269.0,-0.9832
8743,δομος,950.0,-0.9842
