id,word,year,mean_weighted_sentiment
8729,δολος,-500.0,-0.9911
8729,δολος,-266.0,-0.9571277777777778
8729,δολος,-50.0,-0.9688066666666668
8729,δολος,150.0,-0.9895
8729,δολος,200.0,-0.9837
8729,δολος,311.0,-0.9764
8729,δολος,950.0,-0.9880249999999999
