id,word,year,mean_weighted_sentiment
8802,δορυ,-500.0,-0.9882199999999999
8802,δορυ,-450.0,-0.9906599999999999
8802,δορυ,-353.0,-0.9912
8802,δορυ,-266.0,-0.9621500000000001
8802,δορυ,-149.0,-0.9914
8802,δορυ,-50.0,-0.9626833333333334
8802,δορυ,150.0,-0.93902
8802,δορυ,269.0,-0.962075
8802,δορυ,425.0,-0.8725
8802,δορυ,490.0,-0.8849
8802,δορυ,950.0,-0.9823939393939393
