id,word,year,mean_weighted_sentiment
8689,δοιη,-50.0,-0.58192
8689,δοιη,172.0,-0.9904999999999999
8689,δοιη,200.0,-0.95
8689,δοιη,350.0,-0.9453
8689,δοιη,950.0,-0.9566333333333333
