id,word,year,mean_weighted_sentiment
8696,δοκη,-353.0,-0.9004
8696,δοκη,-266.0,0.5488
8696,δοκη,-50.0,-0.9307166666666666
8696,δοκη,150.0,-0.002650000000000041
8696,δοκη,172.0,-0.9916
8696,δοκη,205.0,-0.9669
8696,δοκη,530.0,-0.9573
8696,δοκη,950.0,-0.9847
