id,word,year,mean_weighted_sentiment
8808,δορυφορος,-353.0,-0.8936
8808,δορυφορος,150.0,-0.31683333333333336
8808,δορυφορος,152.0,-0.9901
8808,δορυφορος,350.0,-0.9674
8808,δορυφορος,425.0,-0.89235
8808,δορυφορος,490.0,-0.9023
8808,δορυφορος,950.0,-0.9502333333333333
