id,word,year,mean_weighted_sentiment
8708,δολιος,-500.0,-0.99125
8708,δολιος,-450.0,-0.9875
8708,δολιος,-266.0,-0.9863555555555555
8708,δολιος,-50.0,-0.9619500000000001
8708,δολιος,150.0,-0.9807
8708,δολιος,200.0,-0.95455
8708,δολιος,269.0,-0.993
8708,δολιος,425.0,-0.9723
