id,word,year,mean_weighted_sentiment
8817,δουλευω,-490.0,-0.9932
8817,δουλευω,-353.0,-0.96635
8817,δουλευω,-266.0,-0.9646
8817,δουλευω,-50.0,-0.9498
8817,δουλευω,200.0,-0.9430333333333333
8817,δουλευω,425.0,-0.9295
8817,δουλευω,950.0,-0.938
