id,word,year,mean_weighted_sentiment
8768,δορα,-155.0,-0.8737
8768,δορα,-50.0,-0.9539249999999999
8768,δορα,15.0,-0.9382
8768,δορα,200.0,-0.9842
8768,δορα,950.0,-0.9877100000000001
