id,word,year,mean_weighted_sentiment
8735,δολοω,-266.0,-0.94288
8735,δολοω,-50.0,-0.9697875
8735,δολοω,311.0,-0.9764
8735,δολοω,950.0,-0.9888600000000001
