id,word,year,mean_weighted_sentiment
8855,δραμα,-490.0,-0.9817
8855,δραμα,-50.0,-0.9849
8855,δραμα,150.0,-0.96165
8855,δραμα,425.0,-0.9385
8855,δραμα,448.0,-0.9103
8855,δραμα,950.0,-0.9794138888888886
