id,word,year,mean_weighted_sentiment
8854,δρακων,-353.0,-0.9711
8854,δρακων,-266.0,-0.9380181818181819
8854,δρακων,-155.0,-0.9594272727272727
8854,δρακων,-50.0,-0.9513857142857144
8854,δρακων,127.0,-0.9925
8854,δρακων,150.0,-0.56288
8854,δρακων,200.0,-0.9634499999999999
8854,δρακων,269.0,-0.95585
8854,δρακων,311.0,-0.9863
8854,δρακων,448.0,-0.9461
8854,δρακων,950.0,-0.9702692307692309
