id,word,year,mean_weighted_sentiment
8869,δραχμη,-353.0,-0.9583125
8869,δραχμη,150.0,-0.9731000000000001
8869,δραχμη,172.0,-0.9869216216216219
8869,δραχμη,200.0,-0.5093
8869,δραχμη,350.0,-0.936725
8869,δραχμη,950.0,-0.98485
