id,word,year,mean_weighted_sentiment
8896,δροσος,-450.0,-0.9951
8896,δροσος,-266.0,-0.9562999999999999
8896,δροσος,-50.0,-0.9452499999999999
