id,word,year,mean_weighted_sentiment
8844,δραγμα,-266.0,-0.07114999999999999
8844,δραγμα,-50.0,-0.9806999999999999
8844,δραγμα,172.0,-0.9907
8844,δραγμα,269.0,-0.9878
8844,δραγμα,950.0,-0.99105
