id,word,year,mean_weighted_sentiment
8893,δρομος,-500.0,-0.9917
8893,δρομος,-490.0,-0.9599
8893,δρομος,-450.0,-0.9924
8893,δρομος,-149.0,-0.9919
8893,δρομος,-50.0,-0.9015470588235294
8893,δρομος,127.0,-0.92685
8893,δρομος,147.0,-0.9505
8893,δρομος,150.0,-0.9509750000000001
8893,δρομος,172.0,-0.9885
8893,δρομος,200.0,-0.990142857142857
8893,δρομος,352.0,-0.9893
8893,δρομος,950.0,-0.9792799999999999
