id,word,year,mean_weighted_sentiment
8922,δυναστεια,-266.0,-0.7665470588235294
8922,δυναστεια,-50.0,-0.9410499999999999
8922,δυναστεια,15.0,-0.8919
8922,δυναστεια,200.0,-0.9591
8922,δυναστεια,350.0,-0.905
8922,δυναστεια,425.0,-0.9024333333333333
8922,δυναστεια,490.0,-0.8591
