id,word,year,mean_weighted_sentiment
8917,δυη,-490.0,-0.9906333333333334
8917,δυη,-353.0,-0.95585
8917,δυη,-50.0,-0.9711166666666666
8917,δυη,90.0,-0.992
8917,δυη,127.0,-0.863
8917,δυη,172.0,-0.9921
8917,δυη,200.0,-0.95795
8917,δυη,249.0,-0.9803
8917,δυη,350.0,-0.9849
8917,δυη,550.0,-0.9454499999999999
