id,word,year,mean_weighted_sentiment
9062,δυσις,-490.0,-0.9908
9062,δυσις,-353.0,-0.95825
9062,δυσις,-266.0,-0.9711666666666666
9062,δυσις,-155.0,-0.9634480000000001
9062,δυσις,-149.0,-0.9914000000000001
9062,δυσις,-50.0,-0.9528642857142857
9062,δυσις,127.0,-0.9065875
9062,δυσις,147.0,-0.9236
9062,δυσις,150.0,-0.9644
9062,δυσις,172.0,-0.9923
9062,δυσις,200.0,-0.9831
9062,δυσις,550.0,-0.9853
