id,word,year,mean_weighted_sentiment
9239,δυστυχια,-50.0,-0.9635285714285714
9239,δυστυχια,150.0,-0.9433499999999999
9239,δυστυχια,200.0,-0.9119
