id,word,year,mean_weighted_sentiment
8926,δυνατεω,-550.0,-0.901
8926,δυνατεω,-266.0,-0.9727599999999998
8926,δυνατεω,-50.0,-0.9583
8926,δυνατεω,150.0,-0.9498500000000001
8926,δυνατεω,200.0,-0.9891
8926,δυνατεω,299.0,-0.9908
8926,δυνατεω,350.0,-0.9813
8926,δυνατεω,448.0,-0.9103
8926,δυνατεω,550.0,-0.9549
8926,δυνατεω,950.0,-0.9707800000000001
