id,word,year,mean_weighted_sentiment
8914,δυας,-490.0,-0.9875
8914,δυας,-353.0,-0.95585
8914,δυας,-50.0,-0.9689666666666668
8914,δυας,90.0,-0.992
8914,δυας,172.0,-0.9921
8914,δυας,200.0,-0.9238
8914,δυας,249.0,-0.9803
8914,δυας,350.0,-0.9849
8914,δυας,352.0,-0.9821
8914,δυας,530.0,-0.925
8914,δυας,550.0,-0.9372199999999999
8914,δυας,1127.0,-0.9434
