id,word,year,mean_weighted_sentiment
9315,δωρεω,-266.0,-0.8748333333333335
9315,δωρεω,-50.0,-0.9201342857142856
9315,δωρεω,15.0,0.8773
9315,δωρεω,147.0,-0.9509
9315,δωρεω,150.0,-0.9572
9315,δωρεω,152.0,-0.9613
9315,δωρεω,200.0,-0.9661333333333334
9315,δωρεω,269.0,-0.9754
9315,δωρεω,299.0,-0.9827
9315,δωρεω,350.0,-0.9010333333333334
9315,δωρεω,490.0,-0.921
9315,δωρεω,950.0,-0.9829214285714285
