id,word,year,mean_weighted_sentiment
9332,δωρον,-500.0,-0.9909
9332,δωρον,-353.0,-0.9835
9332,δωρον,-266.0,-0.8023428571428572
9332,δωρον,-50.0,-0.8871352941176471
9332,δωρον,15.0,-0.90005
9332,δωρον,150.0,-0.94235
9332,δωρον,152.0,-0.9613
9332,δωρον,200.0,-0.13802857142857144
9332,δωρον,269.0,-0.9596
9332,δωρον,311.0,-0.9484
9332,δωρον,350.0,-0.9028666666666667
9332,δωρον,425.0,-0.9216000000000001
9332,δωρον,490.0,-0.8905
9332,δωρον,950.0,-0.8859052631578948
