id,word,year,mean_weighted_sentiment
9323,δωριος,-149.0,-0.9906
9323,δωριος,-50.0,-0.9720833333333333
9323,δωριος,950.0,-0.9763999999999999
