id,word,year,mean_weighted_sentiment
9314,δωρεα,-490.0,-0.008500000000000008
9314,δωρεα,-266.0,-0.9507
9314,δωρεα,-50.0,-0.9606142857142856
9314,δωρεα,-34.0,-0.9713
9314,δωρεα,15.0,-0.3131333333333333
9314,δωρεα,49.0,-0.9406
9314,δωρεα,80.0,-0.9051
9314,δωρεα,147.0,-0.9378
9314,δωρεα,350.0,-0.5717799999999998
9314,δωρεα,425.0,-0.9354
9314,δωρεα,490.0,-0.9153249999999999
9314,δωρεα,950.0,-0.9848666666666667
