id,word,year,mean_weighted_sentiment
9313,δωμαω,-490.0,-0.9936
9313,δωμαω,-450.0,-0.9914000000000001
9313,δωμαω,-266.0,-0.9922
9313,δωμαω,-50.0,-0.9540200000000001
9313,δωμαω,200.0,-0.991
9313,δωμαω,950.0,-0.9861
