id,word,year,mean_weighted_sentiment
9320,δωριευς,-149.0,-0.9908166666666668
9320,δωριευς,-50.0,-0.95255
9320,δωριευς,150.0,-0.9302250000000001
9320,δωριευς,950.0,-0.97195
