id,word,year,mean_weighted_sentiment
9301,δωδεκας,-353.0,-0.9912
9301,δωδεκας,-266.0,-0.9696166666666667
9301,δωδεκας,-155.0,-0.9110333333333333
9301,δωδεκας,-50.0,-0.9674
9301,δωδεκας,15.0,-0.9907
9301,δωδεκας,127.0,-0.9366
9301,δωδεκας,147.0,-0.9264
9301,δωδεκας,150.0,-0.837
9301,δωδεκας,172.0,-0.98325
9301,δωδεκας,299.0,0.6587
9301,δωδεκας,320.0,-0.949
9301,δωδεκας,490.0,-0.9892
9301,δωδεκας,950.0,-0.9779500000000001
