id,word,year,mean_weighted_sentiment
9297,δωδεκα,-353.0,-0.9912
9297,δωδεκα,-266.0,-0.9696166666666667
9297,δωδεκα,-155.0,-0.9110333333333333
9297,δωδεκα,-50.0,-0.9674
9297,δωδεκα,15.0,-0.9907
9297,δωδεκα,127.0,-0.9366
9297,δωδεκα,150.0,-0.837
9297,δωδεκα,172.0,-0.98325
9297,δωδεκα,299.0,0.6587
9297,δωδεκα,320.0,-0.949
9297,δωδεκα,490.0,-0.9892
9297,δωδεκα,950.0,-0.9779500000000001
