id,word,year,mean_weighted_sentiment
9365,εβραιος,150.0,-0.9827400000000001
9365,εβραιος,219.0,-0.9907
9365,εβραιος,950.0,-0.9842333333333334
