id,word,year,mean_weighted_sentiment
9395,εγειρω,-266.0,-0.9581666666666667
9395,εγειρω,-50.0,-0.9694714285714287
9395,εγειρω,15.0,-0.9535
9395,εγειρω,150.0,-0.963
9395,εγειρω,352.0,-0.9655666666666667
9395,εγειρω,950.0,-0.97065
