id,word,year,mean_weighted_sentiment
9474,εγκλημα,-479.0,-0.9631
9474,εγκλημα,-155.0,-0.9913
9474,εγκλημα,-50.0,-0.9700166666666666
9474,εγκλημα,15.0,-0.9415
9474,εγκλημα,80.0,-0.9515
9474,εγκλημα,269.0,-0.9824
9474,εγκλημα,350.0,-0.947125
9474,εγκλημα,490.0,-0.9379
9474,εγκλημα,550.0,-0.9836666666666667
9474,εγκλημα,950.0,-0.9856200000000002
