id,word,year,mean_weighted_sentiment
9393,εγγυς,-550.0,-0.9868
9393,εγγυς,-450.0,-0.9867
9393,εγγυς,-415.0,-0.8152
9393,εγγυς,-353.0,-0.758
9393,εγγυς,-266.0,-0.5263111111111111
9393,εγγυς,-155.0,-0.9495
9393,εγγυς,-149.0,-0.95788
9393,εγγυς,-50.0,-0.9590928571428572
9393,εγγυς,15.0,-0.9066
9393,εγγυς,49.0,0.988
9393,εγγυς,150.0,-0.92805
9393,εγγυς,172.0,-0.8344
9393,εγγυς,200.0,-0.9257545454545454
9393,εγγυς,350.0,-0.89
9393,εγγυς,950.0,-0.9513
