id,word,year,mean_weighted_sentiment
9553,εγχος,-500.0,-0.9922500000000001
9553,εγχος,-450.0,-0.9901749999999999
9553,εγχος,-50.0,-0.9575529411764707
9553,εγχος,127.0,-0.9922
9553,εγχος,950.0,-0.983
