id,word,year,mean_weighted_sentiment
9566,εγχωριος,-353.0,-0.9345
9566,εγχωριος,-50.0,-0.9733666666666666
9566,εγχωριος,150.0,-0.9946
9566,εγχωριος,950.0,-0.9728714285714286
9566,εγχωριος,1118.0,-0.9053
