id,word,year,mean_weighted_sentiment
9537,εγχειρεω,-50.0,-0.9528
9537,εγχειρεω,200.0,-0.95932
9537,εγχειρεω,490.0,-0.8702
9537,εγχειρεω,550.0,-0.9477
9537,εγχειρεω,950.0,-0.9864999999999999
