id,word,year,mean_weighted_sentiment
9375,εγγιων,-300.0,-0.9188857142857143
9375,εγγιων,-266.0,-0.9524
9375,εγγιων,-155.0,-0.9058333333333334
9375,εγγιων,150.0,-0.97875
9375,εγγιων,200.0,-0.9895
9375,εγγιων,950.0,-0.98475
