id,word,year,mean_weighted_sentiment
9382,εγγραφω,-490.0,-0.9902
9382,εγγραφω,-353.0,-0.9837
9382,εγγραφω,-249.0,-0.8792666666666666
9382,εγγραφω,150.0,-0.9013
9382,εγγραφω,200.0,-0.9714499999999999
9382,εγγραφω,320.0,-0.9487
9382,εγγραφω,352.0,-0.9792
9382,εγγραφω,950.0,-0.963125
