id,word,year,mean_weighted_sentiment
9384,εγγυαω,-490.0,-0.9897
9384,εγγυαω,-266.0,-0.9817666666666667
9384,εγγυαω,-50.0,-0.9713199999999999
9384,εγγυαω,448.0,-0.9889
9384,εγγυαω,950.0,-0.9807857142857144
