id,word,year,mean_weighted_sentiment
9471,εγκεφαλος,-500.0,-0.9918
9471,εγκεφαλος,-415.0,-0.983425
9471,εγκεφαλος,-353.0,-0.9338666666666667
9471,εγκεφαλος,-50.0,-0.9505099999999999
9471,εγκεφαλος,172.0,-0.98795
9471,εγκεφαλος,200.0,-0.9562
9471,εγκεφαλος,950.0,-0.9819
