id,word,year,mean_weighted_sentiment
9587,εδραζω,-490.0,-0.9911
9587,εδραζω,-450.0,-0.9932
9587,εδραζω,-353.0,-0.9117
9587,εδραζω,-50.0,-0.9673
9587,εδραζω,150.0,-0.948225
9587,εδραζω,172.0,-0.9893
9587,εδραζω,950.0,-0.9731000000000001
