id,word,year,mean_weighted_sentiment
9591,εδρα,-490.0,-0.9911
9591,εδρα,-450.0,-0.9932
9591,εδρα,-415.0,-0.9859
9591,εδρα,-353.0,-0.9117
9591,εδρα,-50.0,-0.9673
9591,εδρα,150.0,-0.948225
9591,εδρα,172.0,-0.9893
9591,εδρα,950.0,-0.9731000000000001
