id,word,year,mean_weighted_sentiment
9575,εδαφος,-266.0,-0.9746
9575,εδαφος,-50.0,-0.95725
9575,εδαφος,150.0,-0.9516666666666667
9575,εδαφος,205.0,-0.982
9575,εδαφος,350.0,-0.9249
9575,εδαφος,425.0,-0.877
9575,εδαφος,950.0,-0.9829
