id,word,year,mean_weighted_sentiment
9588,εδραιος,-353.0,-0.9125
9588,εδραιος,-50.0,-0.9554999999999999
9588,εδραιος,150.0,-0.959775
