id,word,year,mean_weighted_sentiment
9625,εθνικος,-149.0,-0.9937
9625,εθνικος,-50.0,-0.9806999999999999
9625,εθνικος,269.0,-0.9824
9625,εθνικος,425.0,-0.9082
9625,εθνικος,950.0,-0.9881608695652175
