id,word,year,mean_weighted_sentiment
9601,εθας,-479.0,-0.9914
9601,εθας,-450.0,-0.9551000000000001
9601,εθας,-300.0,-0.9803
9601,εθας,-50.0,-0.97075
9601,εθας,49.0,-0.8674
9601,εθας,80.0,-0.861
9601,εθας,237.0,-0.9239799999999999
9601,εθας,320.0,-0.95445
9601,εθας,350.0,-0.9147
9601,εθας,352.0,-0.9929
9601,εθας,448.0,-0.96
9601,εθας,490.0,-0.9183
9601,εθας,550.0,-0.9758
9601,εθας,950.0,-0.981
