id,word,year,mean_weighted_sentiment
9621,εθιζω,-479.0,-0.9065
9621,εθιζω,-353.0,-0.9432
9621,εθιζω,-50.0,-0.9571714285714288
9621,εθιζω,172.0,-0.7959
9621,εθιζω,200.0,-0.9460250000000001
9621,εθιζω,550.0,-0.9796
9621,εθιζω,950.0,-0.97375
9621,εθιζω,1127.0,-0.9298
