id,word,year,mean_weighted_sentiment
9627,εθος,-500.0,-0.9903
9627,εθος,-353.0,-0.9484400000000001
9627,εθος,-266.0,-0.9599
9627,εθος,-149.0,-0.9902500000000001
9627,εθος,-50.0,-0.9593873015873018
9627,εθος,15.0,-0.89885
9627,εθος,147.0,-0.9721
9627,εθος,150.0,-0.9458090909090909
9627,εθος,152.0,-0.98045
9627,εθος,200.0,-0.9224555555555555
9627,εθος,299.0,-0.9357
9627,εθος,335.0,-0.9878
9627,εθος,359.0,-0.9609
9627,εθος,448.0,-0.9581
9627,εθος,550.0,-0.9663
9627,εθος,950.0,-0.97136
