id,word,year,mean_weighted_sentiment
9650,ειδωλον,-266.0,-0.9687499999999999
9650,ειδωλον,-50.0,-0.9783454545454545
9650,ειδωλον,49.0,-0.9919
9650,ειδωλον,150.0,-0.9573249999999999
9650,ειδωλον,200.0,-0.7975999999999999
9650,ειδωλον,237.0,-0.8526666666666666
9650,ειδωλον,269.0,-0.9841500000000001
9650,ειδωλον,299.0,-0.9703999999999999
9650,ειδωλον,350.0,-0.9204
9650,ειδωλον,425.0,-0.9321666666666667
9650,ειδωλον,950.0,-0.9809789473684211
