id,word,year,mean_weighted_sentiment
9690,εικω,-490.0,-0.9924
9690,εικω,-50.0,-0.9495319999999999
9690,εικω,150.0,-0.91705
9690,εικω,182.0,-0.8554
9690,εικω,237.0,0.06169999999999998
9690,εικω,425.0,-0.9292
9690,εικω,448.0,-0.853
9690,εικω,950.0,-0.9213999999999999
