id,word,year,mean_weighted_sentiment
9657,εικαζω,-490.0,-0.9924
9657,εικαζω,-50.0,-0.9450750000000001
9657,εικαζω,150.0,-0.930625
9657,εικαζω,182.0,-0.8554
9657,εικαζω,237.0,0.06169999999999998
9657,εικαζω,448.0,-0.853
9657,εικαζω,950.0,-0.9213999999999999
