id,word,year,mean_weighted_sentiment
9688,εικοτως,-479.0,-0.9316
9688,εικοτως,-50.0,-0.9427666666666666
9688,εικοτως,150.0,-0.94235
9688,εικοτως,172.0,-0.991
9688,εικοτως,182.0,-0.975
9688,εικοτως,200.0,-0.9675666666666666
9688,εικοτως,448.0,-0.9526
9688,εικοτως,490.0,-0.8745
9688,εικοτως,530.0,-0.9262
9688,εικοτως,550.0,-0.893
