id,word,year,mean_weighted_sentiment
9680,εικοσι,-353.0,-0.484975
9680,εικοσι,-266.0,-0.9544428571428571
9680,εικοσι,-149.0,-0.99325
9680,εικοσι,-50.0,-0.9550722222222223
9680,εικοσι,15.0,-0.9341
9680,εικοσι,150.0,-0.92892
9680,εικοσι,152.0,-0.9318500000000001
9680,εικοσι,172.0,-0.9924333333333334
9680,εικοσι,200.0,-0.9895
9680,εικοσι,219.0,-0.8756
9680,εικοσι,320.0,-0.9638
9680,εικοσι,350.0,-0.92425
9680,εικοσι,448.0,-0.9378
9680,εικοσι,490.0,-0.8969
9680,εικοσι,550.0,-0.7882
