id,word,year,mean_weighted_sentiment
9824,εισηγεομαι,-50.0,-0.9261600000000001
9824,εισηγεομαι,425.0,-0.9294666666666668
