id,word,year,mean_weighted_sentiment
9904,εισω,-500.0,-0.9855
9904,εισω,-50.0,-0.9622333333333334
9904,εισω,15.0,-0.9713
9904,εισω,150.0,-0.946
9904,εισω,152.0,-0.9641
9904,εισω,172.0,-0.98775
9904,εισω,359.0,-0.8979
9904,εισω,425.0,-0.8912
9904,εισω,448.0,-0.8663
