id,word,year,mean_weighted_sentiment
9821,εισερχομαι,-500.0,-0.9854
9821,εισερχομαι,-266.0,-0.9405999999999999
9821,εισερχομαι,-50.0,-0.94382
9821,εισερχομαι,150.0,-0.8832
9821,εισερχομαι,237.0,-0.9493
9821,εισερχομαι,350.0,-0.9082
9821,εισερχομαι,425.0,-0.84755
