id,word,year,mean_weighted_sentiment
9745,ειρηνη,-387.0,-0.9937
9745,ειρηνη,-353.0,-0.95588
9745,ειρηνη,-266.0,-0.9149463414634148
9745,ειρηνη,-50.0,-0.9516
9745,ειρηνη,15.0,-0.940525
9745,ειρηνη,49.0,-0.9549
9745,ειρηνη,150.0,-0.9701428571428572
9745,ειρηνη,152.0,-0.9445
9745,ειρηνη,200.0,-0.975175
9745,ειρηνη,219.0,-0.9388
9745,ειρηνη,350.0,-0.9759
9745,ειρηνη,425.0,-0.8909090909090908
9745,ειρηνη,490.0,-0.8699250000000001
9745,ειρηνη,950.0,-0.9826666666666667
