id,word,year,mean_weighted_sentiment
9898,εισφορα,-550.0,-0.9601999999999999
9898,εισφορα,-353.0,-0.9887
9898,εισφορα,350.0,-0.9507
9898,εισφορα,425.0,-0.96065
