id,word,year,mean_weighted_sentiment
9656,ειθε,-479.0,-0.9914
9656,ειθε,-450.0,-0.9296666666666665
9656,ειθε,-50.0,-0.9852
9656,ειθε,49.0,-0.8674
9656,ειθε,80.0,-0.861
9656,ειθε,152.0,-0.9281
9656,ειθε,237.0,-0.9239799999999999
9656,ειθε,350.0,-0.9147
9656,ειθε,352.0,-0.9929
9656,ειθε,448.0,-0.96
9656,ειθε,490.0,-0.9183
9656,ειθε,550.0,-0.9758
9656,ειθε,950.0,-0.97162
