id,word,year,mean_weighted_sentiment
9762,ειρω,-479.0,-0.9357
9762,ειρω,-353.0,-0.19174999999999998
9762,ειρω,-155.0,-0.8648
9762,ειρω,-50.0,-0.9602071428571428
9762,ειρω,172.0,-0.968
9762,ειρω,200.0,0.5499
9762,ειρω,320.0,-0.8749
9762,ειρω,425.0,-0.96595
9762,ειρω,550.0,-0.9532
9762,ειρω,950.0,-0.9833
