id,word,year,mean_weighted_sentiment
9715,ειλω,-353.0,-0.935
9715,ειλω,-149.0,-0.9913
9715,ειλω,-50.0,-0.9263302325581395
9715,ειλω,147.0,-0.9872
9715,ειλω,150.0,-0.8941
9715,ειλω,172.0,-0.9901
9715,ειλω,200.0,-0.9867
9715,ειλω,205.0,-0.9912
9715,ειλω,269.0,-0.8968
9715,ειλω,352.0,-0.99
9715,ειλω,950.0,-0.9835649999999999
