id,word,year,mean_weighted_sentiment
10008,εκδιδωμι,-266.0,-0.9626
10008,εκδιδωμι,-50.0,-0.9382333333333334
10008,εκδιδωμι,150.0,-0.9389
10008,εκδιδωμι,490.0,-0.88875
10008,εκδιδωμι,950.0,-0.9921
