id,word,year,mean_weighted_sentiment
10318,εκραινω,-266.0,-0.9578857142857142
10318,εκραινω,-155.0,-0.8583
10318,εκραινω,-149.0,-0.9921
10318,εκραινω,-50.0,-0.95684
10318,εκραινω,150.0,-0.91675
10318,εκραινω,182.0,-0.9198
10318,εκραινω,320.0,-0.98325
10318,εκραινω,950.0,-0.8586
