id,word,year,mean_weighted_sentiment
10463,εκων,-490.0,-0.9898
10463,εκων,-353.0,-0.96765
10463,εκων,-50.0,-0.9504555555555556
10463,εκων,150.0,-0.9564888888888888
10463,εκων,152.0,-0.9762500000000001
10463,εκων,200.0,-0.989325
10463,εκων,269.0,-0.96245
10463,εκων,350.0,-0.9289000000000001
10463,εκων,425.0,-0.888
10463,εκων,950.0,-0.9860333333333333
10463,εκων,1127.0,-0.9527333333333333
