id,word,year,mean_weighted_sentiment
10156,εκλεγω,-353.0,-0.96975
10156,εκλεγω,-266.0,-0.0012499999999999734
10156,εκλεγω,-50.0,-0.926
10156,εκλεγω,49.0,-0.8737
10156,εκλεγω,200.0,-0.7169571428571428
10156,εκλεγω,352.0,-0.9899
