id,word,year,mean_weighted_sentiment
9924,εκατερωθεν,-149.0,-0.9923
9924,εκατερωθεν,-50.0,-0.9555999999999999
9924,εκατερωθεν,90.0,-0.9711
9924,εκατερωθεν,127.0,-0.9215
9924,εκατερωθεν,150.0,-0.8906000000000001
9924,εκατερωθεν,172.0,-0.9928
9924,εκατερωθεν,200.0,-0.5668000000000001
9924,εκατερωθεν,425.0,-0.8319000000000001
9924,εκατερωθεν,448.0,-0.9067
9924,εκατερωθεν,950.0,-0.9839000000000001
