id,word,year,mean_weighted_sentiment
10101,εκκλησια,-353.0,-0.9762666666666666
10101,εκκλησια,-266.0,-0.6645
10101,εκκλησια,-149.0,0.8748
10101,εκκλησια,-50.0,-0.9515916666666665
10101,εκκλησια,-34.0,-0.9086
10101,εκκλησια,80.0,-0.91635
10101,εκκλησια,150.0,-0.9215538461538463
10101,εκκλησια,200.0,-0.9901
10101,εκκλησια,219.0,-0.93405
10101,εκκλησια,311.0,-0.95295
10101,εκκλησια,350.0,-0.9410142857142857
10101,εκκλησια,425.0,-0.8414046875
10101,εκκλησια,490.0,-0.9613
