id,word,year,mean_weighted_sentiment
10219,εκουσιος,-387.0,-0.9734999999999999
10219,εκουσιος,-353.0,-0.9315166666666667
10219,εκουσιος,-266.0,-0.8936499999999999
10219,εκουσιος,-50.0,-0.9195714285714286
10219,εκουσιος,15.0,-0.9039
10219,εκουσιος,150.0,-0.9612999999999999
10219,εκουσιος,237.0,0.6663
10219,εκουσιος,352.0,0.9448
10219,εκουσιος,1127.0,-0.962275
10219,εκουσιος,1150.0,-0.9768
