id,word,year,mean_weighted_sentiment
10175,εκλυω,-50.0,-0.9715666666666666
10175,εκλυω,172.0,-0.9922
10175,εκλυω,311.0,-0.9301999999999999
10175,εκλυω,950.0,-0.985
