id,word,year,mean_weighted_sentiment
10168,εκλογη,-50.0,-0.9568333333333333
10168,εκλογη,200.0,-0.9366200000000001
10168,εκλογη,950.0,-0.9898499999999999
