id,word,year,mean_weighted_sentiment
10012,εκδικησις,-266.0,-0.9722200000000001
10012,εκδικησις,-50.0,-0.9486333333333333
