id,word,year,mean_weighted_sentiment
10034,εκεχειρια,-50.0,-0.9714750000000001
10034,εκεχειρια,15.0,-0.9861
10034,εκεχειρια,150.0,-0.961825
10034,εκεχειρια,950.0,-0.9916
