id,word,year,mean_weighted_sentiment
9951,εκατος,-353.0,-0.95535
9951,εκατος,-266.0,-0.9125428571428571
9951,εκατος,-149.0,-0.9927666666666667
9951,εκατος,-50.0,-0.9690538461538462
9951,εκατος,15.0,-0.9341
9951,εκατος,150.0,-0.9209499999999999
9951,εκατος,152.0,-0.946
9951,εκατος,425.0,-0.8488
9951,εκατος,950.0,-0.9829
