id,word,year,mean_weighted_sentiment
10011,εκδικεω,-266.0,-0.9694166666666666
10011,εκδικεω,-50.0,-0.9486333333333333
