id,word,year,mean_weighted_sentiment
10106,εκκλινω,-266.0,-0.9760333333333332
10106,εκκλινω,-50.0,-0.9347200000000001
