id,word,year,mean_weighted_sentiment
9941,εκατον,-353.0,-0.9648
9941,εκατον,-266.0,-0.9125428571428571
9941,εκατον,-149.0,-0.9927666666666667
9941,εκατον,-50.0,-0.968464
9941,εκατον,15.0,-0.9341
9941,εκατον,150.0,-0.9209499999999999
9941,εκατον,152.0,-0.946
9941,εκατον,425.0,-0.8488
9941,εκατον,950.0,-0.9829
