id,word,year,mean_weighted_sentiment
10470,ελαιον,-353.0,-0.9713666666666666
10470,ελαιον,-266.0,-0.9568357142857142
10470,ελαιον,-50.0,-0.9545600000000001
10470,ελαιον,127.0,-0.9289
10470,ελαιον,150.0,-0.9158333333333332
10470,ελαιον,172.0,-0.0042999999999999705
10470,ελαιον,200.0,-0.94635
10470,ελαιον,311.0,-0.9615333333333332
10470,ελαιον,350.0,-0.9005
10470,ελαιον,530.0,-0.9575
10470,ελαιον,950.0,-0.9808233333333335
