id,word,year,mean_weighted_sentiment
10612,ελλεβορος,172.0,-0.9861249999999999
10612,ελλεβορος,352.0,-0.9914
10612,ελλεβορος,950.0,-0.9891000000000001
