id,word,year,mean_weighted_sentiment
10523,ελεγχω,-266.0,-0.9279
10523,ελεγχω,-155.0,-0.9524
10523,ελεγχω,-50.0,-0.9612916666666668
10523,ελεγχω,147.0,-0.9447
10523,ελεγχω,150.0,-0.9554499999999999
10523,ελεγχω,200.0,-0.9551777777777777
10523,ελεγχω,219.0,-0.9289000000000001
10523,ελεγχω,320.0,-0.99
10523,ελεγχω,350.0,-0.8841
10523,ελεγχω,425.0,-0.8998833333333334
10523,ελεγχω,490.0,-0.8923
10523,ελεγχω,530.0,-0.934
10523,ελεγχω,550.0,-0.9566666666666667
10523,ελεγχω,950.0,-0.9567666666666668
