id,word,year,mean_weighted_sentiment
10510,ελεας,-266.0,0.14915833333333328
10510,ελεας,-50.0,-0.9716999999999999
10510,ελεας,950.0,-0.9919
