id,word,year,mean_weighted_sentiment
10488,ελατη,-50.0,-0.43398749999999997
10488,ελατη,200.0,-0.979
10488,ελατη,950.0,-0.9894333333333334
