id,word,year,mean_weighted_sentiment
10518,ελεγος,-155.0,-0.911
10518,ελεγος,-50.0,-0.948557142857143
10518,ελεγος,127.0,-0.9385
10518,ελεγος,150.0,-0.9509
10518,ελεγος,425.0,-0.9059
10518,ελεγος,490.0,-0.8852
10518,ελεγος,530.0,-0.9781
10518,ελεγος,950.0,-0.9909666666666667
