id,word,year,mean_weighted_sentiment
10544,ελευθεριος,-387.0,-0.9925
10544,ελευθεριος,-50.0,-0.9894499999999999
10544,ελευθεριος,147.0,-0.8437
10544,ελευθεριος,150.0,-0.9705
10544,ελευθεριος,172.0,-0.9914
10544,ελευθεριος,299.0,-0.992
10544,ελευθεριος,950.0,-0.9720333333333334
