id,word,year,mean_weighted_sentiment
10640,ελος,-500.0,-0.9915
10640,ελος,-490.0,-0.9936
10640,ελος,-450.0,-0.9888
10640,ελος,-266.0,-0.189047572815534
10640,ελος,-149.0,-0.8016
10640,ελος,-50.0,-0.7800322580645164
10640,ελος,150.0,-0.9583111111111111
10640,ελος,200.0,-0.9316
10640,ελος,490.0,-0.8369
10640,ελος,950.0,-0.9865083333333334
