id,word,year,mean_weighted_sentiment
10605,ελκω,-500.0,-0.9904
10605,ελκω,-415.0,0.6244
10605,ελκω,-353.0,-0.9667
10605,ελκω,-266.0,-0.9027000000000001
10605,ελκω,-155.0,-0.9901
10605,ελκω,-50.0,-0.9355038461538461
10605,ελκω,127.0,-0.9277
10605,ελκω,150.0,-0.9344
10605,ελκω,152.0,-0.95
10605,ελκω,172.0,-0.98965
10605,ελκω,200.0,-0.9675333333333334
10605,ελκω,269.0,-0.9777
10605,ελκω,447.0,-0.9123
10605,ελκω,950.0,-0.9589333333333334
10605,ελκω,1118.0,-0.9611
