id,word,year,mean_weighted_sentiment
10619,ελληνις,-550.0,-0.973
10619,ελληνις,-450.0,-0.9919
10619,ελληνις,-149.0,-0.6566400000000001
10619,ελληνις,-50.0,-0.9576374999999999
10619,ελληνις,150.0,-0.9436
10619,ελληνις,350.0,-0.851
10619,ελληνις,950.0,-0.982075
