id,word,year,mean_weighted_sentiment
10551,ελευθεροω,-450.0,-0.7154
10551,ελευθεροω,-353.0,-0.9750000000000001
10551,ελευθεροω,-266.0,-0.9617
10551,ελευθεροω,-50.0,-0.9411333333333333
10551,ελευθεροω,15.0,-0.8777999999999999
10551,ελευθεροω,150.0,-0.9309999999999999
10551,ελευθεροω,219.0,-0.9571
10551,ελευθεροω,350.0,-0.90745
10551,ελευθεροω,950.0,-0.9823500000000001
