id,word,year,mean_weighted_sentiment
10597,ελκος,-415.0,-0.7364714285714286
10597,ελκος,-155.0,-0.9901
10597,ελκος,-50.0,-0.9434357142857142
10597,ελκος,150.0,-0.96375
10597,ελκος,172.0,-0.9867375
10597,ελκος,299.0,0.9864
10597,ελκος,447.0,-0.9123
