id,word,year,mean_weighted_sentiment
10525,ελεεω,-266.0,-0.2011782608695652
10525,ελεεω,-50.0,-0.96359
10525,ελεεω,80.0,-0.9278
10525,ελεεω,200.0,-0.8942
10525,ελεεω,950.0,-0.979375
