id,word,year,mean_weighted_sentiment
10614,ελλειπω,-490.0,-0.9905
10614,ελλειπω,-353.0,-0.9709666666666666
10614,ελλειπω,-266.0,-0.979
10614,ελλειπω,-50.0,-0.9588375
10614,ελλειπω,237.0,-0.93
10614,ελλειπω,950.0,-0.9907
