id,word,year,mean_weighted_sentiment
10626,ελλησποντος,-50.0,-0.950378947368421
10626,ελλησποντος,127.0,-0.94542
10626,ελλησποντος,150.0,-0.9562
10626,ελλησποντος,490.0,-0.8708600000000001
