id,word,year,mean_weighted_sentiment
10583,ελισσω,-490.0,0.0019499999999999518
10583,ελισσω,-450.0,-0.993
10583,ελισσω,-266.0,-0.9896
10583,ελισσω,-50.0,-0.9607888888888889
10583,ελισσω,127.0,-0.9366
