id,word,year,mean_weighted_sentiment
10568,ελεφας,-353.0,-0.9302
10568,ελεφας,-266.0,-0.9386599999999999
10568,ελεφας,-50.0,-0.96262
10568,ελεφας,150.0,-0.9574
10568,ελεφας,950.0,-0.9769333333333332
