id,word,year,mean_weighted_sentiment
10472,ελαιος,-353.0,-0.96684
10472,ελαιος,-266.0,-0.9521666666666668
10472,ελαιος,-149.0,-0.9944
10472,ελαιος,-50.0,-0.9477
10472,ελαιος,150.0,-0.8958999999999999
10472,ελαιος,172.0,-0.0042999999999999705
10472,ελαιος,200.0,-0.94635
10472,ελαιος,311.0,-0.9581
10472,ελαιος,350.0,-0.9005
10472,ελαιος,530.0,-0.9575
10472,ελαιος,950.0,-0.9816952380952383
