id,word,year,mean_weighted_sentiment
10598,ελκοω,-415.0,0.6244
10598,ελκοω,-155.0,-0.9901
10598,ελκοω,-50.0,-0.9233500000000001
10598,ελκοω,150.0,-0.91045
10598,ελκοω,172.0,-0.98965
10598,ελκοω,447.0,-0.8699
