id,word,year,mean_weighted_sentiment
10490,ελατηρ,-50.0,-0.9705333333333334
10490,ελατηρ,950.0,-0.9915333333333334
