id,word,year,mean_weighted_sentiment
10582,ελιξ,-450.0,-0.9913
10582,ελιξ,-50.0,-0.41647142857142855
10582,ελιξ,150.0,-0.9929
10582,ελιξ,200.0,-0.9917
10582,ελιξ,320.0,-0.49681999999999993
10582,ελιξ,950.0,-0.99245
