id,word,year,mean_weighted_sentiment
10795,εμποριον,-353.0,-0.95862
10795,εμποριον,-149.0,0.3141333333333333
10795,εμποριον,-50.0,-0.9781
10795,εμποριον,490.0,-0.8912
10795,εμποριον,950.0,-0.9853285714285714
