id,word,year,mean_weighted_sentiment
10778,εμποδων,-490.0,-0.9938
10778,εμποδων,-50.0,-0.9834499999999999
10778,εμποδων,950.0,-0.9806166666666667
