id,word,year,mean_weighted_sentiment
10740,εμπεδος,-500.0,-0.9909
10740,εμπεδος,-353.0,-0.9848
10740,εμπεδος,-50.0,-0.9771533333333334
10740,εμπεδος,269.0,-0.9868
10740,εμπεδος,950.0,0.0030999999999999917
