id,word,year,mean_weighted_sentiment
10735,εμπας,-490.0,-0.9913
10735,εμπας,-450.0,-0.9843333333333333
10735,εμπας,-50.0,-0.9807666666666668
10735,εμπας,950.0,-0.9858
