id,word,year,mean_weighted_sentiment
10674,εμβολη,-50.0,-0.9395199999999999
10674,εμβολη,150.0,-0.94665
10674,εμβολη,172.0,-0.9898
10674,εμβολη,311.0,-0.9388
10674,εμβολη,950.0,-0.9777
