id,word,year,mean_weighted_sentiment
10655,εμβαινω,-50.0,-0.9698142857142856
10655,εμβαινω,152.0,-0.9781333333333334
10655,εμβαινω,200.0,-0.9854
10655,εμβαινω,350.0,-0.9428000000000001
10655,εμβαινω,950.0,-0.9635666666666666
