id,word,year,mean_weighted_sentiment
10673,εμβολευς,-50.0,-0.9395199999999999
10673,εμβολευς,150.0,-0.94665
10673,εμβολευς,311.0,-0.9388
10673,εμβολευς,950.0,-0.9486
