id,word,year,mean_weighted_sentiment
10654,εμβαδον,150.0,-0.7110181818181818
10654,εμβαδον,200.0,-0.9868
10654,εμβαδον,249.0,-0.9609714285714287
