id,word,year,mean_weighted_sentiment
10656,εμβαλλω,-266.0,-0.9692
10656,εμβαλλω,-50.0,-0.9185333333333333
10656,εμβαλλω,150.0,-0.9058900000000001
10656,εμβαλλω,152.0,-0.8787
10656,εμβαλλω,350.0,-0.9399500000000001
10656,εμβαλλω,490.0,-0.8248
10656,εμβαλλω,950.0,-0.9754333333333332
