id,word,year,mean_weighted_sentiment
10743,εμπειρια,-387.0,-0.9946
10743,εμπειρια,-353.0,-0.9501
10743,εμπειρια,-50.0,-0.9607
10743,εμπειρια,150.0,-0.6656714285714286
10743,εμπειρια,352.0,0.9964
10743,εμπειρια,550.0,-0.34686666666666666
10743,εμπειρια,950.0,0.9924
