id,word,year,mean_weighted_sentiment
10842,εμψυχοω,-387.0,-0.9906
10842,εμψυχοω,-50.0,-0.9652333333333334
10842,εμψυχοω,200.0,-0.45785
10842,εμψυχοω,950.0,-0.9705666666666666
