id,word,year,mean_weighted_sentiment
10731,εμπαλιν,-490.0,-0.9929
10731,εμπαλιν,-50.0,-0.9465
10731,εμπαλιν,150.0,-0.9419
10731,εμπαλιν,172.0,-0.9906
10731,εμπαλιν,182.0,-0.9591
10731,εμπαλιν,200.0,-0.9555333333333333
10731,εμπαλιν,530.0,-0.9464
10731,εμπαλιν,950.0,-0.9869666666666667
