id,word,year,mean_weighted_sentiment
11244,εντος,-415.0,-0.9357
11244,εντος,-353.0,-0.854125
11244,εντος,-266.0,-0.96
11244,εντος,-155.0,-0.9261
11244,εντος,-149.0,-0.9648333333333334
11244,εντος,-50.0,-0.9274454545454544
11244,εντος,80.0,-0.9444
11244,εντος,147.0,-0.9264
11244,εντος,150.0,-0.9637
11244,εντος,172.0,-0.9698333333333333
11244,εντος,200.0,-0.9918
11244,εντος,219.0,-0.9481
11244,εντος,320.0,-0.9407571428571428
11244,εντος,352.0,-0.98765
