id,word,year,mean_weighted_sentiment
10945,ενδεικνυμι,-50.0,-0.9364399999999999
10945,ενδεικνυμι,425.0,-0.91445
10945,ενδεικνυμι,448.0,-0.9359500000000001
10945,ενδεικνυμι,550.0,-0.9408
