id,word,year,mean_weighted_sentiment
11258,εντυγχανω,-450.0,-0.991
11258,εντυγχανω,-353.0,-0.9544
11258,εντυγχανω,-266.0,-0.9656
11258,εντυγχανω,-50.0,-0.943625
11258,εντυγχανω,147.0,-0.9410666666666666
11258,εντυγχανω,150.0,-0.9013
11258,εντυγχανω,172.0,-0.9778
11258,εντυγχανω,200.0,-0.992
11258,εντυγχανω,350.0,-0.9288
11258,εντυγχανω,425.0,-0.9456
11258,εντυγχανω,950.0,-0.99165
