id,word,year,mean_weighted_sentiment
11101,ενιοτε,-550.0,0.7509
11101,ενιοτε,-479.0,-0.9835
11101,ενιοτε,-353.0,-0.9326666666666666
11101,ενιοτε,-266.0,-0.9653
11101,ενιοτε,-50.0,-0.9607625
11101,ενιοτε,-34.0,-0.9568
11101,ενιοτε,172.0,-0.9492199999999998
11101,ενιοτε,200.0,-0.9903
11101,ενιοτε,352.0,-0.96085
11101,ενιοτε,950.0,-0.9726777777777778
