id,word,year,mean_weighted_sentiment
10957,ενδεχομαι,-479.0,-0.9009
10957,ενδεχομαι,-353.0,-0.940161111111111
10957,ενδεχομαι,-50.0,-0.9047
10957,ενδεχομαι,150.0,-0.88205
10957,ενδεχομαι,200.0,-0.9658666666666665
10957,ενδεχομαι,530.0,-0.9603
10957,ενδεχομαι,550.0,-0.9103
10957,ενδεχομαι,950.0,-0.9392
10957,ενδεχομαι,1127.0,-0.989
