id,word,year,mean_weighted_sentiment
11007,ενεδρευω,-50.0,-0.971875
11007,ενεδρευω,200.0,-0.9682
11007,ενεδρευω,950.0,-0.9847666666666667
