id,word,year,mean_weighted_sentiment
11006,ενεδρα,-266.0,-0.97278
11006,ενεδρα,-50.0,-0.9250666666666666
11006,ενεδρα,15.0,-0.9329
11006,ενεδρα,80.0,-0.8733
11006,ενεδρα,147.0,-0.9027000000000001
11006,ενεδρα,150.0,-0.8993333333333333
11006,ενεδρα,200.0,-0.9193
11006,ενεδρα,950.0,-0.9855
