id,word,year,mean_weighted_sentiment
11069,ενθεν,-266.0,-0.98
11069,ενθεν,-50.0,-0.9418249999999999
11069,ενθεν,350.0,0.9587
11069,ενθεν,950.0,-0.9801333333333333
