id,word,year,mean_weighted_sentiment
11228,εντιθημι,-266.0,-0.98
11228,εντιθημι,-50.0,-0.9447181818181818
11228,εντιθημι,15.0,-0.9251
11228,εντιθημι,350.0,0.9587
11228,εντιθημι,950.0,-0.9774857142857142
