id,word,year,mean_weighted_sentiment
11107,ενιστημι,-479.0,-0.9554
11107,ενιστημι,-450.0,-0.9551
11107,ενιστημι,-353.0,-0.07600000000000001
11107,ενιστημι,-266.0,-0.9841
11107,ενιστημι,-50.0,-0.9390105263157895
11107,ενιστημι,15.0,-0.7368
11107,ενιστημι,49.0,-0.9103
11107,ενιστημι,147.0,-0.9594
11107,ενιστημι,150.0,-0.9915
11107,ενιστημι,200.0,-0.9583769230769232
11107,ενιστημι,352.0,-0.9888
11107,ενιστημι,490.0,-0.8879
