id,word,year,mean_weighted_sentiment
11022,ενεος,-266.0,-0.017350000000000032
11022,ενεος,-50.0,-0.9438722222222222
11022,ενεος,269.0,-0.9746
11022,ενεος,320.0,-0.9823999999999999
11022,ενεος,448.0,-0.9611
11022,ενεος,550.0,-0.9287
11022,ενεος,950.0,-0.9865999999999999
