id,word,year,mean_weighted_sentiment
11281,ενωπιος,-266.0,-0.7488578947368421
11281,ενωπιος,-50.0,-0.9439500000000001
11281,ενωπιος,150.0,-0.9038
11281,ενωπιος,219.0,-0.9539
11281,ενωπιος,950.0,-0.9815
