id,word,year,mean_weighted_sentiment
11124,εννεα,-266.0,-0.9713
11124,εννεα,-50.0,-0.94618
11124,εννεα,269.0,-0.9746
11124,εννεα,320.0,-0.9823999999999999
11124,εννεα,448.0,-0.9611
11124,εννεα,550.0,-0.9287
11124,εννεα,950.0,-0.9878250000000001
