id,word,year,mean_weighted_sentiment
10943,ενδεια,-387.0,-0.9927
10943,ενδεια,-353.0,-0.9544333333333334
10943,ενδεια,-266.0,-0.968
10943,ενδεια,15.0,-0.9407
10943,ενδεια,150.0,-0.8974749999999999
10943,ενδεια,200.0,-0.9278
10943,ενδεια,490.0,-0.8471
10943,ενδεια,950.0,-0.9595400000000002
