id,word,year,mean_weighted_sentiment
11209,εντεινω,200.0,-0.8740666666666667
11209,εντεινω,950.0,-0.9498500000000001
