id,word,year,mean_weighted_sentiment
11029,ενεργης,-353.0,-0.8727666666666667
11029,ενεργης,-50.0,-0.9630636363636362
11029,ενεργης,147.0,-0.9464
11029,ενεργης,150.0,-0.8586
11029,ενεργης,200.0,-0.9732000000000001
11029,ενεργης,448.0,-0.7984
11029,ενεργης,550.0,-0.9284
11029,ενεργης,950.0,-0.9621
