id,word,year,mean_weighted_sentiment
11270,ενυπνιος,-266.0,-0.94436
11270,ενυπνιος,-50.0,-0.9823
11270,ενυπνιος,150.0,-0.32103333333333334
11270,ενυπνιος,352.0,-0.9745000000000001
11270,ενυπνιος,425.0,-0.9655
11270,ενυπνιος,448.0,-0.9614333333333334
11270,ενυπνιος,490.0,-0.9552499999999999
