id,word,year,mean_weighted_sentiment
10904,εναργης,-50.0,-0.96144
10904,εναργης,90.0,-0.9791
10904,εναργης,150.0,-0.7696000000000001
10904,εναργης,200.0,-0.9842
10904,εναργης,352.0,0.9329
10904,εναργης,530.0,-0.9658
10904,εναργης,950.0,-0.9598
