id,word,year,mean_weighted_sentiment
10882,εναντιοομαι,-550.0,-0.93955
10882,εναντιοομαι,-353.0,-0.9736
10882,εναντιοομαι,-50.0,-0.9622571428571428
10882,εναντιοομαι,90.0,-0.9941
10882,εναντιοομαι,147.0,-0.9347
10882,εναντιοομαι,200.0,-0.9400666666666666
10882,εναντιοομαι,237.0,-0.9923
10882,εναντιοομαι,350.0,-0.9728
10882,εναντιοομαι,530.0,-0.9686
10882,εναντιοομαι,550.0,-0.9557
10882,εναντιοομαι,950.0,-0.989075
