id,word,year,mean_weighted_sentiment
10991,ενδοξος,-353.0,-0.6913
10991,ενδοξος,-266.0,-0.9526100000000002
10991,ενδοξος,-50.0,-0.9552200000000001
10991,ενδοξος,15.0,-0.96975
10991,ενδοξος,49.0,-0.9174
10991,ενδοξος,147.0,-0.93366
10991,ενδοξος,150.0,-0.96165
10991,ενδοξος,152.0,-0.927
10991,ενδοξος,200.0,-0.9431181818181819
10991,ενδοξος,350.0,-0.9602
10991,ενδοξος,352.0,-0.31570000000000004
10991,ενδοξος,950.0,-0.97585
