id,word,year,mean_weighted_sentiment
11008,ενεδρος,-266.0,-0.9616285714285715
11008,ενεδρος,-50.0,-0.9544
11008,ενεδρος,150.0,-0.9525
11008,ενεδρος,950.0,-0.984675
