id,word,year,mean_weighted_sentiment
11137,εννοια,-550.0,-0.9698
11137,εννοια,-50.0,-0.9388888888888888
11137,εννοια,-34.0,0.8968
11137,εννοια,15.0,-0.09339999999999998
11137,εννοια,150.0,-0.85965
11137,εννοια,182.0,-0.8901
11137,εννοια,237.0,-0.903
11137,εννοια,320.0,0.994
11137,εννοια,335.0,0.5142
11137,εννοια,352.0,-0.9447
11137,εννοια,490.0,-0.9841
11137,εννοια,530.0,-0.18895
11137,εννοια,550.0,-0.9468
11137,εννοια,950.0,-0.8856666666666667
