id,word,year,mean_weighted_sentiment
10902,εναρα,-450.0,-0.9906
10902,εναρα,-50.0,-0.9685124999999999
10902,εναρα,950.0,-0.98415
