id,word,year,mean_weighted_sentiment
11067,ενθα,-490.0,-0.9641
11067,ενθα,-266.0,-0.9727
11067,ενθα,-50.0,-0.9612777777777778
11067,ενθα,127.0,-0.9313
11067,ενθα,150.0,-0.527025
11067,ενθα,152.0,-0.8917
11067,ενθα,269.0,-0.98892
11067,ενθα,311.0,-0.9552
11067,ενθα,447.0,-0.9288
11067,ενθα,448.0,-0.9834499999999999
11067,ενθα,550.0,-0.8872
11067,ενθα,950.0,-0.9636333333333335
