id,word,year,mean_weighted_sentiment
11672,εξουσιαζω,-353.0,-0.9792000000000001
11672,εξουσιαζω,-266.0,-0.968788888888889
11672,εξουσιαζω,-50.0,-0.9561181818181819
11672,εξουσιαζω,49.0,-0.9082666666666667
11672,εξουσιαζω,150.0,-0.9602142857142857
11672,εξουσιαζω,200.0,-0.9833333333333333
11672,εξουσιαζω,219.0,-0.9232
11672,εξουσιαζω,299.0,-0.9345
11672,εξουσιαζω,425.0,-0.9041
11672,εξουσιαζω,490.0,-0.9107
11672,εξουσιαζω,1118.0,-0.9524
11672,εξουσιαζω,1127.0,-0.9065
