id,word,year,mean_weighted_sentiment
11521,εξερχομαι,-353.0,-0.93
11521,εξερχομαι,-266.0,-0.9581142857142858
11521,εξερχομαι,-50.0,-0.9621875
11521,εξερχομαι,15.0,-0.9009
11521,εξερχομαι,150.0,-0.8811
11521,εξερχομαι,200.0,-0.9907
11521,εξερχομαι,219.0,-0.8738
11521,εξερχομαι,350.0,-0.9615
11521,εξερχομαι,950.0,-0.9822500000000001
11521,εξερχομαι,1118.0,-0.8962
