id,word,year,mean_weighted_sentiment
11528,εξεταζω,-266.0,-0.20799999999999996
11528,εξεταζω,-50.0,-0.9321
11528,εξεταζω,15.0,-0.9451499999999999
11528,εξεταζω,147.0,-0.9594
11528,εξεταζω,150.0,-0.9579
11528,εξεταζω,200.0,-0.9505
11528,εξεταζω,237.0,-0.9901
11528,εξεταζω,350.0,-0.9523333333333334
11528,εξεταζω,425.0,-0.8679
11528,εξεταζω,448.0,-0.98795
11528,εξεταζω,530.0,-0.9414
11528,εξεταζω,550.0,-0.987
11528,εξεταζω,950.0,-0.9875
