id,word,year,mean_weighted_sentiment
11397,εξαπατη,359.0,-0.9824
11397,εξαπατη,425.0,-0.9167000000000001
11397,εξαπατη,950.0,-0.9836999999999999
