id,word,year,mean_weighted_sentiment
11547,εξεχω,-50.0,-0.9576
11547,εξεχω,200.0,-0.9356333333333332
11547,εξεχω,950.0,-0.9813999999999999
