id,word,year,mean_weighted_sentiment
11671,εξουσια,-353.0,-0.9792000000000001
11671,εξουσια,-266.0,-0.968788888888889
11671,εξουσια,-50.0,-0.9561181818181819
11671,εξουσια,49.0,-0.9082666666666667
11671,εξουσια,150.0,-0.9602142857142857
11671,εξουσια,200.0,-0.9833333333333333
11671,εξουσια,219.0,-0.9232
11671,εξουσια,299.0,-0.9345
11671,εξουσια,425.0,-0.9041
11671,εξουσια,490.0,-0.9107
11671,εξουσια,1118.0,-0.9524
11671,εξουσια,1127.0,-0.9065
