id,word,year,mean_weighted_sentiment
11710,εοικοτως,-479.0,-0.9316
11710,εοικοτως,-50.0,-0.9427666666666666
11710,εοικοτως,150.0,-0.94235
11710,εοικοτως,172.0,-0.991
11710,εοικοτως,182.0,-0.975
11710,εοικοτως,200.0,-0.9675666666666666
11710,εοικοτως,448.0,-0.9526
11710,εοικοτως,490.0,-0.8745
11710,εοικοτως,530.0,-0.9262
11710,εοικοτως,550.0,-0.893
