id,word,year,mean_weighted_sentiment
11713,εορτη,-353.0,0.9837
11713,εορτη,-266.0,-0.7830333333333334
11713,εορτη,-50.0,-0.9506666666666668
11713,εορτη,15.0,-0.94535
11713,εορτη,150.0,-0.9457166666666668
11713,εορτη,152.0,-0.5459
11713,εορτη,311.0,0.9859
11713,εορτη,350.0,-0.984
11713,εορτη,425.0,-0.7622
11713,εορτη,490.0,-0.8261
11713,εορτη,950.0,-0.95834375
