id,word,year,mean_weighted_sentiment
12788,επιταφιος,-353.0,-0.1159
12788,επιταφιος,-50.0,-0.9739285714285713
12788,επιταφιος,269.0,-0.9611
12788,επιταφιος,950.0,-0.9869666666666667
