id,word,year,mean_weighted_sentiment
11847,επανοδος,-266.0,-0.9795666666666666
11847,επανοδος,-50.0,-0.94685
11847,επανοδος,425.0,-0.953288888888889
