id,word,year,mean_weighted_sentiment
12950,εποικος,-149.0,-0.9884666666666666
12950,εποικος,127.0,-0.9548
12950,εποικος,950.0,-0.042899999999999994
