id,word,year,mean_weighted_sentiment
12811,επιτηδευμα,-266.0,-0.9689090909090908
12811,επιτηδευμα,15.0,-0.91795
12811,επιτηδευμα,150.0,-0.9440375000000001
12811,επιτηδευμα,200.0,-0.9782500000000001
12811,επιτηδευμα,311.0,-0.8873
12811,επιτηδευμα,490.0,-0.9546
12811,επιτηδευμα,950.0,-0.9791666666666666
