id,word,year,mean_weighted_sentiment
12807,επιτηδειος,-415.0,-0.9701
12807,επιτηδειος,-387.0,-0.9878
12807,επιτηδειος,-353.0,-0.9931
12807,επιτηδειος,-266.0,-0.9480000000000001
12807,επιτηδειος,-50.0,-0.77572
12807,επιτηδειος,150.0,-0.894525
12807,επιτηδειος,200.0,-0.9621
12807,επιτηδειος,237.0,-0.9602
12807,επιτηδειος,350.0,-0.9091666666666667
12807,επιτηδειος,359.0,-0.8519
12807,επιτηδειος,490.0,-0.8528333333333333
12807,επιτηδειος,950.0,-0.9710818181818183
