id,word,year,mean_weighted_sentiment
12058,επιβαινω,-266.0,-0.9682666666666666
12058,επιβαινω,-50.0,-0.7901
12058,επιβαινω,127.0,-0.9157
12058,επιβαινω,150.0,-0.98875
12058,επιβαινω,219.0,-0.9784
12058,επιβαινω,425.0,-0.9729
12058,επιβαινω,490.0,-0.9399
12058,επιβαινω,950.0,-0.96025
