id,word,year,mean_weighted_sentiment
12934,επιχωρεω,-50.0,-0.8200000000000001
12934,επιχωρεω,150.0,-0.9483333333333334
12934,επιχωρεω,152.0,-0.9808
12934,επιχωρεω,490.0,-0.9661
12934,επιχωρεω,950.0,-0.9754
