id,word,year,mean_weighted_sentiment
11745,επαινεω,-550.0,-0.9129
11745,επαινεω,-450.0,-0.9883
11745,επαινεω,-266.0,-0.9921
11745,επαινεω,-50.0,-0.9540769230769232
11745,επαινεω,-34.0,-0.937
11745,επαινεω,147.0,-0.9165
11745,επαινεω,150.0,-0.9556
11745,επαινεω,200.0,-0.975775
11745,επαινεω,311.0,-0.8887333333333333
11745,επαινεω,350.0,-0.9077999999999999
11745,επαινεω,425.0,-0.9017
11745,επαινεω,950.0,-0.9501799999999999
