id,word,year,mean_weighted_sentiment
12678,επισκοπος,-450.0,-0.8814
12678,επισκοπος,-353.0,-0.9656
12678,επισκοπος,-266.0,-0.9271
12678,επισκοπος,-50.0,-0.9742000000000001
12678,επισκοπος,15.0,-0.9346
12678,επισκοπος,80.0,-0.9323
12678,επισκοπος,150.0,-0.9795
12678,επισκοπος,200.0,-0.9661500000000001
12678,επισκοπος,425.0,-0.7942924731182794
12678,επισκοπος,490.0,-0.9718
