id,word,year,mean_weighted_sentiment
11860,επανω,-300.0,-0.9403
11860,επανω,-266.0,-0.9481999999999999
11860,επανω,-149.0,-0.9448
11860,επανω,-50.0,-0.9664516129032257
11860,επανω,147.0,-0.8779
11860,επανω,150.0,-0.8939
11860,επανω,200.0,-0.9215
11860,επανω,249.0,-0.9407
11860,επανω,352.0,-0.9929
11860,επανω,950.0,-0.9808875
