id,word,year,mean_weighted_sentiment
12909,επιχειρεω,-479.0,-0.9898
12909,επιχειρεω,-353.0,-0.9756
12909,επιχειρεω,-50.0,-0.900725
12909,επιχειρεω,90.0,-0.9253
12909,επιχειρεω,150.0,-0.9455
12909,επιχειρεω,200.0,-0.9733857142857143
12909,επιχειρεω,350.0,-0.8766
12909,επιχειρεω,352.0,-0.9804
12909,επιχειρεω,425.0,-0.917
12909,επιχειρεω,550.0,-0.9419500000000001
12909,επιχειρεω,950.0,-0.978275
