id,word,year,mean_weighted_sentiment
11843,επανιημι,-300.0,-0.9403
11843,επανιημι,-266.0,-0.9481999999999999
11843,επανιημι,-149.0,-0.9448
11843,επανιημι,-50.0,-0.9658875
11843,επανιημι,147.0,-0.8779
11843,επανιημι,150.0,-0.8939
11843,επανιημι,200.0,-0.9215
11843,επανιημι,249.0,-0.9407
11843,επανιημι,352.0,-0.9877
11843,επανιημι,950.0,-0.9808875
