id,word,year,mean_weighted_sentiment
11734,επαθλον,-50.0,-0.9668599999999999
11734,επαθλον,950.0,-0.9769333333333333
