id,word,year,mean_weighted_sentiment
11726,επαγω,-490.0,-0.9689
11726,επαγω,-450.0,-0.9921
11726,επαγω,-266.0,-0.9835333333333334
11726,επαγω,-50.0,-0.9672000000000001
11726,επαγω,147.0,-0.9764
11726,επαγω,350.0,-0.8769
11726,επαγω,425.0,-0.9498
11726,επαγω,448.0,-0.9243
11726,επαγω,490.0,-0.8581
11726,επαγω,530.0,-0.9621500000000001
11726,επαγω,950.0,-0.9801166666666666
