id,word,year,mean_weighted_sentiment
12351,επικουρεω,-50.0,-0.9664625
12351,επικουρεω,150.0,-0.9921
12351,επικουρεω,950.0,-0.9878333333333335
