id,word,year,mean_weighted_sentiment
11748,επαιρω,-266.0,-0.969625
11748,επαιρω,-50.0,-0.9429
11748,επαιρω,490.0,-0.8393
11748,επαιρω,950.0,-0.98346
