id,word,year,mean_weighted_sentiment
12126,επιγραμμα,-50.0,-0.967
12126,επιγραμμα,150.0,-0.9503999999999999
12126,επιγραμμα,448.0,-0.9597
12126,επιγραμμα,950.0,-0.9809000000000001
