id,word,year,mean_weighted_sentiment
12729,επιστημων,-387.0,-0.9383
12729,επιστημων,-353.0,-0.9251666666666667
12729,επιστημων,-266.0,-0.9713
12729,επιστημων,-50.0,-0.979975
12729,επιστημων,15.0,-0.9696
12729,επιστημων,49.0,-0.8881
12729,επιστημων,127.0,-0.9886
12729,επιστημων,147.0,-0.8965
12729,επιστημων,150.0,-0.94696
12729,επιστημων,200.0,-0.9730666666666666
12729,επιστημων,352.0,-0.9509000000000001
12729,επιστημων,448.0,-0.9351
12729,επιστημων,530.0,-0.9599
12729,επιστημων,550.0,-0.95938
