id,word,year,mean_weighted_sentiment
13054,επωνυμος,-353.0,-0.9233
13054,επωνυμος,-149.0,-0.9908
13054,επωνυμος,-50.0,-0.2683666666666667
13054,επωνυμος,127.0,-0.7249
13054,επωνυμος,425.0,-0.9157
13054,επωνυμος,950.0,-0.983875
