id,word,year,mean_weighted_sentiment
12839,επιτρεχω,-50.0,-0.9708333333333332
12839,επιτρεχω,200.0,-0.9831
12839,επιτρεχω,490.0,-0.9664
12839,επιτρεχω,950.0,-0.98965
