id,word,year,mean_weighted_sentiment
12456,επιμελης,-155.0,-0.9456
12456,επιμελης,-149.0,-0.9915
12456,επιμελης,-50.0,-0.9375833333333334
12456,επιμελης,172.0,-0.90748
