id,word,year,mean_weighted_sentiment
13026,επτα,-415.0,-0.9716
13026,επτα,-353.0,-0.9915
13026,επτα,-266.0,-0.9560000000000001
13026,επτα,-155.0,-0.988
13026,επτα,-149.0,-0.98575
13026,επτα,-50.0,-0.96845
13026,επτα,15.0,-0.8968
13026,επτα,127.0,-0.97365
13026,επτα,147.0,-0.936
13026,επτα,150.0,-0.9530833333333333
13026,επτα,172.0,-0.9855
13026,επτα,200.0,-0.9936
13026,επτα,269.0,-0.9888
13026,επτα,350.0,-0.9926
13026,επτα,425.0,-0.16945
13026,επτα,448.0,-0.9488
13026,επτα,550.0,-0.9864
