id,word,year,mean_weighted_sentiment
12240,επιθυμεω,-353.0,-0.8312
12240,επιθυμεω,-266.0,-0.96995
12240,επιθυμεω,-50.0,-0.9068857142857143
12240,επιθυμεω,150.0,-0.9569
12240,επιθυμεω,200.0,-0.9717
12240,επιθυμεω,237.0,-0.9054
12240,επιθυμεω,311.0,-0.9505571428571429
12240,επιθυμεω,350.0,-0.9779
12240,επιθυμεω,950.0,-0.9834999999999999
