id,word,year,mean_weighted_sentiment
12454,επιμελεομαι,-450.0,-0.98925
12454,επιμελεομαι,-387.0,0.013900000000000023
12454,επιμελεομαι,-266.0,-0.967
12454,επιμελεομαι,-50.0,-0.9448294117647059
12454,επιμελεομαι,-34.0,-0.9643
12454,επιμελεομαι,150.0,-0.9714600000000001
12454,επιμελεομαι,269.0,-0.9627
12454,επιμελεομαι,350.0,-0.9254
12454,επιμελεομαι,425.0,-0.9324
12454,επιμελεομαι,950.0,-0.9846450000000002
