id,word,year,mean_weighted_sentiment
12859,επιφανης,-353.0,-0.9553
12859,επιφανης,-266.0,-0.9364
12859,επιφανης,-149.0,-0.3306333333333333
12859,επιφανης,-50.0,-0.8969428571428573
12859,επιφανης,490.0,-0.9261
12859,επιφανης,950.0,-0.97975
