id,word,year,mean_weighted_sentiment
12356,επικουρος,-50.0,-0.8712727272727272
12356,επικουρος,150.0,-0.9640599999999999
12356,επικουρος,269.0,-0.9827
12356,επικουρος,350.0,-0.8925
12356,επικουρος,352.0,-0.9863999999999999
12356,επικουρος,448.0,-0.9005
12356,επικουρος,950.0,-0.9867166666666666
