id,word,year,mean_weighted_sentiment
11717,επαγγελια,-266.0,-0.9869
11717,επαγγελια,-50.0,-0.946975
11717,επαγγελια,49.0,-0.8905000000000001
11717,επαγγελια,150.0,-0.8805
11717,επαγγελια,359.0,-0.9738
11717,επαγγελια,425.0,-0.8943
