id,word,year,mean_weighted_sentiment
12818,επιτιθημι,-50.0,-0.9659346938775509
12818,επιτιθημι,150.0,-0.94865
12818,επιτιθημι,200.0,-0.9455
12818,επιτιθημι,425.0,-0.88685
12818,επιτιθημι,490.0,-0.8741
12818,επιτιθημι,950.0,-0.9869
