id,word,year,mean_weighted_sentiment
12715,επιστασις,-155.0,0.6054
12715,επιστασις,-50.0,-0.9388333333333333
12715,επιστασις,15.0,-0.9523
12715,επιστασις,172.0,-0.9854
12715,επιστασις,200.0,-0.9921
12715,επιστασις,237.0,-0.9509
12715,επιστασις,448.0,-0.47402500000000003
