id,word,year,mean_weighted_sentiment
12797,επιτελεω,-50.0,-0.9746
12797,επιτελεω,425.0,-0.8937999999999999
12797,επιτελεω,950.0,-0.9895666666666667
