id,word,year,mean_weighted_sentiment
12674,επισκοπεω,-353.0,-0.9472999999999999
12674,επισκοπεω,-266.0,-0.9749166666666667
12674,επισκοπεω,-50.0,-0.9754499999999999
12674,επισκοπεω,15.0,-0.9297
12674,επισκοπεω,80.0,-0.9323
12674,επισκοπεω,150.0,-0.9795
12674,επισκοπεω,200.0,-0.9630124999999999
12674,επισκοπεω,352.0,-0.9886
12674,επισκοπεω,425.0,-0.7737220588235294
12674,επισκοπεω,550.0,-0.9648
