id,word,year,mean_weighted_sentiment
13150,ερημια,-266.0,-0.9563
13150,ερημια,-149.0,-0.9898
13150,ερημια,-50.0,-0.98035
13150,ερημια,15.0,-0.9112
13150,ερημια,150.0,-0.97105
13150,ερημια,200.0,-0.9895
