id,word,year,mean_weighted_sentiment
13084,εργαλειον,-50.0,-0.9717666666666668
13084,εργαλειον,150.0,-0.88415
13084,εργαλειον,205.0,-0.9706
13084,εργαλειον,950.0,-0.9866842105263158
