id,word,year,mean_weighted_sentiment
13073,εραστης,-50.0,-0.932325
13073,εραστης,147.0,-0.93
13073,εραστης,150.0,-0.9340705882352942
13073,εραστης,200.0,-0.9889
13073,εραστης,350.0,-0.2594666666666667
