id,word,year,mean_weighted_sentiment
13274,ερωδιος,-266.0,-0.8134
13274,ερωδιος,-50.0,-0.5858800000000001
13274,ερωδιος,200.0,-0.96405
