id,word,year,mean_weighted_sentiment
13205,εριφος,-266.0,-0.931025
13205,εριφος,-155.0,-0.9057666666666666
13205,εριφος,950.0,-0.9876
