id,word,year,mean_weighted_sentiment
13257,ερυθρος,-479.0,-0.9582
13257,ερυθρος,-415.0,-0.9744
13257,ερυθρος,-266.0,-0.9911999999999999
13257,ερυθρος,-50.0,-0.975425
13257,ερυθρος,127.0,-0.9865
13257,ερυθρος,950.0,-0.9558
