id,word,year,mean_weighted_sentiment
13086,εργασια,-550.0,-0.9723499999999999
13086,εργασια,-387.0,-0.9514
13086,εργασια,-353.0,-0.95182
13086,εργασια,-266.0,-0.9691749999999999
13086,εργασια,-50.0,-0.982
13086,εργασια,150.0,-0.6965875
13086,εργασια,350.0,-0.9293333333333335
