id,word,year,mean_weighted_sentiment
13245,ερρωμενος,-490.0,-0.9925
13245,ερρωμενος,-50.0,-0.9671571428571429
13245,ερρωμενος,-34.0,-0.9531
13245,ερρωμενος,150.0,-0.908125
13245,ερρωμενος,425.0,-0.9229
13245,ερρωμενος,490.0,-0.8866
