id,word,year,mean_weighted_sentiment
13287,ερωτις,-490.0,-0.9922
13287,ερωτις,-450.0,-0.9817
13287,ερωτις,-50.0,-0.942625
13287,ερωτις,150.0,-0.97005
13287,ερωτις,200.0,-0.9938
13287,ερωτις,950.0,-0.9751000000000001
