id,word,year,mean_weighted_sentiment
13093,εργατης,-353.0,-0.9902
13093,εργατης,-266.0,-0.964625
13093,εργατης,-50.0,-0.989
13093,εργατης,150.0,0.0046499999999999875
13093,εργατης,200.0,-0.9748666666666667
13093,εργατης,219.0,-0.9576
13093,εργατης,425.0,-0.95055
13093,εργατης,950.0,-0.9613
