id,word,year,mean_weighted_sentiment
13224,ερμης,-490.0,0.7024315789473684
13224,ερμης,-450.0,-0.9904
13224,ερμης,-266.0,-0.9834
13224,ερμης,-155.0,-0.9917
13224,ερμης,-50.0,-0.8509470588235294
13224,ερμης,15.0,-0.9821
13224,ερμης,147.0,-0.8823810000000001
13224,ερμης,150.0,-0.5862333333333333
13224,ερμης,152.0,0.4990743243243243
13224,ερμης,200.0,-0.9727058823529411
13224,ερμης,269.0,-0.9354
13224,ερμης,352.0,-0.9929
13224,ερμης,950.0,-0.9746105263157894
