id,word,year,mean_weighted_sentiment
13188,εριον,-415.0,-0.9835
13188,εριον,-266.0,-0.8844
13188,εριον,-50.0,-0.9624230769230769
13188,εριον,49.0,-0.94635
13188,εριον,147.0,-0.9398
13188,εριον,150.0,-0.9765999999999999
13188,εριον,172.0,-0.9899
13188,εριον,200.0,-0.9715
13188,εριον,205.0,-0.9625
13188,εριον,448.0,-0.9345
13188,εριον,950.0,-0.9597999999999999
