id,word,year,mean_weighted_sentiment
13239,ερπετον,-266.0,-0.9853
13239,ερπετον,150.0,-0.94745
13239,ερπετον,172.0,-0.9884666666666666
13239,ερπετον,200.0,-0.981
13239,ερπετον,447.0,-0.9673
13239,ερπετον,950.0,-0.9754400000000001
