id,word,year,mean_weighted_sentiment
13139,ερευνα,-50.0,-0.9826
13139,ερευνα,150.0,-0.9167000000000001
13139,ερευνα,950.0,-0.98805
