id,word,year,mean_weighted_sentiment
13278,ερωμενος,-353.0,-0.8678
13278,ερωμενος,-50.0,-0.9753666666666666
13278,ερωμενος,-34.0,-0.9592
13278,ερωμενος,150.0,-0.8965333333333335
13278,ερωμενος,950.0,-0.9881
