id,word,year,mean_weighted_sentiment
13317,εστια,-353.0,-0.9615
13317,εστια,-50.0,-0.5976727272727272
13317,εστια,150.0,-0.8265625
13317,εστια,425.0,-0.9656
13317,εστια,490.0,-0.9146
