id,word,year,mean_weighted_sentiment
13301,εσθω,-450.0,-0.98875
13301,εσθω,-266.0,-0.98325
13301,εσθω,-50.0,-0.9419
13301,εσθω,150.0,-0.9915
