id,word,year,mean_weighted_sentiment
13314,εστε,-450.0,-0.5539777777777778
13314,εστε,-266.0,-0.31196666666666667
13314,εστε,-155.0,-0.9844
13314,εστε,-50.0,-0.9731416666666668
13314,εστε,-34.0,-0.9569
13314,εστε,49.0,-0.9315
13314,εστε,172.0,-0.9913
13314,εστε,219.0,-0.9887
13314,εστε,237.0,-0.9769
13314,εστε,311.0,-0.92
13314,εστε,350.0,-0.9586
13314,εστε,448.0,-0.9722500000000001
