id,word,year,mean_weighted_sentiment
13306,εσπερα,-266.0,-0.9656272727272728
13306,εσπερα,-155.0,-0.9633
13306,εσπερα,-149.0,-0.9925999999999999
13306,εσπερα,-50.0,-0.9522625
13306,εσπερα,15.0,-0.9791
13306,εσπερα,200.0,-0.9784428571428572
13306,εσπερα,425.0,-0.7130285714285715
13306,εσπερα,448.0,-0.8534
13306,εσπερα,490.0,-0.9311666666666666
13306,εσπερα,1118.0,-0.9342
