id,word,year,mean_weighted_sentiment
13321,εστιαω,-353.0,-0.9615
13321,εστιαω,-50.0,-0.6714714285714286
13321,εστιαω,150.0,-0.8265625
13321,εστιαω,425.0,-0.93265
13321,εστιαω,490.0,-0.9488
