id,word,year,mean_weighted_sentiment
13296,εσθης,-50.0,-0.9334125
13296,εσθης,150.0,-0.9122833333333333
13296,εσθης,152.0,-0.8642
13296,εσθης,200.0,-0.9812
13296,εσθης,550.0,-0.8949
