id,word,year,mean_weighted_sentiment
13319,εστιας,-50.0,-0.9554666666666667
13319,εστιας,150.0,-0.5652200000000001
13319,εστιας,490.0,-0.9146
