id,word,year,mean_weighted_sentiment
13310,εσπερος,-450.0,-0.99265
13310,εσπερος,-266.0,-0.9753
13310,εσπερος,-50.0,-0.8095100000000001
13310,εσπερος,200.0,-0.9918
13310,εσπερος,1118.0,-0.9342
