id,word,year,mean_weighted_sentiment
13336,εσω,-450.0,-0.6929
13336,εσω,-415.0,0.9135
13336,εσω,-266.0,-0.9582
13336,εσω,-50.0,-0.9446142857142856
13336,εσω,150.0,-0.9212333333333333
13336,εσω,200.0,-0.9606333333333333
