id,word,year,mean_weighted_sentiment
13299,εσθος,-266.0,-0.9624999999999999
13299,εσθος,-50.0,-0.9555142857142859
13299,εσθος,200.0,-0.9678
