id,word,year,mean_weighted_sentiment
13392,ετος,-50.0,-0.9627700000000001
13392,ετος,147.0,-0.9559541666666668
13392,ετος,150.0,-0.9637
