id,word,year,mean_weighted_sentiment
13348,εταιρος,-500.0,-0.99025
13348,εταιρος,-450.0,-0.9929
13348,εταιρος,-353.0,-0.9706
13348,εταιρος,-266.0,-0.9754666666666667
13348,εταιρος,-50.0,-0.8610329670329671
13348,εταιρος,150.0,-0.9285666666666668
13348,εταιρος,152.0,-0.9459
13348,εταιρος,269.0,-0.9857666666666667
13348,εταιρος,320.0,-0.8839
13348,εταιρος,350.0,-0.95655
13348,εταιρος,448.0,-0.9492
13348,εταιρος,550.0,-0.9272
13348,εταιρος,950.0,-0.9772333333333334
