id,word,year,mean_weighted_sentiment
13388,ετοιμος,-450.0,-0.9926
13388,ετοιμος,-266.0,-0.9518
13388,ετοιμος,-50.0,-0.9457454545454546
13388,ετοιμος,172.0,-0.9923
13388,ετοιμος,200.0,-0.6201666666666666
13388,ετοιμος,299.0,-0.9498
13388,ετοιμος,490.0,-0.8665333333333334
13388,ετοιμος,950.0,-0.97744
13388,ετοιμος,1127.0,-0.957
