id,word,year,mean_weighted_sentiment
13377,ετερως,-479.0,-0.9898
13377,ετερως,-50.0,-0.9539000000000001
13377,ετερως,172.0,-0.9916
13377,ετερως,311.0,-0.962
13377,ετερως,320.0,-0.94835
13377,ετερως,350.0,-0.9534
