id,word,year,mean_weighted_sentiment
13376,ετερωσε,-479.0,-0.9898
13376,ετερωσε,-50.0,-0.9605600000000001
13376,ετερωσε,172.0,-0.9916
13376,ετερωσε,311.0,-0.962
13376,ετερωσε,320.0,-0.94835
13376,ετερωσε,350.0,-0.95865
13376,ετερωσε,425.0,-0.9734
