id,word,year,mean_weighted_sentiment
13609,ευθεως,-479.0,-0.936
13609,ευθεως,-353.0,-0.9390499999999999
13609,ευθεως,-266.0,-0.9179
13609,ευθεως,-50.0,-0.9589416666666666
13609,ευθεως,15.0,-0.9398
13609,ευθεως,150.0,-0.8972
13609,ευθεως,311.0,-0.8859
13609,ευθεως,490.0,-0.8551
13609,ευθεως,550.0,-0.8768
