id,word,year,mean_weighted_sentiment
14114,ευτελης,-50.0,-0.9437
14114,ευτελης,200.0,-0.9410499999999999
14114,ευτελης,425.0,-0.9269
14114,ευτελης,950.0,-0.980475
