id,word,year,mean_weighted_sentiment
13948,ευπρεπεια,-266.0,-0.468225
13948,ευπρεπεια,425.0,0.7754
13948,ευπρεπεια,950.0,-0.9844999999999999
