id,word,year,mean_weighted_sentiment
13934,ευπορια,150.0,-0.84885
13934,ευπορια,200.0,-0.8478399999999999
13934,ευπορια,237.0,-0.9907
13934,ευπορια,950.0,-0.9662
