id,word,year,mean_weighted_sentiment
14126,ευτονος,-50.0,-0.9598599999999999
14126,ευτονος,150.0,-0.9371499999999999
