id,word,year,mean_weighted_sentiment
13478,ευγενης,-450.0,-0.9904666666666667
13478,ευγενης,-387.0,-0.9853
13478,ευγενης,-353.0,-0.17190000000000005
13478,ευγενης,-266.0,-0.959
13478,ευγενης,-149.0,-0.9036
13478,ευγενης,-50.0,-0.7171733333333333
13478,ευγενης,15.0,-0.9751
13478,ευγενης,147.0,-0.9668
13478,ευγενης,150.0,0.009799999999999975
13478,ευγενης,152.0,-0.9842
13478,ευγενης,490.0,-0.8567
13478,ευγενης,950.0,-0.9743
