id,word,year,mean_weighted_sentiment
13834,ευνουχος,-266.0,-0.9677
13834,ευνουχος,15.0,-0.9095
13834,ευνουχος,150.0,-0.9779
13834,ευνουχος,172.0,-0.987
13834,ευνουχος,200.0,-0.92685
13834,ευνουχος,425.0,-0.9582
13834,ευνουχος,490.0,-0.9120800000000001
13834,ευνουχος,950.0,-0.9596250000000001
