id,word,year,mean_weighted_sentiment
14230,ευωχια,-50.0,-0.9151666666666666
14230,ευωχια,150.0,-0.9227000000000001
14230,ευωχια,950.0,-0.98605
