id,word,year,mean_weighted_sentiment
13815,ευναω,-450.0,-0.7718
13815,ευναω,-50.0,-0.6981125
13815,ευναω,150.0,-0.9548000000000001
13815,ευναω,200.0,-0.9537
13815,ευναω,425.0,-0.8144333333333332
13815,ευναω,448.0,-0.9838
13815,ευναω,490.0,-0.8663
