id,word,year,mean_weighted_sentiment
13507,ευδαιμων,-450.0,-0.9538
13507,ευδαιμων,-353.0,-0.9474
13507,ευδαιμων,-149.0,-0.9892
13507,ευδαιμων,-50.0,-0.9557666666666668
13507,ευδαιμων,147.0,-0.9664
13507,ευδαιμων,150.0,-0.9757999999999999
13507,ευδαιμων,152.0,-0.9573
13507,ευδαιμων,200.0,-0.9630888888888889
13507,ευδαιμων,237.0,-0.905
13507,ευδαιμων,350.0,-0.8996999999999999
13507,ευδαιμων,448.0,-0.8906
13507,ευδαιμων,550.0,-0.9874
13507,ευδαιμων,950.0,-0.98165
