id,word,year,mean_weighted_sentiment
14037,ευρωπος,-500.0,-0.9932
14037,ευρωπος,-149.0,-0.5689
14037,ευρωπος,-50.0,-0.9390600000000001
14037,ευρωπος,-34.0,-0.9744
14037,ευρωπος,127.0,-0.9354100000000001
14037,ευρωπος,150.0,-0.9433
14037,ευρωπος,425.0,-0.9315
14037,ευρωπος,950.0,-0.9879
