id,word,year,mean_weighted_sentiment
14044,ευσεβεω,-387.0,-0.9858
14044,ευσεβεω,-266.0,-0.8362454545454546
14044,ευσεβεω,-50.0,-0.96994
14044,ευσεβεω,15.0,-0.8036
14044,ευσεβεω,147.0,-0.9237
14044,ευσεβεω,150.0,-0.9755
14044,ευσεβεω,200.0,0.9663
14044,ευσεβεω,299.0,-0.7335
14044,ευσεβεω,425.0,-0.6150444444444445
