id,word,year,mean_weighted_sentiment
14178,ευφροσυνη,-266.0,-0.7836454545454546
14178,ευφροσυνη,-50.0,-0.9724
14178,ευφροσυνη,49.0,-0.9363
14178,ευφροσυνη,150.0,0.0036499999999999866
14178,ευφροσυνη,311.0,-0.8496
14178,ευφροσυνη,350.0,-0.7531
14178,ευφροσυνη,425.0,-0.843
14178,ευφροσυνη,448.0,-0.8751
