id,word,year,mean_weighted_sentiment
13689,ευκλεια,-450.0,-0.9632000000000001
13689,ευκλεια,-50.0,-0.9416166666666669
13689,ευκλεια,350.0,-0.9747
13689,ευκλεια,425.0,-0.9512
