id,word,year,mean_weighted_sentiment
14036,ευρωπη,-500.0,-0.9932
14036,ευρωπη,-149.0,-0.5689
14036,ευρωπη,-50.0,-0.9390600000000001
14036,ευρωπη,-34.0,-0.9744
14036,ευρωπη,127.0,-0.9354100000000001
14036,ευρωπη,150.0,-0.9433
14036,ευρωπη,425.0,-0.9315
14036,ευρωπη,950.0,-0.9879
