id,word,year,mean_weighted_sentiment
14043,ευσεβεια,-387.0,-0.9858
14043,ευσεβεια,-266.0,-0.9698
14043,ευσεβεια,-149.0,-0.9912
14043,ευσεβεια,-50.0,-0.9451857142857144
14043,ευσεβεια,15.0,-0.8935
14043,ευσεβεια,219.0,-0.8345
14043,ευσεβεια,299.0,-0.9381
14043,ευσεβεια,425.0,-0.6761472222222221
14043,ευσεβεια,490.0,-0.8271
