id,word,year,mean_weighted_sentiment
13503,ευδαιμονεω,-50.0,-0.9526
13503,ευδαιμονεω,150.0,-0.9328
13503,ευδαιμονεω,200.0,-0.9727
13503,ευδαιμονεω,237.0,-0.94175
13503,ευδαιμονεω,950.0,-0.9179666666666667
