id,word,year,mean_weighted_sentiment
14204,ευχομαι,-266.0,-0.9911
14204,ευχομαι,-50.0,-0.9579615384615386
14204,ευχομαι,150.0,-0.6674571428571429
14204,ευχομαι,200.0,-0.9636
14204,ευχομαι,350.0,-0.93865
14204,ευχομαι,425.0,-0.8675
14204,ευχομαι,950.0,-0.5502499999999999
