id,word,year,mean_weighted_sentiment
14200,ευχη,-266.0,0.10235555555555553
14200,ευχη,-50.0,-0.95504
14200,ευχη,150.0,-0.7829727272727273
14200,ευχη,182.0,-0.9589
14200,ευχη,200.0,-0.5872333333333333
14200,ευχη,237.0,0.9952
14200,ευχη,299.0,-0.9428
14200,ευχη,311.0,-0.9041666666666668
14200,ευχη,350.0,-0.052649999999999975
14200,ευχη,425.0,-0.874
14200,ευχη,490.0,-0.8693
14200,ευχη,950.0,-0.41030000000000005
