id,word,year,mean_weighted_sentiment
14148,ευτυχεω,-353.0,-0.7273000000000001
14148,ευτυχεω,-50.0,-0.97302
14148,ευτυχεω,150.0,-0.9582
14148,ευτυχεω,950.0,-0.9898
