id,word,year,mean_weighted_sentiment
13397,ευαγγελιον,49.0,-0.9363
13397,ευαγγελιον,219.0,-0.9382666666666667
13397,ευαγγελιον,311.0,-0.9549
13397,ευαγγελιον,425.0,-0.93582
13397,ευαγγελιον,950.0,-0.96074
