id,word,year,mean_weighted_sentiment
14011,ευρυοπα,-50.0,-0.9602666666666666
14011,ευρυοπα,147.0,-0.9925
14011,ευρυοπα,150.0,-0.89365
