id,word,year,mean_weighted_sentiment
13820,ευνη,-450.0,-0.7718
13820,ευνη,-50.0,-0.650695
13820,ευνη,150.0,-0.9897
13820,ευνη,200.0,-0.9537
13820,ευνη,425.0,-0.8144333333333332
13820,ευνη,448.0,-0.9838
