id,word,year,mean_weighted_sentiment
14151,ευτυχια,-353.0,-0.9386857142857142
14151,ευτυχια,-50.0,-0.9597333333333332
14151,ευτυχια,15.0,-0.96465
14151,ευτυχια,147.0,-0.932875
14151,ευτυχια,150.0,-0.9513199999999999
14151,ευτυχια,152.0,-0.9459
14151,ευτυχια,200.0,-0.9017
14151,ευτυχια,350.0,-0.9739
14151,ευτυχια,1118.0,-0.964
