id,word,year,mean_weighted_sentiment
14150,ευτυχης,-353.0,-0.7273000000000001
14150,ευτυχης,-50.0,-0.979175
14150,ευτυχης,147.0,-0.8657
14150,ευτυχης,150.0,-0.9539500000000001
14150,ευτυχης,950.0,-0.9898
