id,word,year,mean_weighted_sentiment
13670,ευκαιρος,-50.0,-0.987
13670,ευκαιρος,200.0,-0.01924999999999999
13670,ευκαιρος,950.0,0.02739999999999998
