id,word,year,mean_weighted_sentiment
14253,εφεξις,-353.0,-0.9353
14253,εφεξις,-300.0,-0.9045
14253,εφεξις,-155.0,-0.9706
14253,εφεξις,-50.0,-0.9577285714285715
14253,εφεξις,90.0,-0.94018
14253,εφεξις,127.0,-0.9547
14253,εφεξις,147.0,-0.9279999999999999
14253,εφεξις,172.0,-0.9902
14253,εφεξις,200.0,-0.9887
14253,εφεξις,237.0,0.9968
14253,εφεξις,311.0,-0.9077
14253,εφεξις,448.0,-0.9641
14253,εφεξις,530.0,-0.9614900000000001
14253,εφεξις,550.0,-0.9345111111111112
