id,word,year,mean_weighted_sentiment
14290,εφιζω,-266.0,-0.96585
14290,εφιζω,-50.0,-0.967652380952381
14290,εφιζω,15.0,-0.9626
14290,εφιζω,150.0,-0.9354
14290,εφιζω,200.0,-0.9674
14290,εφιζω,425.0,-0.938
