id,word,year,mean_weighted_sentiment
14274,εφηβος,-353.0,-0.9744999999999999
14274,εφηβος,-50.0,-0.9168
14274,εφηβος,150.0,-0.91275
14274,εφηβος,152.0,-0.9702
14274,εφηβος,425.0,-0.9551
14274,εφηβος,950.0,-0.96895
