id,word,year,mean_weighted_sentiment
14315,εφοραω,-266.0,0.99295
14315,εφοραω,-149.0,-0.9866
14315,εφοραω,-50.0,-0.948375
14315,εφοραω,15.0,-0.8986
14315,εφοραω,200.0,-0.9723
14315,εφοραω,350.0,-0.9639
14315,εφοραω,950.0,-0.9798666666666667
