id,word,year,mean_weighted_sentiment
14307,εφοδος,-353.0,-0.9898
14307,εφοδος,-266.0,-0.9535999999999999
14307,εφοδος,-50.0,-0.9295307692307693
14307,εφοδος,90.0,-0.9126
14307,εφοδος,147.0,-0.9525
14307,εφοδος,150.0,-0.8922
14307,εφοδος,200.0,-0.9804
14307,εφοδος,249.0,-0.9104
14307,εφοδος,425.0,-0.9006
14307,εφοδος,490.0,-0.914
14307,εφοδος,950.0,-0.9799125
