id,word,year,mean_weighted_sentiment
14252,εφεξης,-353.0,-0.9353
14252,εφεξης,-300.0,-0.9045
14252,εφεξης,-155.0,-0.9706
14252,εφεξης,-50.0,-0.9577285714285715
14252,εφεξης,90.0,-0.94018
14252,εφεξης,127.0,-0.9547
14252,εφεξης,147.0,-0.9279999999999999
14252,εφεξης,172.0,-0.9902
14252,εφεξης,200.0,-0.9887
14252,εφεξης,237.0,0.9968
14252,εφεξης,311.0,-0.9077
14252,εφεξης,448.0,-0.9641
14252,εφεξης,530.0,-0.9614900000000001
14252,εφεξης,550.0,-0.9345111111111112
