id,word,year,mean_weighted_sentiment
14357,εχθες,-266.0,-0.9760333333333334
14357,εχθες,-50.0,-0.9619125
14357,εχθες,200.0,0.8941
14357,εχθες,350.0,-0.9662999999999999
14357,εχθες,425.0,-0.9927
