id,word,year,mean_weighted_sentiment
14375,εχις,-353.0,-0.9252166666666667
14375,εχις,-266.0,-0.36066666666666664
14375,εχις,-155.0,-0.8755999999999999
14375,εχις,-50.0,-0.9353200000000002
14375,εχις,147.0,-0.8976
14375,εχις,150.0,-0.6483428571428572
14375,εχις,172.0,-0.9915
14375,εχις,200.0,-0.56364
14375,εχις,237.0,-0.9317
14375,εχις,249.0,-0.9654
14375,εχις,425.0,-0.8458
14375,εχις,950.0,-0.9518
