id,word,year,mean_weighted_sentiment
14369,εχθω,-266.0,-0.9760333333333334
14369,εχθω,-50.0,-0.9636333333333332
14369,εχθω,200.0,0.8941
14369,εχθω,350.0,-0.9662999999999999
14369,εχθω,425.0,-0.9927
