id,word,year,mean_weighted_sentiment
14387,εψω,-50.0,-0.9781999999999998
14387,εψω,172.0,-0.99
14387,εψω,950.0,-0.9638333333333334
