id,word,year,mean_weighted_sentiment
14394,εωος,127.0,-0.9536000000000001
14394,εωος,147.0,-0.899
14394,εωος,237.0,0.995
14394,εωος,425.0,-0.8569625
14394,εωος,490.0,-0.9192166666666667
14394,εωος,950.0,-0.97155
