id,word,year,mean_weighted_sentiment
14395,εωρα,15.0,-0.9368
14395,εωρα,150.0,-0.9915
14395,εωρα,200.0,-0.9657
14395,εωρα,350.0,-0.9075
14395,εωρα,425.0,-0.9178999999999999
14395,εωρα,490.0,-0.90095
14395,εωρα,550.0,-0.9313
14395,εωρα,950.0,-0.9909
