id,word,year,mean_weighted_sentiment
14389,εωθινος,-266.0,-0.9612666666666666
14389,εωθινος,-50.0,-0.45277500000000004
14389,εωθινος,269.0,-0.9857
