id,word,year,mean_weighted_sentiment
14432,ζευγνυμι,-50.0,-0.9767375
14432,ζευγνυμι,150.0,-0.9638500000000001
14432,ζευγνυμι,950.0,-0.955
