id,word,year,mean_weighted_sentiment
14439,ζεφυρος,-149.0,-0.99175
14439,ζεφυρος,-50.0,-0.9514409090909091
14439,ζεφυρος,127.0,-0.9284250000000001
14439,ζεφυρος,269.0,-0.9901500000000001
