id,word,year,mean_weighted_sentiment
14456,ζημια,-353.0,-0.9395
14456,ζημια,147.0,-0.95745
14456,ζημια,150.0,-0.9756666666666667
14456,ζημια,200.0,-0.9918333333333332
14456,ζημια,350.0,-0.9383666666666667
14456,ζημια,950.0,-0.9811666666666667
14456,ζημια,1127.0,-0.9863
