id,word,year,mean_weighted_sentiment
14450,ζηλοω,-450.0,-0.07634999999999997
14450,ζηλοω,-266.0,-0.5896
14450,ζηλοω,-149.0,0.937
14450,ζηλοω,-50.0,-0.9531
14450,ζηλοω,150.0,-0.9227
14450,ζηλοω,200.0,-0.8925
14450,ζηλοω,219.0,-0.9672
14450,ζηλοω,311.0,-0.8274
14450,ζηλοω,425.0,-0.9181166666666667
14450,ζηλοω,950.0,-0.9874499999999999
