id,word,year,mean_weighted_sentiment
14475,ζοφος,-50.0,-0.96813
14475,ζοφος,15.0,-0.989
14475,ζοφος,150.0,-0.9676666666666667
14475,ζοφος,152.0,-0.9164
14475,ζοφος,425.0,-0.9503
14475,ζοφος,950.0,-0.9924
