id,word,year,mean_weighted_sentiment
14482,ζυγον,-490.0,-0.9931
14482,ζυγον,-450.0,-0.992
14482,ζυγον,-266.0,-0.9808583333333333
14482,ζυγον,-50.0,-0.9095944444444446
14482,ζυγον,49.0,-0.9482
14482,ζυγον,127.0,-0.9263
14482,ζυγον,147.0,-0.9417589743589744
14482,ζυγον,150.0,-0.9520500000000001
14482,ζυγον,425.0,-0.90535
14482,ζυγον,950.0,-0.9782333333333334
14482,ζυγον,1118.0,-0.9453666666666667
