id,word,year,mean_weighted_sentiment
14500,ζωδιον,-155.0,-0.903375
14500,ζωδιον,-50.0,-0.9653
14500,ζωδιον,147.0,-0.8940243243243242
14500,ζωδιον,950.0,-0.97575
