id,word,year,mean_weighted_sentiment
14497,ζωγραφος,-50.0,-0.96165
14497,ζωγραφος,150.0,-0.8987
14497,ζωγραφος,200.0,-0.9874
14497,ζωγραφος,950.0,-0.9678625000000001
