id,word,year,mean_weighted_sentiment
14533,ζως,-450.0,-0.9857
14533,ζως,-353.0,-0.9535
14533,ζως,-266.0,-0.9765428571428572
14533,ζως,-50.0,-0.9440700000000002
14533,ζως,150.0,-0.97825
14533,ζως,200.0,-0.8475999999999999
14533,ζως,320.0,-0.9565
14533,ζως,550.0,-0.9839
14533,ζως,950.0,-0.9826
