id,word,year,mean_weighted_sentiment
14509,ζωνη,-266.0,-0.94285
14509,ζωνη,-155.0,-0.9610357142857142
14509,ζωνη,-50.0,-0.9823
14509,ζωνη,147.0,-0.9485
14509,ζωνη,448.0,-0.97815
14509,ζωνη,950.0,-0.9705250000000001
