id,word,year,mean_weighted_sentiment
14550,ηβος,-50.0,-0.9569785714285713
14550,ηβος,150.0,-0.9471
14550,ηβος,172.0,-0.32186666666666663
14550,ηβος,269.0,-0.9536
14550,ηβος,448.0,-0.9902
14550,ηβος,950.0,-0.98295
