id,word,year,mean_weighted_sentiment
14545,ηβη,-50.0,-0.9569785714285713
14545,ηβη,150.0,-0.9471
14545,ηβη,172.0,-0.32186666666666663
14545,ηβη,448.0,-0.9902
14545,ηβη,950.0,-0.98295
