id,word,year,mean_weighted_sentiment
14559,ηγεμων,-266.0,-0.9546
14559,ηγεμων,-149.0,-0.9896
14559,ηγεμων,-50.0,-0.9673640000000002
14559,ηγεμων,15.0,-0.44295
14559,ηγεμων,150.0,-0.8158466666666668
14559,ηγεμων,200.0,-0.9672666666666667
14559,ηγεμων,205.0,-0.9764
14559,ηγεμων,448.0,-0.9386333333333333
14559,ηγεμων,490.0,-0.8461
14559,ηγεμων,950.0,-0.8632764705882352
14559,ηγεμων,1118.0,-0.9545
