id,word,year,mean_weighted_sentiment
14568,ηγουν,-50.0,-0.843
14568,ηγουν,150.0,-0.9369999999999999
14568,ηγουν,550.0,-0.84215
14568,ηγουν,950.0,-0.96385
