id,word,year,mean_weighted_sentiment
14556,ηγεμονια,-387.0,-0.9925
14556,ηγεμονια,-353.0,-0.9768333333333333
14556,ηγεμονια,-266.0,-0.9796
14556,ηγεμονια,-50.0,-0.965525
14556,ηγεμονια,15.0,-0.9001
14556,ηγεμονια,147.0,-0.9486
14556,ηγεμονια,150.0,-0.8517
14556,ηγεμονια,425.0,-0.8912166666666667
14556,ηγεμονια,490.0,-0.8860250000000001
14556,ηγεμονια,950.0,-0.959
14556,ηγεμονια,1118.0,-0.9717
