id,word,year,mean_weighted_sentiment
14554,ηγεμονευς,-266.0,-0.8961
14554,ηγεμονευς,-50.0,-0.9584999999999999
14554,ηγεμονευς,15.0,-0.8814
14554,ηγεμονευς,150.0,-0.945975
