id,word,year,mean_weighted_sentiment
14625,ηθος,-550.0,-0.9301
14625,ηθος,-490.0,-0.9929
14625,ηθος,-387.0,-0.981575
14625,ηθος,-353.0,-0.9018999999999998
14625,ηθος,-50.0,-0.9441999999999999
14625,ηθος,15.0,-0.8691
14625,ηθος,127.0,-0.871
14625,ηθος,147.0,-0.9368
14625,ηθος,150.0,-0.9702000000000001
14625,ηθος,172.0,-0.9858
14625,ηθος,200.0,-0.9875333333333334
14625,ηθος,490.0,-0.88725
14625,ηθος,950.0,-0.9617833333333333
14625,ηθος,1118.0,-0.9259
