id,word,year,mean_weighted_sentiment
14626,ηια,-149.0,-0.9946
14626,ηια,-50.0,-0.57938
14626,ηια,172.0,-0.9875
14626,ηια,200.0,-0.32083333333333336
14626,ηια,219.0,-0.9862
14626,ηια,950.0,-0.9669
