id,word,year,mean_weighted_sentiment
14630,ηιων,-500.0,-0.9867
14630,ηιων,-353.0,-0.9882
14630,ηιων,-266.0,-0.9738
14630,ηιων,-149.0,-0.9946
14630,ηιων,-50.0,-0.7318312499999999
14630,ηιων,150.0,-0.9642999999999999
14630,ηιων,172.0,-0.9905
14630,ηιων,200.0,-0.9369333333333333
14630,ηιων,269.0,-0.9921
14630,ηιων,490.0,-0.88425
14630,ηιων,950.0,-0.9772333333333334
14630,ηιων,1118.0,-0.9727
