id,word,year,mean_weighted_sentiment
14647,ηλιαζομαι,-266.0,-0.987
14647,ηλιαζομαι,-50.0,-0.9634875
14647,ηλιαζομαι,147.0,-0.9581999999999999
14647,ηλιαζομαι,150.0,-0.9405333333333333
14647,ηλιαζομαι,182.0,-0.9775
14647,ηλιαζομαι,200.0,-0.97888
14647,ηλιαζομαι,950.0,-0.93475
