id,word,year,mean_weighted_sentiment
14661,ηλικος,-50.0,-0.9155500000000001
14661,ηλικος,15.0,-0.8909
14661,ηλικος,200.0,-0.98515
14661,ηλικος,950.0,-0.9885
