id,word,year,mean_weighted_sentiment
14743,ημιονος,-266.0,-0.9849
14743,ημιονος,-50.0,-0.9639818181818182
14743,ημιονος,200.0,-0.9917
14743,ημιονος,550.0,-0.9479
14743,ημιονος,950.0,-0.98375
