id,word,year,mean_weighted_sentiment
14687,ημεν,-353.0,-0.9357
14687,ημεν,-50.0,-0.9763733333333334
14687,ημεν,150.0,-0.9255
14687,ημεν,182.0,-0.8388
14687,ημεν,350.0,-0.92945
14687,ημεν,550.0,-0.8804
14687,ημεν,1127.0,-0.9787
