id,word,year,mean_weighted_sentiment
14795,ηνπερ,-490.0,0.2988666666666666
14795,ηνπερ,-50.0,-0.9793000000000001
14795,ηνπερ,152.0,-0.9897
14795,ηνπερ,425.0,-0.9189333333333334
14795,ηνπερ,950.0,-0.9718
