id,word,year,mean_weighted_sentiment
14788,ηνιοχεω,-155.0,-0.951292857142857
14788,ηνιοχεω,-50.0,-0.9630076923076921
14788,ηνιοχεω,15.0,0.5399
14788,ηνιοχεω,150.0,-0.9597
14788,ηνιοχεω,350.0,-0.9321
14788,ηνιοχεω,950.0,-0.9876999999999999
