id,word,year,mean_weighted_sentiment
14790,ηνιοχος,-155.0,-0.9553294117647059
14790,ηνιοχος,-50.0,-0.959214705882353
14790,ηνιοχος,15.0,-0.22225
14790,ηνιοχος,150.0,-0.8792249999999999
14790,ηνιοχος,350.0,-0.9321
14790,ηνιοχος,950.0,-0.984075
