id,word,year,mean_weighted_sentiment
14779,ηνια,-490.0,-0.9939
14779,ηνια,-450.0,-0.947
14779,ηνια,-266.0,-0.9465
14779,ηνια,-50.0,-0.9671434782608697
14779,ηνια,15.0,0.5399
14779,ηνια,150.0,-0.9901
14779,ηνια,299.0,-0.9912
14779,ηνια,350.0,-0.9527
14779,ηνια,425.0,-0.9145
14779,ηνια,950.0,-0.9814499999999999
