id,word,year,mean_weighted_sentiment
14801,ηπαρ,-500.0,-0.9593749999999999
14801,ηπαρ,-450.0,-0.9669
14801,ηπαρ,-415.0,-0.9851
14801,ηπαρ,-353.0,-0.9333777777777778
14801,ηπαρ,-50.0,-0.9490736842105263
14801,ηπαρ,152.0,-0.8269
14801,ηπαρ,172.0,-0.9831166666666666
14801,ηπαρ,200.0,-0.9864333333333333
14801,ηπαρ,205.0,-0.9806
14801,ηπαρ,425.0,-0.9378
14801,ηπαρ,447.0,-0.952
14801,ηπαρ,950.0,-0.9796
