id,word,year,mean_weighted_sentiment
14814,ηπερ,-450.0,-0.991
14814,ηπερ,-353.0,-0.9011
14814,ηπερ,-300.0,-0.9405
14814,ηπερ,-50.0,-0.63188
14814,ηπερ,269.0,-0.9805
14814,ηπερ,352.0,-0.9647
14814,ηπερ,550.0,-0.9027499999999999
14814,ηπερ,1118.0,-0.9439500000000001
