id,word,year,mean_weighted_sentiment
14810,ηπειρωτικος,-450.0,-0.991
14810,ηπειρωτικος,-353.0,-0.9011
14810,ηπειρωτικος,-300.0,-0.9405
14810,ηπειρωτικος,-50.0,-0.6906833333333333
14810,ηπειρωτικος,150.0,-0.956125
14810,ηπειρωτικος,269.0,-0.9805
14810,ηπειρωτικος,352.0,-0.9647
14810,ηπειρωτικος,550.0,-0.9027499999999999
14810,ηπειρωτικος,1118.0,-0.9439500000000001
