id,word,year,mean_weighted_sentiment
14854,ηρωις,-50.0,-0.9478833333333334
14854,ηρωις,150.0,-0.9855
14854,ηρωις,269.0,-0.97785
