id,word,year,mean_weighted_sentiment
14832,ηρακλειος,-149.0,-0.9932
14832,ηρακλειος,-50.0,-0.9414666666666667
14832,ηρακλειος,127.0,-0.8741
14832,ηρακλειος,150.0,-0.8568
14832,ηρακλειος,200.0,-0.9601
14832,ηρακλειος,425.0,-0.8881
14832,ηρακλειος,950.0,-0.97085
