id,word,year,mean_weighted_sentiment
14853,ηρωιος,-149.0,-0.9589
14853,ηρωιος,-50.0,-0.8882558823529413
14853,ηρωιος,150.0,-0.9646333333333333
14853,ηρωιος,200.0,-0.99295
14853,ηρωιος,269.0,-0.9644
14853,ηρωιος,350.0,-0.9148
14853,ηρωιος,448.0,-0.958575
14853,ηρωιος,950.0,-0.964
