id,word,year,mean_weighted_sentiment
14855,ηρωον,-50.0,-0.8487666666666667
14855,ηρωον,150.0,-0.9632499999999999
14855,ηρωον,200.0,-0.99295
14855,ηρωον,269.0,-0.9644
14855,ηρωον,350.0,-0.9148
14855,ηρωον,448.0,-0.958575
14855,ηρωον,950.0,-0.964
