id,word,year,mean_weighted_sentiment
14857,ηρως,-500.0,-0.9923
14857,ηρως,-149.0,-0.9589
14857,ηρως,-50.0,-0.8964746478873241
14857,ηρως,150.0,-0.97034
14857,ηρως,200.0,-0.3398666666666667
14857,ηρως,269.0,-0.9733666666666667
14857,ηρως,299.0,-0.987
14857,ηρως,350.0,-0.93955
14857,ηρως,448.0,-0.9569833333333334
14857,ηρως,950.0,-0.9649
