id,word,year,mean_weighted_sentiment
14838,ηρεμα,-50.0,-0.9624333333333334
14838,ηρεμα,150.0,-0.9424999999999999
14838,ηρεμα,172.0,-0.9703
14838,ηρεμα,200.0,0.8586
14838,ηρεμα,950.0,-0.9777
