id,word,year,mean_weighted_sentiment
14863,ησυχαζω,-266.0,0.013799999999999979
14863,ησυχαζω,-50.0,-0.9554333333333334
14863,ησυχαζω,15.0,-0.95645
14863,ησυχαζω,200.0,0.8876
14863,ησυχαζω,350.0,-0.93685
14863,ησυχαζω,490.0,-0.8512
14863,ησυχαζω,1118.0,-0.9546
