id,word,year,mean_weighted_sentiment
14869,ησυχιος,-387.0,-0.9937
14869,ησυχιος,-353.0,-0.9856333333333334
14869,ησυχιος,-266.0,-0.9078
14869,ησυχιος,-50.0,-0.9704250000000001
14869,ησυχιος,490.0,-0.9521999999999999
