id,word,year,mean_weighted_sentiment
14867,ησυχια,-387.0,-0.9937
14867,ησυχια,-353.0,-0.978175
14867,ησυχια,-266.0,-0.9447000000000001
14867,ησυχια,-50.0,-0.9542222222222221
14867,ησυχια,15.0,-0.8801
14867,ησυχια,150.0,-0.9182666666666667
14867,ησυχια,152.0,-0.92365
14867,ησυχια,200.0,-0.9463
14867,ησυχια,350.0,-0.9021333333333333
14867,ησυχια,425.0,-0.91005
14867,ησυχια,490.0,-0.9521999999999999
