id,word,year,mean_weighted_sentiment
14874,ητε,-50.0,-0.9567333333333333
14874,ητε,150.0,-0.9594
14874,ητε,320.0,-0.95365
14874,ητε,950.0,-0.9853
