id,word,year,mean_weighted_sentiment
14884,ηφαιστος,-490.0,0.69748
14884,ηφαιστος,-149.0,-0.99
14884,ηφαιστος,-50.0,-0.9582599999999999
14884,ηφαιστος,127.0,-0.9791
14884,ηφαιστος,150.0,-0.6302
14884,ηφαιστος,152.0,-0.8514
14884,ηφαιστος,448.0,-0.9314600000000001
