id,word,year,mean_weighted_sentiment
14893,ηχος,-266.0,-0.5130874999999999
14893,ηχος,-50.0,-0.9644357142857143
14893,ηχος,127.0,-0.9365
14893,ηχος,150.0,-0.97235
14893,ηχος,219.0,-0.9896
14893,ηχος,447.0,-0.9129
14893,ηχος,950.0,-0.9816294117647061
