id,word,year,mean_weighted_sentiment
14888,ηχεω,-490.0,-0.9923
14888,ηχεω,-450.0,-0.9504
14888,ηχεω,-353.0,-0.9507
14888,ηχεω,-266.0,-0.4137
14888,ηχεω,-50.0,-0.9626375
14888,ηχεω,15.0,-0.9434
14888,ηχεω,150.0,-0.9587200000000001
14888,ηχεω,219.0,-0.9896
14888,ηχεω,350.0,-0.9647
14888,ηχεω,447.0,-0.9129
14888,ηχεω,950.0,-0.98284
