id,word,year,mean_weighted_sentiment
14892,ηχι,-266.0,0.9792
14892,ηχι,-155.0,-0.9908
14892,ηχι,-50.0,-0.8543470588235293
14892,ηχι,150.0,-0.9512
14892,ηχι,950.0,-0.987525
