id,word,year,mean_weighted_sentiment
14986,θαυμα,-155.0,-0.9923
14986,θαυμα,-50.0,-0.9622727272727272
14986,θαυμα,150.0,-0.9523
14986,θαυμα,152.0,-0.96
14986,θαυμα,219.0,-0.874
14986,θαυμα,350.0,-0.9124333333333334
14986,θαυμα,425.0,-0.9575
14986,θαυμα,950.0,-0.9501
