id,word,year,mean_weighted_sentiment
14970,θαομαι,-50.0,-0.93552
14970,θαομαι,150.0,-0.9756
14970,θαομαι,200.0,-0.8977
14970,θαομαι,269.0,-0.9885
14970,θαομαι,320.0,-0.9290499999999999
14970,θαομαι,350.0,-0.9054
14970,θαομαι,950.0,-0.9899
