id,word,year,mean_weighted_sentiment
14940,θαλλω,-353.0,-0.9748
14940,θαλλω,-266.0,-0.9772
14940,θαλλω,-50.0,-0.9599625
14940,θαλλω,311.0,-0.9556
14940,θαλλω,350.0,-0.8907
14940,θαλλω,448.0,-0.905
14940,θαλλω,550.0,-0.9488
14940,θαλλω,950.0,-0.9728874999999999
