id,word,year,mean_weighted_sentiment
14972,θαπτω,-450.0,-0.99125
14972,θαπτω,-266.0,-0.9757200000000001
14972,θαπτω,-50.0,-0.9549636363636363
14972,θαπτω,15.0,-0.8996999999999999
14972,θαπτω,150.0,-0.9633
14972,θαπτω,350.0,-0.949
14972,θαπτω,490.0,-0.89075
14972,θαπτω,950.0,-0.9909666666666667
