id,word,year,mean_weighted_sentiment
14984,θαυμαζω,-266.0,-0.31880000000000003
14984,θαυμαζω,-50.0,-0.9658699999999998
14984,θαυμαζω,150.0,-0.9665
14984,θαυμαζω,152.0,-0.96
14984,θαυμαζω,350.0,-0.9226000000000001
14984,θαυμαζω,425.0,-0.8517
14984,θαυμαζω,950.0,-0.97085
