id,word,year,mean_weighted_sentiment
14987,θαυμασιος,-266.0,0.13403928571428572
14987,θαυμασιος,-50.0,-0.9852000000000001
14987,θαυμασιος,152.0,-0.9269
14987,θαυμασιος,425.0,-0.8687142857142858
