id,word,year,mean_weighted_sentiment
14921,θαλασσιος,-490.0,-0.9941
14921,θαλασσιος,-479.0,-0.9387
14921,θαλασσιος,-353.0,-0.9257
14921,θαλασσιος,-50.0,-0.8228785714285713
14921,θαλασσιος,150.0,-0.96058
14921,θαλασσιος,172.0,-0.9748
14921,θαλασσιος,950.0,-0.9878
