id,word,year,mean_weighted_sentiment
14975,θαρσεω,-50.0,-0.92818
14975,θαρσεω,150.0,-0.92055
14975,θαρσεω,200.0,-0.9821
14975,θαρσεω,950.0,-0.9882
