id,word,year,mean_weighted_sentiment
15147,θεραπαινα,150.0,-0.89294
15147,θεραπαινα,350.0,-0.9198999999999999
15147,θεραπαινα,950.0,-0.9877800000000001
