id,word,year,mean_weighted_sentiment
15222,θεωρημα,-479.0,-0.9359999999999999
15222,θεωρημα,-249.0,-0.76735
15222,θεωρημα,-155.0,-0.8933
15222,θεωρημα,150.0,-0.8841
15222,θεωρημα,320.0,-0.3649428571428571
15222,θεωρημα,350.0,-0.9468
15222,θεωρημα,448.0,-0.9653
15222,θεωρημα,950.0,-0.9914
