id,word,year,mean_weighted_sentiment
15225,θεωρια,-479.0,-0.7745913043478261
15225,θεωρια,-415.0,-0.9693
15225,θεωρια,-353.0,-0.9064333333333333
15225,θεωρια,-249.0,-0.9658
15225,θεωρια,-50.0,-0.9299
15225,θεωρια,90.0,-0.8806
15225,θεωρια,147.0,-0.9471
15225,θεωρια,150.0,-0.9551499999999999
15225,θεωρια,200.0,-0.9552
15225,θεωρια,299.0,-0.953
15225,θεωρια,448.0,-0.9077
15225,θεωρια,550.0,-0.90248
15225,θεωρια,950.0,-0.9852
15225,θεωρια,1150.0,-0.5081
