id,word,year,mean_weighted_sentiment
15188,θεσις,-550.0,-0.97416
15188,θεσις,-479.0,-0.9484699999999998
15188,θεσις,-353.0,-0.801
15188,θεσις,-155.0,-0.9137000000000001
15188,θεσις,-149.0,-0.9897833333333333
15188,θεσις,-50.0,-0.9616692307692308
15188,θεσις,200.0,-0.9637466666666666
15188,θεσις,320.0,-0.9521599999999999
15188,θεσις,352.0,-0.96855
15188,θεσις,448.0,-0.9653
15188,θεσις,530.0,-0.482275
15188,θεσις,550.0,-0.9603333333333333
