id,word,year,mean_weighted_sentiment
15061,θεμιστος,-50.0,-0.7128000000000001
15061,θεμιστος,150.0,0.022699999999999998
