id,word,year,mean_weighted_sentiment
15210,θεσσαλος,-149.0,-0.9883500000000001
15210,θεσσαλος,-50.0,-0.7330428571428571
15210,θεσσαλος,127.0,-0.8702
15210,θεσσαλος,150.0,-0.5785999999999999
15210,θεσσαλος,950.0,-0.9711666666666666
