id,word,year,mean_weighted_sentiment
15014,θεατρον,-353.0,-0.987
15014,θεατρον,-50.0,-0.9190999999999999
15014,θεατρον,15.0,0.6373
15014,θεατρον,150.0,-0.9524833333333333
15014,θεατρον,350.0,-0.9593333333333334
15014,θεατρον,950.0,-0.9726714285714285
