id,word,year,mean_weighted_sentiment
15002,θεαμα,-490.0,-0.99205
15002,θεαμα,-450.0,-0.9243
15002,θεαμα,15.0,-0.9451
15002,θεαμα,150.0,-0.9579571428571428
15002,θεαμα,237.0,-0.9494
15002,θεαμα,299.0,-0.8546
15002,θεαμα,425.0,-0.9938
15002,θεαμα,448.0,-0.8801
