id,word,year,mean_weighted_sentiment
15184,θερμω,-415.0,-0.9883666666666665
15184,θερμω,-353.0,-0.9343
15184,θερμω,-266.0,-0.9666
15184,θερμω,-50.0,-0.951957142857143
15184,θερμω,127.0,-0.9609
15184,θερμω,150.0,-0.8984
15184,θερμω,172.0,-0.9601666666666667
15184,θερμω,200.0,-0.7073499999999999
15184,θερμω,352.0,-0.9022
15184,θερμω,530.0,-0.9470833333333333
15184,θερμω,950.0,-0.9803999999999999
15184,θερμω,1127.0,-0.9208
