id,word,year,mean_weighted_sentiment
15179,θερμοπυλαι,150.0,-0.9922666666666666
15179,θερμοπυλαι,490.0,-0.9231499999999999
15179,θερμοπυλαι,950.0,-0.9814
