id,word,year,mean_weighted_sentiment
15040,θελησις,-266.0,-0.36093333333333333
15040,θελησις,-50.0,-0.9650000000000001
