id,word,year,mean_weighted_sentiment
15170,θερμαινω,-50.0,-0.97875
15170,θερμαινω,172.0,-0.993
15170,θερμαινω,200.0,-0.8473999999999999
