id,word,year,mean_weighted_sentiment
15139,θεοφιλης,-50.0,-0.9557833333333332
15139,θεοφιλης,-34.0,-0.9254
15139,θεοφιλης,15.0,-0.9589
15139,θεοφιλης,150.0,-0.9557
15139,θεοφιλης,425.0,-0.948325
15139,θεοφιλης,950.0,-0.9562
