id,word,year,mean_weighted_sentiment
15181,θερμος,-415.0,-0.9883666666666665
15181,θερμος,-353.0,-0.9451333333333333
15181,θερμος,-50.0,-0.9512916666666666
15181,θερμος,127.0,-0.9679
15181,θερμος,150.0,-0.8984
15181,θερμος,152.0,-0.9757
15181,θερμος,172.0,-0.9329
15181,θερμος,200.0,-0.7073499999999999
15181,θερμος,352.0,-0.9022
15181,θερμος,530.0,-0.9470833333333333
15181,θερμος,950.0,-0.9783333333333334
15181,θερμος,1127.0,-0.9208
