id,word,year,mean_weighted_sentiment
15010,θεατης,-149.0,-0.9922
15010,θεατης,-50.0,-0.96298
15010,θεατης,150.0,-0.9435
15010,θεατης,350.0,-0.9549
15010,θεατης,425.0,-0.87005
15010,θεατης,950.0,-0.9048
