id,word,year,mean_weighted_sentiment
15187,θερω,-450.0,-0.9888
15187,θερω,-149.0,-0.98315
15187,θερω,-50.0,-0.97585
15187,θερω,127.0,-0.9571
15187,θερω,150.0,-0.9871
15187,θερω,200.0,-0.9913
