id,word,year,mean_weighted_sentiment
15057,θεμις,-490.0,-0.99185
15057,θεμις,-155.0,-0.9888
15057,θεμις,-50.0,-0.794828
15057,θεμις,15.0,-0.8357
15057,θεμις,150.0,-0.93204
15057,θεμις,152.0,-0.9815499999999999
15057,θεμις,200.0,-0.9929
15057,θεμις,311.0,-0.9662
15057,θεμις,448.0,-0.9146
