id,word,year,mean_weighted_sentiment
15050,θεμελιοω,-266.0,-0.04905000000000004
15050,θεμελιοω,-50.0,-0.9573499999999999
15050,θεμελιοω,147.0,-0.9766
15050,θεμελιοω,200.0,-0.9917
15050,θεμελιοω,350.0,-0.9035
15050,θεμελιοω,950.0,-0.9846
