id,word,year,mean_weighted_sentiment
15162,θεραψ,-50.0,-0.7931545454545454
15162,θεραψ,15.0,-0.9839
15162,θεραψ,49.0,-0.9231
15162,θεραψ,950.0,-0.945175
