id,word,year,mean_weighted_sentiment
15312,θηρ,-353.0,-0.9902
15312,θηρ,-266.0,-0.9891
15312,θηρ,-50.0,-0.8530166666666666
15312,θηρ,15.0,-0.9549
15312,θηρ,150.0,-0.93732
15312,θηρ,200.0,-0.881695
15312,θηρ,350.0,-0.9643
15312,θηρ,425.0,-0.8953
15312,θηρ,950.0,-0.9785
15312,θηρ,1118.0,-0.9571
