id,word,year,mean_weighted_sentiment
15238,θηβη,-149.0,-0.9913
15238,θηβη,-50.0,-0.9733125
15238,θηβη,127.0,-0.90245
15238,θηβη,150.0,-0.9467400000000001
15238,θηβη,550.0,-0.8914
