id,word,year,mean_weighted_sentiment
15292,θηριον,-415.0,-0.9868
15292,θηριον,-353.0,-0.9902
15292,θηριον,-266.0,-0.9575294117647059
15292,θηριον,-155.0,-0.99175
15292,θηριον,-50.0,-0.8435235294117647
15292,θηριον,15.0,-0.8605
15292,θηριον,150.0,-0.9546705882352943
15292,θηριον,152.0,-0.8412
15292,θηριον,172.0,-0.98964
15292,θηριον,200.0,-0.8926272727272728
15292,θηριον,350.0,-0.94835
15292,θηριον,425.0,-0.9180999999999999
15292,θηριον,448.0,-0.987
15292,θηριον,950.0,-0.9675750000000001
