id,word,year,mean_weighted_sentiment
15320,θησευς,-353.0,-0.98215
15320,θησευς,-50.0,-0.9502052631578949
15320,θησευς,150.0,-0.92885
15320,θησευς,200.0,-0.9909
15320,θησευς,530.0,-0.9866
