id,word,year,mean_weighted_sentiment
15317,θησαυρος,-266.0,-0.7665444444444444
15317,θησαυρος,150.0,-0.95634
15317,θησαυρος,152.0,-0.8917
15317,θησαυρος,200.0,-0.9145
15317,θησαυρος,350.0,-0.9228999999999999
15317,θησαυρος,359.0,-0.9893
15317,θησαυρος,425.0,-0.8643
15317,θησαυρος,490.0,-0.9263
