id,word,year,mean_weighted_sentiment
15233,θηβαιος,-50.0,-0.9503874999999999
15233,θηβαιος,-34.0,-0.9937
15233,θηβαιος,150.0,-0.87926
15233,θηβαιος,172.0,-0.9831666666666666
15233,θηβαιος,182.0,-0.9569
15233,θηβαιος,200.0,-0.0126
15233,θηβαιος,425.0,-0.8897999999999999
15233,θηβαιος,950.0,-0.9795833333333333
