id,word,year,mean_weighted_sentiment
15294,θηριοω,-266.0,-0.9520571428571429
15294,θηριοω,-50.0,-0.9802500000000002
15294,θηριοω,15.0,-0.8605
15294,θηριοω,150.0,-0.9553625
15294,θηριοω,172.0,-0.98964
15294,θηριοω,200.0,-0.988625
15294,θηριοω,350.0,-0.9324
15294,θηριοω,425.0,-0.9409
15294,θηριοω,950.0,-0.9701727272727273
