id,word,year,mean_weighted_sentiment
15331,θιασος,15.0,-0.8934000000000001
15331,θιασος,150.0,-0.9532499999999999
