id,word,year,mean_weighted_sentiment
15337,θλιβω,-266.0,-0.8884571428571428
15337,θλιβω,-50.0,-0.9091
15337,θλιβω,200.0,-0.992
15337,θλιβω,950.0,-0.97865
