id,word,year,mean_weighted_sentiment
15367,θορυβος,-450.0,-0.9933
15367,θορυβος,-50.0,-0.9573599999999999
15367,θορυβος,-34.0,-0.9889
15367,θορυβος,150.0,-0.9492285714285715
15367,θορυβος,269.0,-0.98715
15367,θορυβος,350.0,-0.9388
15367,θορυβος,490.0,-0.8496999999999999
15367,θορυβος,950.0,-0.9731400000000001
