id,word,year,mean_weighted_sentiment
15455,θρονος,-490.0,-0.9899
15455,θρονος,-266.0,-0.9688571428571429
15455,θρονος,-50.0,-0.9312400000000001
15455,θρονος,152.0,-0.9718
15455,θρονος,219.0,-0.9903
15455,θρονος,269.0,-0.9822
15455,θρονος,350.0,-0.8868
15455,θρονος,425.0,-0.9646
15455,θρονος,448.0,-0.9544999999999999
15455,θρονος,490.0,-0.9203
15455,θρονος,950.0,-0.9760500000000001
