id,word,year,mean_weighted_sentiment
15426,θρηνος,-490.0,-0.9821
15426,θρηνος,-450.0,-0.9925
15426,θρηνος,-266.0,-0.96245
15426,θρηνος,-50.0,-0.9575851851851852
15426,θρηνος,219.0,-0.9783
15426,θρηνος,350.0,-0.905
15426,θρηνος,425.0,-0.9009
15426,θρηνος,530.0,-0.9914
15426,θρηνος,950.0,-0.977025
