id,word,year,mean_weighted_sentiment
15375,θρακιος,-149.0,-0.988475
15375,θρακιος,-50.0,-0.9374249999999998
15375,θρακιος,150.0,-0.9712
15375,θρακιος,152.0,-0.9561
15375,θρακιος,182.0,-0.9665
15375,θρακιος,269.0,-0.9886
15375,θρακιος,448.0,-0.9559
15375,θρακιος,950.0,-0.9810857142857142
