id,word,year,mean_weighted_sentiment
15454,θρονον,-490.0,-0.9899
15454,θρονον,-266.0,-0.9754526315789473
15454,θρονον,-50.0,-0.9352363636363635
15454,θρονον,219.0,-0.9903
15454,θρονον,269.0,-0.9822
15454,θρονον,350.0,-0.8868
15454,θρονον,448.0,-0.9544999999999999
15454,θρονον,490.0,-0.9203
15454,θρονον,950.0,-0.9760500000000001
