id,word,year,mean_weighted_sentiment
15467,θρυπτω,-266.0,-0.97925
15467,θρυπτω,150.0,-0.983
15467,θρυπτω,152.0,-0.9608
15467,θρυπτω,200.0,-0.9685
15467,θρυπτω,311.0,-0.9156
15467,θρυπτω,350.0,-0.8552
15467,θρυπτω,425.0,-0.8297
15467,θρυπτω,950.0,-0.9805333333333334
