id,word,year,mean_weighted_sentiment
15418,θρεω,-50.0,-0.91705
15418,θρεω,950.0,-0.9803333333333333
