id,word,year,mean_weighted_sentiment
15421,θρηνεω,-490.0,-0.9892
15421,θρηνεω,-450.0,-0.9925
15421,θρηνεω,-266.0,-0.9498
15421,θρηνεω,-50.0,-0.9521684210526317
15421,θρηνεω,152.0,-0.9857
15421,θρηνεω,425.0,-0.9009
15421,θρηνεω,950.0,-0.9781666666666666
