id,word,year,mean_weighted_sentiment
15408,θρεμμα,-149.0,-0.9911
15408,θρεμμα,-50.0,-0.9478444444444444
15408,θρεμμα,15.0,-0.9491
15408,θρεμμα,150.0,-0.96398
15408,θρεμμα,425.0,-0.8876
15408,θρεμμα,950.0,-0.9695
