id,word,year,mean_weighted_sentiment
15448,θριξ,-500.0,-0.9904
15448,θριξ,-415.0,-0.9711
15448,θριξ,-353.0,-0.9345000000000001
15448,θριξ,-266.0,-0.96736
15448,θριξ,-50.0,-0.8930423076923076
15448,θριξ,150.0,-0.9550181818181819
15448,θριξ,172.0,-0.9883
15448,θριξ,200.0,-0.990625
15448,θριξ,269.0,-0.8967
15448,θριξ,320.0,-0.9321
15448,θριξ,425.0,-0.9281
15448,θριξ,950.0,-0.9846125
