id,word,year,mean_weighted_sentiment
15581,θυσια,-353.0,-0.9846
15581,θυσια,-266.0,-0.9750692307692308
15581,θυσια,-50.0,-0.9620884615384615
15581,θυσια,15.0,-0.946275
15581,θυσια,49.0,-0.9637
15581,θυσια,150.0,-0.9741666666666667
15581,θυσια,152.0,-0.9291
15581,θυσια,200.0,-0.9879
15581,θυσια,425.0,-0.9343
15581,θυσια,490.0,-0.8517
