id,word,year,mean_weighted_sentiment
15580,θυσιαζω,-353.0,-0.9846
15580,θυσιαζω,-266.0,-0.9750692307692308
15580,θυσιαζω,-50.0,-0.9620740740740741
15580,θυσιαζω,15.0,-0.946275
15580,θυσιαζω,49.0,-0.9637
15580,θυσιαζω,150.0,-0.9741666666666667
15580,θυσιαζω,152.0,-0.9291
15580,θυσιαζω,200.0,-0.9879
15580,θυσιαζω,425.0,-0.9343
15580,θυσιαζω,490.0,-0.8517
