id,word,year,mean_weighted_sentiment
15546,θυος,-266.0,-0.9802
15546,θυος,-50.0,-0.6488153846153846
15546,θυος,200.0,-0.9901666666666666
15546,θυος,950.0,-0.98625
