id,word,year,mean_weighted_sentiment
15507,θυμιαμα,-415.0,-0.9793
15507,θυμιαμα,-266.0,-0.965125
15507,θυμιαμα,-50.0,-0.95475
15507,θυμιαμα,150.0,-0.9707
15507,θυμιαμα,172.0,-0.986
15507,θυμιαμα,350.0,-0.8682
15507,θυμιαμα,950.0,-0.9847333333333333
