id,word,year,mean_weighted_sentiment
15529,θυμοω,-500.0,-0.9876
15529,θυμοω,-450.0,-0.9891
15529,θυμοω,-266.0,-0.9729862068965516
15529,θυμοω,-50.0,-0.9590135593220337
15529,θυμοω,15.0,-0.9433
15529,θυμοω,127.0,-0.9659
15529,θυμοω,150.0,-0.96486
15529,θυμοω,200.0,-0.9905
15529,θυμοω,269.0,-0.9832000000000001
15529,θυμοω,350.0,-0.9493
15529,θυμοω,425.0,-0.9298400000000001
15529,θυμοω,490.0,-0.9574
15529,θυμοω,950.0,-0.9821625
