id,word,year,mean_weighted_sentiment
15543,θυον,-266.0,-0.9802
15543,θυον,-50.0,-0.38144285714285714
15543,θυον,200.0,-0.9901666666666666
15543,θυον,950.0,-0.9831
