id,word,year,mean_weighted_sentiment
15547,θυοω,-266.0,-0.9802
15547,θυοω,-50.0,-0.38982857142857147
15547,θυοω,200.0,-0.9901666666666666
15547,θυοω,950.0,-0.9831
