id,word,year,mean_weighted_sentiment
15670,ιαχεω,-50.0,-0.9673750000000001
15670,ιαχεω,950.0,-0.9602666666666666
