id,word,year,mean_weighted_sentiment
15661,ιατρικος,-479.0,-0.9414
15661,ιατρικος,-415.0,-0.9089
15661,ιατρικος,-353.0,-0.9424
15661,ιατρικος,-50.0,-0.9536833333333333
15661,ιατρικος,50.0,-0.9948
15661,ιατρικος,150.0,-0.923875
15661,ιατρικος,172.0,-0.9873
15661,ιατρικος,200.0,-0.9133
15661,ιατρικος,269.0,-0.9713499999999999
15661,ιατρικος,352.0,-0.9193
15661,ιατρικος,425.0,-0.9555
15661,ιατρικος,550.0,-0.9063
15661,ιατρικος,950.0,-0.9781727272727273
15661,ιατρικος,1127.0,-0.9423
