id,word,year,mean_weighted_sentiment
15689,ιδιοομαι,-479.0,-0.9277500000000001
15689,ιδιοομαι,-50.0,-0.9536312499999999
15689,ιδιοομαι,147.0,-0.9108
15689,ιδιοομαι,150.0,-0.9497
15689,ιδιοομαι,200.0,-0.7603875
15689,ιδιοομαι,359.0,-0.9119
15689,ιδιοομαι,383.0,-0.7672307692307694
15689,ιδιοομαι,950.0,-0.9703199999999998
