id,word,year,mean_weighted_sentiment
15697,ιδιωτης,-415.0,-0.9827
15697,ιδιωτης,-353.0,-0.9834
15697,ιδιωτης,-50.0,-0.9661
15697,ιδιωτης,15.0,-0.9452
15697,ιδιωτης,150.0,-0.8852333333333333
15697,ιδιωτης,152.0,-0.9615
15697,ιδιωτης,200.0,-0.955
15697,ιδιωτης,320.0,-0.9938
15697,ιδιωτης,350.0,-0.9394
15697,ιδιωτης,950.0,-0.979975
