id,word,year,mean_weighted_sentiment
15707,ιδροω,-50.0,-0.6709384615384616
15707,ιδροω,172.0,-0.9875333333333333
15707,ιδροω,425.0,-0.8482
