id,word,year,mean_weighted_sentiment
15712,ιδρως,-550.0,-0.9877
15712,ιδρως,-450.0,-0.9482
15712,ιδρως,-50.0,-0.8461333333333333
15712,ιδρως,150.0,-0.9049
15712,ιδρως,172.0,-0.9880599999999999
15712,ιδρως,425.0,-0.8482
15712,ιδρως,950.0,-0.9654
