id,word,year,mean_weighted_sentiment
15722,ιερεια,-353.0,-0.9911
15722,ιερεια,-266.0,-0.9275857142857145
15722,ιερεια,-50.0,-0.9270250000000001
15722,ιερεια,15.0,-0.9411499999999999
15722,ιερεια,150.0,-0.13130000000000003
15722,ιερεια,152.0,-0.9863
15722,ιερεια,269.0,-0.9611
15722,ιερεια,490.0,-0.958
15722,ιερεια,950.0,-0.9736461538461538
