id,word,year,mean_weighted_sentiment
15725,ιερευω,-353.0,0.963
15725,ιερευω,-266.0,-0.961625
15725,ιερευω,-50.0,-0.9725500000000001
15725,ιερευω,15.0,-0.9475
15725,ιερευω,147.0,-0.9408
15725,ιερευω,150.0,-0.9451
15725,ιερευω,350.0,-0.9682
