id,word,year,mean_weighted_sentiment
15723,ιερειον,-353.0,-0.9911
15723,ιερειον,-50.0,-0.9515888888888888
15723,ιερειον,15.0,-0.8972
15723,ιερειον,150.0,0.7281
15723,ιερειον,152.0,-0.9651
15723,ιερειον,269.0,-0.9329
15723,ιερειον,490.0,-0.958
15723,ιερειον,950.0,-0.9761000000000002
