id,word,year,mean_weighted_sentiment
15766,ιησους,-266.0,-0.9778714285714286
15766,ιησους,49.0,-0.9556222222222223
15766,ιησους,80.0,-0.9133
15766,ιησους,150.0,-0.955
15766,ιησους,219.0,-0.9504272727272727
15766,ιησους,425.0,-0.93045
