id,word,year,mean_weighted_sentiment
15765,ιη,-270.0,-0.9764
15765,ιη,-50.0,-0.98395
15765,ιη,90.0,-0.5453
15765,ιη,150.0,-0.931775
15765,ιη,249.0,-0.9148
15765,ιη,269.0,-0.9906
15765,ιη,950.0,-0.9242
