id,word,year,mean_weighted_sentiment
15804,ικετης,-450.0,-0.9871
15804,ικετης,-266.0,-0.97665
15804,ικετης,-50.0,-0.9518090909090909
15804,ικετης,15.0,-0.924925
15804,ικετης,150.0,-0.9511499999999999
15804,ικετης,200.0,-0.9915
15804,ικετης,490.0,-0.8837
15804,ικετης,950.0,-0.987
