id,word,year,mean_weighted_sentiment
15798,ικετεια,-266.0,-0.97665
15798,ικετεια,-50.0,-0.9696000000000001
15798,ικετεια,350.0,-0.9063
15798,ικετεια,425.0,-0.98355
15798,ικετεια,950.0,-0.9882
