id,word,year,mean_weighted_sentiment
15816,ικω,-450.0,-0.9887
15816,ικω,-266.0,-0.97665
15816,ικω,-149.0,-0.993
15816,ικω,-50.0,-0.97485
15816,ικω,15.0,-0.9665
15816,ικω,150.0,-0.915
15816,ικω,200.0,-0.9662
15816,ικω,269.0,-0.9887
15816,ικω,350.0,-0.972
