id,word,year,mean_weighted_sentiment
15830,ιλιας,-479.0,-0.954
15830,ιλιας,-50.0,-0.8975344827586207
15830,ιλιας,269.0,-0.8815
15830,ιλιας,950.0,-0.9742333333333333
