id,word,year,mean_weighted_sentiment
15837,ιλιος,-479.0,-0.954
15837,ιλιος,-149.0,-0.9934
15837,ιλιος,-50.0,-0.9673632653061227
15837,ιλιος,150.0,-0.9793799999999999
15837,ιλιος,152.0,-0.9643
15837,ιλιος,269.0,-0.978325
15837,ιλιος,352.0,0.9395
15837,ιλιος,950.0,-0.9675
