id,word,year,mean_weighted_sentiment
15855,ιμερος,-490.0,-0.98975
15855,ιμερος,-50.0,-0.97012
15855,ιμερος,15.0,-0.9791
15855,ιμερος,152.0,0.8776
15855,ιμερος,200.0,-0.9468
