id,word,year,mean_weighted_sentiment
15847,ιματιζω,-266.0,-0.9709
15847,ιματιζω,-50.0,-0.982175
15847,ιματιζω,150.0,-0.91625
15847,ιματιζω,490.0,-0.8861
15847,ιματιζω,950.0,-0.9858666666666668
