id,word,year,mean_weighted_sentiment
15844,ιμας,-266.0,-0.9818
15844,ιμας,-50.0,-0.963693103448276
15844,ιμας,150.0,-0.9342
15844,ιμας,269.0,-0.9579
15844,ιμας,950.0,-0.979125
