id,word,year,mean_weighted_sentiment
15863,ινδικος,127.0,-0.96825
15863,ινδικος,147.0,-0.9708
15863,ινδικος,150.0,-0.9735666666666667
15863,ινδικος,172.0,-0.989
15863,ινδικος,950.0,-0.9906
