id,word,year,mean_weighted_sentiment
15893,ιονιος,-149.0,-0.9322999999999999
15893,ιονιος,127.0,-0.9450999999999999
