id,word,year,mean_weighted_sentiment
15900,ιουδαιζω,-266.0,-0.9142250000000001
15900,ιουδαιζω,15.0,-0.9270857142857142
15900,ιουδαιζω,219.0,-0.8933
15900,ιουδαιζω,311.0,-0.9223
15900,ιουδαιζω,425.0,-0.9339999999999999
15900,ιουδαιζω,950.0,-0.97046875
