id,word,year,mean_weighted_sentiment
15973,ιπποκρατεω,-50.0,-0.9626
15973,ιπποκρατεω,50.0,-0.88785
15973,ιπποκρατεω,150.0,0.0025000000000000022
15973,ιπποκρατεω,172.0,-0.8358307692307693
