id,word,year,mean_weighted_sentiment
15935,ιππευς,-353.0,-0.9685600000000001
15935,ιππευς,-266.0,-0.948
15935,ιππευς,-50.0,-0.9583500000000001
15935,ιππευς,150.0,-0.9401999999999999
15935,ιππευς,152.0,-0.9245
15935,ιππευς,200.0,-0.9720333333333334
15935,ιππευς,269.0,-0.9637
15935,ιππευς,350.0,-0.9339
15935,ιππευς,490.0,-0.9430000000000001
15935,ιππευς,950.0,-0.9841
