id,word,year,mean_weighted_sentiment
15923,ιππαρχος,-353.0,-0.9229200000000001
15923,ιππαρχος,-155.0,-0.48752500000000004
15923,ιππαρχος,127.0,0.9866
15923,ιππαρχος,150.0,-0.9717
15923,ιππαρχος,352.0,-0.9705
