id,word,year,mean_weighted_sentiment
15931,ιππεια,-155.0,-0.9904999999999999
15931,ιππεια,-50.0,-0.9715000000000001
15931,ιππεια,150.0,-0.94225
15931,ιππεια,200.0,-0.9888
15931,ιππεια,950.0,-0.9898
