id,word,year,mean_weighted_sentiment
16001,ιππων,-266.0,-0.9771333333333333
16001,ιππων,-149.0,-0.9939
16001,ιππων,-50.0,-0.9386712328767123
16001,ιππων,150.0,-0.9475666666666668
16001,ιππων,200.0,-0.9925
16001,ιππων,269.0,-0.95155
16001,ιππων,350.0,-0.9414
16001,ιππων,490.0,-0.92135
16001,ιππων,550.0,-0.9374
16001,ιππων,950.0,-0.9773857142857142
