id,word,year,mean_weighted_sentiment
16004,ιρις,-353.0,-0.9189499999999999
16004,ιρις,-50.0,-0.9667652173913043
16004,ιρις,150.0,-0.9657
16004,ιρις,172.0,-0.99115
16004,ιρις,200.0,-0.96665
