id,word,year,mean_weighted_sentiment
16098,ιστος,-450.0,0.9505
16098,ιστος,-266.0,-0.9851000000000001
16098,ιστος,-155.0,-0.9592571428571428
16098,ιστος,-50.0,-0.9567
16098,ιστος,150.0,-0.9171799999999999
16098,ιστος,152.0,-0.98645
16098,ιστος,200.0,-0.9724
