id,word,year,mean_weighted_sentiment
16089,ιστιον,-50.0,0.028974999999999973
16089,ιστιον,150.0,-0.92565
16089,ιστιον,425.0,-0.9656
