id,word,year,mean_weighted_sentiment
16095,ιστορεω,-353.0,-0.9552499999999999
16095,ιστορεω,-50.0,-0.96305
16095,ιστορεω,127.0,-0.9327
16095,ιστορεω,150.0,-0.9392999999999999
16095,ιστορεω,448.0,-0.9123
