id,word,year,mean_weighted_sentiment
16121,ισως,-479.0,-0.18919999999999998
16121,ισως,-353.0,-0.61215
16121,ισως,-50.0,-0.9287227272727272
16121,ισως,15.0,-0.97155
16121,ισως,127.0,-0.942
16121,ισως,152.0,-0.9168
16121,ισως,200.0,-0.90015
16121,ισως,237.0,-0.901475
16121,ισως,299.0,-0.9408
16121,ισως,311.0,-0.9386
16121,ισως,335.0,-0.9863
16121,ισως,350.0,-0.9499142857142857
16121,ισως,352.0,-0.7203
16121,ισως,425.0,-0.9396
16121,ισως,530.0,-0.9466666666666667
16121,ισως,550.0,-0.987
