id,word,year,mean_weighted_sentiment
16068,ισοσκελης,150.0,-0.9553750000000001
16068,ισοσκελης,320.0,-0.9502200000000001
