id,word,year,mean_weighted_sentiment
16024,ισθμος,-149.0,-0.9907
16024,ισθμος,-50.0,-0.9915
16024,ισθμος,127.0,-0.9370666666666666
16024,ισθμος,150.0,-0.9079666666666667
16024,ισθμος,490.0,-0.8898
