id,word,year,mean_weighted_sentiment
16110,ισχιον,-415.0,-0.9802
16110,ισχιον,-155.0,-0.9599
16110,ισχιον,-50.0,-0.930625
16110,ισχιον,172.0,-0.9872333333333335
16110,ισχιον,200.0,-0.9927
