id,word,year,mean_weighted_sentiment
16117,ισχυρος,-415.0,-0.9847
16117,ισχυρος,-353.0,-0.9875
16117,ισχυρος,-266.0,0.0020749999999999935
16117,ισχυρος,-50.0,-0.8672956521739131
16117,ισχυρος,150.0,-0.0368
16117,ισχυρος,172.0,-0.9883000000000001
16117,ισχυρος,200.0,-0.9771
16117,ισχυρος,311.0,-0.9531
