id,word,year,mean_weighted_sentiment
16118,ισχυς,-450.0,-0.9896
16118,ισχυς,-387.0,-0.9798
16118,ισχυς,-353.0,-0.9868
16118,ισχυς,-266.0,-0.7966608695652174
16118,ισχυς,-50.0,-0.9385909090909091
16118,ισχυς,15.0,-0.9641
16118,ισχυς,150.0,-0.9403666666666667
16118,ισχυς,200.0,-0.8392
16118,ισχυς,350.0,-0.9063
16118,ισχυς,352.0,-0.977
16118,ισχυς,359.0,-0.9847
16118,ισχυς,425.0,-0.9111
16118,ισχυς,490.0,-0.9363
16118,ισχυς,1150.0,-0.9921
