id,word,year,mean_weighted_sentiment
16074,ισοτης,-353.0,-0.954
16074,ισοτης,-50.0,-0.9432428571428572
16074,ισοτης,90.0,-0.7850999999999999
16074,ισοτης,320.0,-0.4140666666666666
16074,ισοτης,530.0,-0.9355
