id,word,year,mean_weighted_sentiment
16131,ιτος,-450.0,-0.9857666666666667
16131,ιτος,-270.0,-0.96795
16131,ιτος,-50.0,-0.33570000000000005
16131,ιτος,90.0,-0.9676799999999999
16131,ιτος,150.0,-0.9531333333333333
16131,ιτος,182.0,-0.9857
16131,ιτος,269.0,-0.9862
16131,ιτος,950.0,-0.9934
