id,word,year,mean_weighted_sentiment
16122,ιταλια,-149.0,-0.99185
16122,ιταλια,-50.0,-0.9501
16122,ιταλια,127.0,-0.9405857142857142
16122,ιταλια,150.0,-0.97375
16122,ιταλια,299.0,-0.9872
16122,ιταλια,425.0,-0.8619
16122,ιταλια,490.0,-0.9067
16122,ιταλια,950.0,-0.9788749999999999
