id,word,year,mean_weighted_sentiment
16174,ιχνος,-450.0,-0.9918
16174,ιχνος,-266.0,-0.9147333333333333
16174,ιχνος,-50.0,-0.96377
16174,ιχνος,150.0,-0.9786666666666667
16174,ιχνος,200.0,-0.9936
16174,ιχνος,237.0,-0.9757
16174,ιχνος,425.0,-0.8979
16174,ιχνος,950.0,-0.98425
