id,word,year,mean_weighted_sentiment
16161,ιχθυς,-450.0,-0.9929
16161,ιχθυς,-353.0,-0.8296749999999999
16161,ιχθυς,-266.0,-0.9453999999999999
16161,ιχθυς,-155.0,-0.8572599999999999
16161,ιχθυς,-149.0,-0.99
16161,ιχθυς,-50.0,-0.83574
16161,ιχθυς,15.0,-0.9499
16161,ιχθυς,147.0,-0.9448
16161,ιχθυς,150.0,-0.4742
16161,ιχθυς,152.0,-0.9271
16161,ιχθυς,200.0,-0.9737444444444444
16161,ιχθυς,269.0,-0.9475
16161,ιχθυς,950.0,-0.97697
