id,word,year,mean_weighted_sentiment
16145,ιχθυαω,-353.0,-0.7528199999999999
16145,ιχθυαω,-266.0,-0.9438
16145,ιχθυαω,-155.0,-0.9227058823529412
16145,ιχθυαω,-149.0,-0.99
16145,ιχθυαω,-50.0,-0.95902
16145,ιχθυαω,147.0,-0.93895
16145,ιχθυαω,150.0,-0.94945
16145,ιχθυαω,200.0,-0.9753
16145,ιχθυαω,950.0,-0.9836888888888888
