id,word,year,mean_weighted_sentiment
16183,ιων,-500.0,-0.98535
16183,ιων,-450.0,-0.9909
16183,ιων,-353.0,-0.9467
16183,ιων,-149.0,-0.9924
16183,ιων,-50.0,-0.9693078947368423
16183,ιων,15.0,-0.9594
16183,ιων,150.0,-0.9380700000000001
16183,ιων,350.0,-0.9724
16183,ιων,448.0,-0.9333
16183,ιων,950.0,-0.9778666666666668
