id,word,year,mean_weighted_sentiment
16185,ιω,-500.0,-0.98535
16185,ιω,-490.0,-0.7015142857142858
16185,ιω,-450.0,-0.9922571428571427
16185,ιω,-50.0,-0.9619377777777779
16185,ιω,15.0,-0.967875
16185,ιω,127.0,-0.9804333333333334
16185,ιω,150.0,-0.9534000000000001
16185,ιω,200.0,-0.964
16185,ιω,205.0,-0.97925
16185,ιω,237.0,-0.9249
16185,ιω,350.0,-0.8914500000000001
16185,ιω,448.0,-0.9333
16185,ιω,550.0,-0.9695333333333332
16185,ιω,950.0,-0.9804666666666668
