id,word,year,mean_weighted_sentiment
17515,κατηγορεω,-479.0,-0.8999
17515,κατηγορεω,-387.0,-0.9756
17515,κατηγορεω,-353.0,-0.9743
17515,κατηγορεω,15.0,-0.9679
17515,κατηγορεω,200.0,-0.9765666666666667
17515,κατηγορεω,350.0,-0.02059999999999995
17515,κατηγορεω,352.0,-0.9596333333333332
17515,κατηγορεω,383.0,0.9264
17515,κατηγορεω,425.0,-0.90355
17515,κατηγορεω,448.0,-0.9532
17515,κατηγορεω,550.0,-0.9612
17515,κατηγορεω,950.0,-0.9791166666666667
