id,word,year,mean_weighted_sentiment
16413,κακοποιεω,147.0,-0.9323363636363637
16413,κακοποιεω,200.0,0.0012500000000000289
