id,word,year,mean_weighted_sentiment
16337,καιριος,-450.0,-0.99255
16337,καιριος,-149.0,-0.9931
16337,καιριος,-50.0,-0.9624125
16337,καιριος,200.0,-0.98
16337,καιριος,269.0,-0.9334
16337,καιριος,350.0,-0.93
16337,καιριος,490.0,-0.87995
16337,καιριος,950.0,-0.9774666666666666
16337,καιριος,1118.0,-0.97055
