id,word,year,mean_weighted_sentiment
16304,καθως,-266.0,-0.95625
16304,καθως,-50.0,-0.9714
16304,καθως,49.0,-0.7884
16304,καθως,147.0,-0.9270166666666668
16304,καθως,150.0,-0.9336666666666668
16304,καθως,311.0,-0.8195
16304,καθως,425.0,-0.9643
