id,word,year,mean_weighted_sentiment
16277,καθισταω,-50.0,-0.9346666666666666
16277,καθισταω,150.0,-0.9551000000000001
16277,καθισταω,425.0,-0.9515
16277,καθισταω,490.0,-0.8938
