id,word,year,mean_weighted_sentiment
17612,καυμα,-266.0,-0.9614
17612,καυμα,-155.0,-0.9729
17612,καυμα,-50.0,-0.920575
17612,καυμα,172.0,0.8786
17612,καυμα,200.0,-0.9769
17612,καυμα,950.0,-0.9718333333333332
