id,word,year,mean_weighted_sentiment
17518,κατηγορος,-353.0,-0.9934
17518,κατηγορος,15.0,-0.9679
17518,κατηγορος,152.0,-0.9758
17518,κατηγορος,350.0,-0.021999999999999964
17518,κατηγορος,425.0,-0.91585
17518,κατηγορος,448.0,-0.9532
17518,κατηγορος,950.0,-0.9753000000000001
