id,word,year,mean_weighted_sentiment
16676,καπραω,-50.0,-0.9776000000000001
16676,καπραω,200.0,-0.9904999999999999
16676,καπραω,950.0,-0.9265
