id,word,year,mean_weighted_sentiment
17605,κατωτατος,-266.0,-0.9104000000000001
17605,κατωτατος,-50.0,-0.9820333333333333
17605,κατωτατος,127.0,-0.9163
