id,word,year,mean_weighted_sentiment
17269,κατασκευη,-550.0,-0.9922
17269,κατασκευη,-50.0,-0.9694285714285714
17269,κατασκευη,-34.0,-0.9621
17269,κατασκευη,150.0,-0.8612
17269,κατασκευη,172.0,-0.9895
17269,κατασκευη,200.0,-0.7548454545454546
17269,κατασκευη,320.0,-0.86575
17269,κατασκευη,350.0,-0.9407
17269,κατασκευη,352.0,-0.9467
17269,κατασκευη,530.0,-0.96235
17269,κατασκευη,550.0,-0.9001
