id,word,year,mean_weighted_sentiment
16761,καρχηδων,-149.0,-0.9831
16761,καρχηδων,-50.0,-0.016100000000000003
16761,καρχηδων,127.0,-0.9563
16761,καρχηδων,150.0,-0.96724
16761,καρχηδων,172.0,-0.9855
16761,καρχηδων,950.0,-0.9722666666666665
