id,word,year,mean_weighted_sentiment
16618,καμνω,-500.0,-0.9868
16618,καμνω,-450.0,-0.9899
16618,καμνω,-415.0,-0.974
16618,καμνω,-353.0,-0.95455
16618,καμνω,-50.0,-0.9634451612903226
16618,καμνω,150.0,-0.900175
16618,καμνω,152.0,-0.9281333333333334
16618,καμνω,172.0,-0.6083
16618,καμνω,200.0,-0.9672625
16618,καμνω,269.0,-0.966
16618,καμνω,425.0,-0.88625
16618,καμνω,448.0,-0.9858
16618,καμνω,950.0,-0.967625
