id,word,year,mean_weighted_sentiment
16740,καρτος,-450.0,-0.9936
16740,καρτος,-415.0,-0.9888
16740,καρτος,-50.0,-0.9856333333333334
16740,καρτος,950.0,-0.98514
