id,word,year,mean_weighted_sentiment
17570,κατοπιν,-50.0,-0.95165
17570,κατοπιν,150.0,-0.9647
17570,κατοπιν,950.0,-0.9875499999999999
