id,word,year,mean_weighted_sentiment
16197,καδμος,-149.0,-0.9908
16197,καδμος,-50.0,-0.9704
16197,καδμος,150.0,-0.9773499999999999
16197,καδμος,950.0,-0.975325
