id,word,year,mean_weighted_sentiment
16654,κανων,-50.0,-0.9489285714285715
16654,κανων,15.0,-0.8846
16654,κανων,90.0,-0.9086
16654,κανων,147.0,-0.856
16654,κανων,150.0,-0.8698
16654,κανων,249.0,-0.8503
16654,κανων,320.0,-0.9887
16654,κανων,352.0,-0.9795
16654,κανων,425.0,-0.9066666666666666
16654,κανων,950.0,-0.9811666666666666
