id,word,year,mean_weighted_sentiment
16354,κακια,-479.0,-0.8592
16354,κακια,-387.0,-0.9922
16354,κακια,-353.0,-0.9562333333333334
16354,κακια,-266.0,-0.9735285714285714
16354,κακια,15.0,-0.9625
16354,κακια,150.0,-0.9642999999999999
16354,κακια,161.0,-0.9502
16354,κακια,172.0,-0.9925
16354,κακια,200.0,-0.9707538461538463
16354,κακια,350.0,-0.9419500000000001
16354,κακια,425.0,-0.9271
16354,κακια,950.0,-0.9673692307692309
16354,κακια,1127.0,-0.9829
