id,word,year,mean_weighted_sentiment
16622,καμπτω,-490.0,-0.9817
16622,καμπτω,-353.0,-0.9078
16622,καμπτω,-155.0,-0.9845
16622,καμπτω,-50.0,-0.9611000000000001
16622,καμπτω,200.0,0.9808
16622,καμπτω,425.0,-0.9498
16622,καμπτω,950.0,-0.9568166666666666
