id,word,year,mean_weighted_sentiment
17457,κατειμι,-155.0,-0.9865666666666666
17457,κατειμι,-50.0,-0.91945
17457,κατειμι,15.0,-0.9882
17457,κατειμι,150.0,-0.9694
17457,κατειμι,448.0,-0.9628
17457,κατειμι,950.0,-0.9936
