id,word,year,mean_weighted_sentiment
16623,καμπυλος,-50.0,-0.9844999999999999
16623,καμπυλος,200.0,-0.9925
16623,καμπυλος,950.0,-0.9866666666666667
