id,word,year,mean_weighted_sentiment
16279,καθοδος,-353.0,-0.9758500000000001
16279,καθοδος,-50.0,-0.9791000000000001
