id,word,year,mean_weighted_sentiment
16680,καπτω,-50.0,-0.9741333333333334
16680,καπτω,950.0,-0.9890000000000001
