id,word,year,mean_weighted_sentiment
16716,καρ,-450.0,-0.9879
16716,καρ,-155.0,-0.8175
16716,καρ,-50.0,-0.9430142857142859
16716,καρ,15.0,-0.9491
16716,καρ,150.0,-0.99035
16716,καρ,152.0,0.9802
16716,καρ,200.0,-0.98085
16716,καρ,205.0,-0.9803
16716,καρ,269.0,-0.9532
16716,καρ,350.0,-0.97085
16716,καρ,950.0,-0.9806916666666666
