id,word,year,mean_weighted_sentiment
16691,καρα,-500.0,-0.7368
16691,καρα,-450.0,-0.9906666666666667
16691,καρα,-387.0,-0.9793
16691,καρα,-266.0,-0.95304
16691,καρα,-155.0,-0.991575
16691,καρα,-50.0,-0.9612264705882353
16691,καρα,150.0,-0.9280999999999999
16691,καρα,152.0,0.9802
16691,καρα,200.0,-0.98505
16691,καρα,205.0,-0.98665
16691,καρα,350.0,-0.9903
16691,καρα,425.0,-0.846
16691,καρα,950.0,-0.9814142857142858
