id,word,year,mean_weighted_sentiment
16210,καθαιρεω,-266.0,-0.9311
16210,καθαιρεω,-50.0,-0.9075500000000001
16210,καθαιρεω,150.0,-0.8617
16210,καθαιρεω,200.0,-0.9915
16210,καθαιρεω,425.0,-0.9295
16210,καθαιρεω,950.0,-0.9828875
