id,word,year,mean_weighted_sentiment
16235,καθεδρα,-266.0,-0.887425
16235,καθεδρα,-50.0,-0.8236000000000001
16235,καθεδρα,152.0,-0.9463
16235,καθεδρα,425.0,-0.9447
16235,καθεδρα,950.0,-0.9815222222222223
