id,word,year,mean_weighted_sentiment
16483,καλαμος,-266.0,-0.9039
16483,καλαμος,-50.0,-0.9715428571428569
16483,καλαμος,150.0,-0.9852
16483,καλαμος,172.0,-0.08334999999999998
16483,καλαμος,200.0,-0.55574
16483,καλαμος,425.0,-0.9777
16483,καλαμος,950.0,-0.9794461538461537
