id,word,year,mean_weighted_sentiment
16452,κακουργος,-266.0,-0.9779
16452,κακουργος,200.0,-0.97538
16452,κακουργος,950.0,-0.9791714285714287
