id,word,year,mean_weighted_sentiment
16328,καινοω,-266.0,-0.9926
16328,καινοω,-50.0,-0.951875
16328,καινοω,49.0,-0.9268000000000001
16328,καινοω,219.0,-0.9414
16328,καινοω,950.0,-0.985725
