id,word,year,mean_weighted_sentiment
16407,κακοπαθεια,-50.0,-0.9764333333333334
16407,κακοπαθεια,150.0,-0.9909
16407,κακοπαθεια,950.0,-0.9893333333333333
