id,word,year,mean_weighted_sentiment
16571,καλλος,-353.0,-0.9084
16571,καλλος,-266.0,-0.6833076923076923
16571,καλλος,-50.0,-0.9364214285714286
16571,καλλος,-34.0,0.019199999999999995
16571,καλλος,150.0,-0.8224806451612904
16571,καλλος,200.0,-0.54912
16571,καλλος,237.0,-0.11586000000000003
16571,καλλος,311.0,-0.9564
16571,καλλος,350.0,-0.9224000000000001
16571,καλλος,359.0,-0.8885
16571,καλλος,490.0,-0.9108
