id,word,year,mean_weighted_sentiment
16232,καθαρσις,-415.0,-0.9857
16232,καθαρσις,-353.0,-0.9035
16232,καθαρσις,-50.0,-0.9535
16232,καθαρσις,152.0,-0.9401
16232,καθαρσις,172.0,-0.9913666666666666
16232,καθαρσις,182.0,-0.9491
16232,καθαρσις,237.0,-0.9424000000000001
16232,καθαρσις,425.0,-0.942
