id,word,year,mean_weighted_sentiment
16259,καθηκω,-353.0,-0.95555
16259,καθηκω,-266.0,-0.91815
16259,καθηκω,-149.0,-0.9868
16259,καθηκω,-50.0,-0.9581428571428573
16259,καθηκω,150.0,-0.9552
16259,καθηκω,269.0,-0.9638
16259,καθηκω,448.0,-0.9139
16259,καθηκω,950.0,-0.9787799999999999
