id,word,year,mean_weighted_sentiment
17265,κατασκευαζω,-550.0,-0.9922
17265,κατασκευαζω,-353.0,-0.9205
17265,κατασκευαζω,-266.0,-0.975
17265,κατασκευαζω,-50.0,-0.9683250000000001
17265,κατασκευαζω,-34.0,-0.9637
17265,κατασκευαζω,15.0,-0.8489
17265,κατασκευαζω,150.0,-0.8965
17265,κατασκευαζω,200.0,-0.7302500000000001
17265,κατασκευαζω,320.0,-0.8899166666666666
17265,κατασκευαζω,350.0,-0.9407
17265,κατασκευαζω,352.0,-0.9467
17265,κατασκευαζω,530.0,-0.9463
17265,κατασκευαζω,550.0,-0.9001
