id,word,year,mean_weighted_sentiment
16342,καιτοι,-490.0,-0.9899
16342,καιτοι,-450.0,0.8365
16342,καιτοι,-50.0,-0.9160499999999999
16342,καιτοι,15.0,-0.859175
16342,καιτοι,150.0,-0.8791
16342,καιτοι,152.0,-0.935
16342,καιτοι,200.0,-0.9459
16342,καιτοι,350.0,-0.6572666666666666
16342,καιτοι,425.0,-0.8878
16342,καιτοι,530.0,-0.9461333333333334
16342,καιτοι,550.0,-0.9858
16342,καιτοι,1118.0,-0.9544
