id,word,year,mean_weighted_sentiment
17280,κατασκοπος,-266.0,-0.96675
17280,κατασκοπος,-50.0,-0.951409090909091
17280,κατασκοπος,15.0,-0.92135
17280,κατασκοπος,150.0,-0.99
17280,κατασκοπος,219.0,-0.9069
17280,κατασκοπος,350.0,-0.0036499999999999866
