id,word,year,mean_weighted_sentiment
16635,κανεον,-500.0,-0.9854
16635,κανεον,-50.0,-0.97208
16635,κανεον,150.0,-0.9811
16635,κανεον,352.0,-0.9795
16635,κανεον,950.0,-0.9761199999999999
