id,word,year,mean_weighted_sentiment
17059,καταλυω,-266.0,-0.98055
17059,καταλυω,425.0,0.5427
17059,καταλυω,950.0,-0.9722333333333334
