id,word,year,mean_weighted_sentiment
16737,καρτερος,-490.0,-0.9938
16737,καρτερος,-450.0,-0.9932
16737,καρτερος,-353.0,-0.99075
16737,καρτερος,-50.0,-0.9752000000000001
16737,καρτερος,311.0,-0.9819
16737,καρτερος,490.0,-0.93215
16737,καρτερος,950.0,-0.9855714285714284
