id,word,year,mean_weighted_sentiment
16238,καθεζομαι,-50.0,-0.7206625
16238,καθεζομαι,15.0,-0.9652
16238,καθεζομαι,150.0,-0.9539500000000001
16238,καθεζομαι,152.0,-0.9749
16238,καθεζομαι,425.0,-0.9433
16238,καθεζομαι,1118.0,-0.9535
