id,word,year,mean_weighted_sentiment
16212,καθαιρω,-266.0,-0.8705
16212,καθαιρω,-155.0,-0.992
16212,καθαιρω,-50.0,-0.9375666666666668
16212,καθαιρω,150.0,-0.93194
16212,καθαιρω,172.0,-0.9899
16212,καθαιρω,182.0,-0.9724
16212,καθαιρω,237.0,-0.96075
16212,καθαιρω,950.0,-0.9720750000000001
