id,word,year,mean_weighted_sentiment
16669,καπνος,-266.0,-0.9862857142857144
16669,καπνος,-50.0,-0.957870588235294
16669,καπνος,200.0,-0.9847
16669,καπνος,269.0,-0.9795
16669,καπνος,352.0,-0.9924
16669,καπνος,950.0,-0.9810800000000001
