id,word,year,mean_weighted_sentiment
16313,καινον,-490.0,-0.992
16313,καινον,-415.0,-0.9697
16313,καινον,-266.0,-0.9571799999999999
16313,καινον,-50.0,-0.9607333333333332
16313,καινον,150.0,-0.9406
16313,καινον,311.0,-0.9301
16313,καινον,350.0,-0.9601
16313,καινον,425.0,-0.9673
16313,καινον,950.0,-0.97815
