id,word,year,mean_weighted_sentiment
16448,κακουργεω,-266.0,-0.9779
16448,κακουργεω,-50.0,-0.9871
16448,κακουργεω,200.0,-0.97845
16448,κακουργεω,950.0,-0.9791714285714287
