id,word,year,mean_weighted_sentiment
16269,καθιζω,-266.0,-0.60445
16269,καθιζω,-50.0,-0.9585333333333333
16269,καθιζω,490.0,-0.8813
16269,καθιζω,950.0,-0.946025
