id,word,year,mean_weighted_sentiment
16605,καμαρα,-266.0,0.9313
16605,καμαρα,150.0,-0.91348
16605,καμαρα,425.0,-0.9654
16605,καμαρα,950.0,-0.9792000000000001
