id,word,year,mean_weighted_sentiment
16781,καταβαινω,-266.0,-0.9380363636363637
16781,καταβαινω,-155.0,-0.9909
16781,καταβαινω,-50.0,-0.9815999999999999
16781,καταβαινω,150.0,-0.94075
16781,καταβαινω,950.0,-0.991
