id,word,year,mean_weighted_sentiment
17049,καταλογος,-353.0,-0.96918
17049,καταλογος,-50.0,-0.9394857142857143
17049,καταλογος,15.0,-0.982
17049,καταλογος,172.0,0.8962
17049,καταλογος,269.0,-0.9729
17049,καταλογος,350.0,-0.9014
17049,καταλογος,425.0,-0.93335
17049,καταλογος,950.0,-0.9625
