id,word,year,mean_weighted_sentiment
17597,κατωθεν,-415.0,-0.9846
17597,κατωθεν,-353.0,-0.9061
17597,κατωθεν,-50.0,-0.9452333333333334
17597,κατωθεν,200.0,-0.98725
17597,κατωθεν,448.0,-0.8396
17597,κατωθεν,950.0,-0.97655
