id,word,year,mean_weighted_sentiment
17514,κατεχω,-353.0,-0.9209
17514,κατεχω,-50.0,-0.9005333333333334
17514,κατεχω,150.0,-0.9303
17514,κατεχω,172.0,-0.9935
17514,κατεχω,200.0,-0.963275
17514,κατεχω,219.0,-0.9744
17514,κατεχω,490.0,-0.9061
17514,κατεχω,950.0,-0.9807333333333332
