id,word,year,mean_weighted_sentiment
16703,καρηνον,-500.0,-0.9896
16703,καρηνον,-155.0,-0.9898750000000001
16703,καρηνον,-50.0,0.011912499999999993
16703,καρηνον,950.0,-0.99185
