id,word,year,mean_weighted_sentiment
17376,καταφημι,-479.0,-0.9482
17376,καταφημι,-50.0,-0.9664
17376,καταφημι,352.0,-0.95225
17376,καταφημι,550.0,-0.9491333333333333
