id,word,year,mean_weighted_sentiment
16466,κακωσις,-353.0,-0.9648
16466,κακωσις,-266.0,-0.9650749999999999
16466,κακωσις,-50.0,-0.9786999999999999
16466,κακωσις,219.0,-0.9622
