id,word,year,mean_weighted_sentiment
17542,κατοικεω,-353.0,-0.9367
17542,κατοικεω,-266.0,-0.8099909090909091
17542,κατοικεω,-149.0,-0.9843000000000001
17542,κατοικεω,-50.0,-0.934075
17542,κατοικεω,49.0,-0.8569
17542,κατοικεω,150.0,-0.9573
17542,κατοικεω,219.0,-0.9745
17542,κατοικεω,311.0,-0.962
17542,κατοικεω,950.0,-0.97085
