id,word,year,mean_weighted_sentiment
16730,καρτα,-450.0,-0.9908666666666667
16730,καρτα,-415.0,-0.9888
16730,καρτα,-50.0,-0.9856333333333334
16730,καρτα,950.0,-0.98514
