id,word,year,mean_weighted_sentiment
16805,καταβολη,-353.0,-0.9624666666666667
16805,καταβολη,-50.0,-0.9648
16805,καταβολη,147.0,-0.9158
16805,καταβολη,200.0,-0.9743
16805,καταβολη,950.0,-0.9897333333333335
