id,word,year,mean_weighted_sentiment
17789,κεραυνος,-500.0,-0.9914499999999999
17789,κεραυνος,-490.0,-0.9707
17789,κεραυνος,-149.0,-0.9315
17789,κεραυνος,-50.0,-0.9639307692307694
17789,κεραυνος,15.0,-0.961
17789,κεραυνος,127.0,-0.9805
17789,κεραυνος,150.0,-0.9809
17789,κεραυνος,152.0,-0.9097
17789,κεραυνος,269.0,-0.9777
17789,κεραυνος,299.0,-0.9893
17789,κεραυνος,950.0,-0.988275
