id,word,year,mean_weighted_sentiment
17706,κελομαι,-50.0,-0.9646714285714285
17706,κελομαι,269.0,-0.96715
17706,κελομαι,950.0,-0.9936
