id,word,year,mean_weighted_sentiment
17792,κεραυνοω,-149.0,-0.9315
17792,κεραυνοω,-50.0,-0.97528
17792,κεραυνοω,127.0,-0.9805
17792,κεραυνοω,950.0,-0.9892666666666666
