id,word,year,mean_weighted_sentiment
17707,κελτικος,-149.0,-0.9916333333333333
17707,κελτικος,-50.0,-0.8953
17707,κελτικος,147.0,-0.9708
17707,κελτικος,150.0,-0.9903
17707,κελτικος,172.0,-0.9910333333333333
17707,κελτικος,490.0,-0.9312
17707,κελτικος,950.0,-0.9792
