id,word,year,mean_weighted_sentiment
17840,κεφαλαιοω,-479.0,-0.8771
17840,κεφαλαιοω,-149.0,-0.98875
17840,κεφαλαιοω,-50.0,-0.9444857142857144
17840,κεφαλαιοω,172.0,-0.986
17840,κεφαλαιοω,352.0,-0.9792
17840,κεφαλαιοω,448.0,-0.9621000000000001
17840,κεφαλαιοω,950.0,-0.9905999999999999
