id,word,year,mean_weighted_sentiment
17739,κενταυρος,-500.0,-0.1259
17739,κενταυρος,-155.0,-0.94649
17739,κενταυρος,-50.0,-0.9710166666666668
17739,κενταυρος,950.0,-0.95485
