id,word,year,mean_weighted_sentiment
17831,κεστος,-50.0,-0.9632857142857143
17831,κεστος,150.0,-0.9777
17831,κεστος,152.0,0.057750000000000024
17831,κεστος,269.0,-0.9663
