id,word,year,mean_weighted_sentiment
17644,κεαζω,-155.0,-0.9928
17644,κεαζω,-50.0,-0.7951909090909091
17644,κεαζω,950.0,-0.9900166666666667
