id,word,year,mean_weighted_sentiment
17762,κεραμευς,-266.0,-0.9581199999999999
17762,κεραμευς,150.0,-0.9725
17762,κεραμευς,200.0,-0.94865
17762,κεραμευς,950.0,-0.97495
