id,word,year,mean_weighted_sentiment
17781,κερατων,-353.0,-0.9469000000000001
17781,κερατων,-266.0,-0.9808
17781,κερατων,-50.0,-0.9306166666666665
17781,κερατων,150.0,-0.9122
17781,κερατων,200.0,-0.951
17781,κερατων,950.0,-0.9875
