id,word,year,mean_weighted_sentiment
17681,κελαινος,-490.0,-0.9921666666666668
17681,κελαινος,-450.0,-0.9915
17681,κελαινος,-50.0,-0.48582499999999995
17681,κελαινος,15.0,-0.9923
17681,κελαινος,950.0,-0.98895
