id,word,year,mean_weighted_sentiment
17660,κειρω,-500.0,-0.7368
17660,κειρω,-450.0,-0.9892
17660,κειρω,-155.0,-0.991575
17660,κειρω,-50.0,-0.9623657142857145
17660,κειρω,15.0,-0.8235
17660,κειρω,150.0,-0.9928
17660,κειρω,200.0,-0.25085999999999997
17660,κειρω,205.0,-0.993
17660,κειρω,490.0,-0.9315
17660,κειρω,950.0,-0.9856
