id,word,year,mean_weighted_sentiment
17766,κεραμιον,-353.0,-0.8894
17766,κεραμιον,150.0,-0.9457333333333334
17766,κεραμιον,172.0,-0.9922
17766,κεραμιον,950.0,-0.97865
