id,word,year,mean_weighted_sentiment
17904,κηροομαι,-50.0,-0.98125
17904,κηροομαι,448.0,-0.97695
17904,κηροομαι,530.0,-0.9833000000000001
17904,κηροομαι,950.0,-0.98515
