id,word,year,mean_weighted_sentiment
17922,κηρυξ,-500.0,-0.9885999999999999
17922,κηρυξ,-353.0,-0.9560428571428571
17922,κηρυξ,-266.0,-0.9719
17922,κηρυξ,-100.0,-0.9181
17922,κηρυξ,-50.0,-0.9521822222222224
17922,κηρυξ,150.0,-0.9747399999999999
17922,κηρυξ,200.0,-0.9931
17922,κηρυξ,269.0,-0.9772
17922,κηρυξ,350.0,-0.9135
17922,κηρυξ,425.0,-0.936
17922,κηρυξ,950.0,-0.9831285714285715
