id,word,year,mean_weighted_sentiment
17914,κηρ,-500.0,-0.9864
17914,κηρ,-490.0,-0.9904999999999999
17914,κηρ,-450.0,0.9586
17914,κηρ,-353.0,-0.9253
17914,κηρ,-266.0,-0.5275000000000001
17914,κηρ,-50.0,-0.9683827586206897
17914,κηρ,150.0,-0.9664
17914,κηρ,200.0,0.00275000000000003
17914,κηρ,269.0,-0.9550000000000001
17914,κηρ,950.0,-0.9858666666666668
