id,word,year,mean_weighted_sentiment
17899,κηριον,-266.0,0.2301
17899,κηριον,-50.0,-0.9682000000000001
17899,κηριον,200.0,-0.9919
17899,κηριον,269.0,-0.9559
17899,κηριον,950.0,-0.9779166666666668
