id,word,year,mean_weighted_sentiment
17993,κινυρομαι,-50.0,-0.4144285714285715
17993,κινυρομαι,950.0,-0.9761000000000001
