id,word,year,mean_weighted_sentiment
17994,κινυρος,-50.0,-0.4144285714285715
17994,κινυρος,350.0,-0.9459
17994,κινυρος,950.0,-0.9761000000000001
