id,word,year,mean_weighted_sentiment
17944,κιθαρα,-266.0,-0.9833
17944,κιθαρα,-50.0,-0.9429111111111111
17944,κιθαρα,311.0,-0.8776
17944,κιθαρα,950.0,-0.9733833333333334
