id,word,year,mean_weighted_sentiment
18060,κλεινος,-490.0,-0.9924999999999999
18060,κλεινος,-450.0,-0.90615
18060,κλεινος,-50.0,-0.9722999999999999
18060,κλεινος,950.0,-0.9660666666666667
