id,word,year,mean_weighted_sentiment
18062,κλεις,-353.0,-0.9378
18062,κλεις,-50.0,-0.8633210526315789
18062,κλεις,147.0,-0.8588
18062,κλεις,150.0,-0.911
18062,κλεις,172.0,-0.9653333333333333
18062,κλεις,950.0,-0.9880666666666666
