id,word,year,mean_weighted_sentiment
18109,κλιμαξ,-266.0,-0.96285
18109,κλιμαξ,-50.0,-0.7087833333333333
18109,κλιμαξ,15.0,-0.948
18109,κλιμαξ,150.0,-0.9438
18109,κλιμαξ,269.0,-0.9926
18109,κλιμαξ,950.0,-0.9925999999999999
