id,word,year,mean_weighted_sentiment
18070,κλεος,-450.0,-0.9898
18070,κλεος,-353.0,-0.9901500000000001
18070,κλεος,-149.0,-0.9923
18070,κλεος,-50.0,-0.8308000000000002
18070,κλεος,150.0,-0.8774
18070,κλεος,425.0,-0.933125
18070,κλεος,448.0,-0.9704
