id,word,year,mean_weighted_sentiment
18112,κλινη,-266.0,-0.9717600000000001
18112,κλινη,-50.0,-0.9632000000000001
18112,κλινη,150.0,-0.8777
18112,κλινη,152.0,-0.9673666666666668
18112,κλινη,200.0,-0.9898
18112,κλινη,350.0,-0.934
18112,κλινη,352.0,-0.9916
18112,κλινη,425.0,-0.9494
18112,κλινη,950.0,-0.9890333333333334
