id,word,year,mean_weighted_sentiment
18098,κληροω,-353.0,-0.9472750000000001
18098,κληροω,-266.0,-0.532675
18098,κληροω,-50.0,-0.9664833333333332
18098,κληροω,80.0,-0.9093
18098,κληροω,147.0,-0.9064411764705883
18098,κληροω,200.0,-0.9902
18098,κληροω,237.0,-0.84065
18098,κληροω,448.0,-0.9178999999999999
18098,κληροω,950.0,-0.9700625
