id,word,year,mean_weighted_sentiment
18037,κλαιω,-266.0,-0.9797399999999999
18037,κλαιω,-50.0,-0.9327333333333334
18037,κλαιω,172.0,-0.9831
18037,κλαιω,200.0,-0.9821666666666667
18037,κλαιω,350.0,-0.9603250000000001
18037,κλαιω,950.0,-0.9791333333333334
