id,word,year,mean_weighted_sentiment
18132,κλονος,-50.0,-0.9784571428571428
18132,κλονος,950.0,-0.9652499999999999
