id,word,year,mean_weighted_sentiment
18078,κλεω,-353.0,-0.96285
18078,κλεω,-50.0,-0.9754
18078,κλεω,150.0,-0.93658
18078,κλεω,205.0,-0.99
18078,κλεω,448.0,-0.8954
18078,κλεω,950.0,-0.9711416666666667
