id,word,year,mean_weighted_sentiment
18075,κλεπτω,-490.0,-0.99185
18075,κλεπτω,-266.0,-0.9725
18075,κλεπτω,-50.0,-0.9554285714285714
18075,κλεπτω,150.0,-0.9359500000000001
18075,κλεπτω,200.0,-0.9689333333333332
18075,κλεπτω,269.0,-0.9562999999999999
18075,κλεπτω,350.0,-0.9006000000000001
18075,κλεπτω,950.0,-0.9765625
