id,word,year,mean_weighted_sentiment
18449,κορεω,-353.0,-0.9842
18449,κορεω,-266.0,-0.9319
18449,κορεω,-50.0,-0.9707285714285714
18449,κορεω,150.0,-0.9721
18449,κορεω,200.0,-0.90546875
18449,κορεω,219.0,-0.9785
18449,κορεω,299.0,-0.8879
18449,κορεω,350.0,-0.9643
18449,κορεω,425.0,-0.91415
18449,κορεω,448.0,-0.9388
18449,κορεω,490.0,-0.942
18449,κορεω,950.0,-0.9770333333333332
