id,word,year,mean_weighted_sentiment
18451,κορη,-490.0,-0.9924
18451,κορη,-353.0,-0.9842
18451,κορη,-266.0,-0.9919
18451,κορη,-50.0,-0.9688187500000001
18451,κορη,150.0,-0.9607
18451,κορη,200.0,-0.9161266666666668
18451,κορη,299.0,-0.8879
18451,κορη,311.0,-0.9723
18451,κορη,320.0,-0.9823999999999999
18451,κορη,350.0,-0.9643
18451,κορη,425.0,-0.91415
18451,κορη,448.0,-0.9388
18451,κορη,490.0,-0.942
18451,κορη,950.0,-0.9754
