id,word,year,mean_weighted_sentiment
18410,κονιω,-500.0,-0.9872
18410,κονιω,-50.0,-0.9832684210526317
18410,κονιω,150.0,-0.9123
18410,κονιω,200.0,-0.9908
18410,κονιω,269.0,-0.9907
18410,κονιω,950.0,-0.9837000000000001
