id,word,year,mean_weighted_sentiment
18492,κορωνη,-50.0,-0.9838833333333333
18492,κορωνη,150.0,-0.9826
18492,κορωνη,200.0,-0.9562333333333334
18492,κορωνη,950.0,-0.9804166666666667
