id,word,year,mean_weighted_sentiment
18234,κοιλας,-415.0,-0.9419
18234,κοιλας,-300.0,-0.9522
18234,κοιλας,-266.0,-0.9386
18234,κοιλας,-50.0,-0.9474666666666667
18234,κοιλας,127.0,-0.9484
18234,κοιλας,200.0,-0.9553499999999999
18234,κοιλας,950.0,-0.9808142857142856
