id,word,year,mean_weighted_sentiment
18345,κολποω,-266.0,-0.9342333333333334
18345,κολποω,-149.0,-0.9934
18345,κολποω,-50.0,-0.9722166666666666
18345,κολποω,127.0,-0.9740500000000001
18345,κολποω,200.0,-0.959375
18345,κολποω,950.0,-0.9807
18345,κολποω,1118.0,-0.9588
