id,word,year,mean_weighted_sentiment
18273,κοι,-266.0,-0.7066166666666667
18273,κοι,-155.0,-0.9861
18273,κοι,-50.0,-0.9680666666666666
18273,κοι,219.0,-0.9650142857142857
18273,κοι,448.0,-0.9822
18273,κοι,950.0,-0.963975
