id,word,year,mean_weighted_sentiment
18435,κορα,-353.0,-0.9842
18435,κορα,-266.0,-0.9919
18435,κορα,-50.0,-0.9654999999999999
18435,κορα,200.0,-0.9161266666666668
18435,κορα,299.0,-0.8879
18435,κορα,350.0,-0.9643
18435,κορα,425.0,-0.91415
18435,κορα,448.0,-0.9388
18435,κορα,490.0,-0.942
18435,κορα,950.0,-0.9746181818181817
