id,word,year,mean_weighted_sentiment
18436,κοπτω,-50.0,-0.9617799999999999
18436,κοπτω,150.0,-0.9008
18436,κοπτω,152.0,-0.8555
18436,κοπτω,172.0,-0.9882333333333334
18436,κοπτω,200.0,-0.992
18436,κοπτω,425.0,-0.9063
18436,κοπτω,950.0,-0.97834
