id,word,year,mean_weighted_sentiment
18422,κοπος,-266.0,-0.7097846153846155
18422,κοπος,-50.0,-0.9495777777777779
18422,κοπος,147.0,-0.9089
18422,κοπος,172.0,-0.98725
18422,κοπος,200.0,-0.98515
18422,κοπος,950.0,-0.9880666666666666
