id,word,year,mean_weighted_sentiment
18236,κοιλια,-415.0,-0.97988
18236,κοιλια,-353.0,-0.8582772727272728
18236,κοιλια,-266.0,-0.9771111111111112
18236,κοιλια,172.0,-0.876829411764706
18236,κοιλια,219.0,-0.9765
18236,κοιλια,447.0,-0.917725
18236,κοιλια,950.0,-0.9805333333333333
