id,word,year,mean_weighted_sentiment
18427,κοπρια,-266.0,-0.9771333333333333
18427,κοπρια,-50.0,-0.97715
18427,κοπρια,150.0,-0.8745666666666666
18427,κοπρια,950.0,-0.9792000000000001
