id,word,year,mean_weighted_sentiment
18531,κουρα,-50.0,-0.9704666666666667
18531,κουρα,320.0,-0.9823999999999999
18531,κουρα,950.0,-0.9781749999999999
