id,word,year,mean_weighted_sentiment
18464,κορος,-353.0,-0.975225
18464,κορος,-149.0,-0.9931
18464,κορος,-50.0,-0.9738200000000001
18464,κορος,147.0,0.8471
18464,κορος,150.0,-0.9721333333333333
18464,κορος,200.0,-0.92645
18464,κορος,950.0,-0.9798600000000001
