id,word,year,mean_weighted_sentiment
18292,κολακεια,-387.0,-0.7454
18292,κολακεια,150.0,-0.9406333333333334
18292,κολακεια,950.0,-0.99125
