id,word,year,mean_weighted_sentiment
18363,κομεω,-353.0,-0.8497333333333333
18363,κομεω,-266.0,-0.9175
18363,κομεω,-50.0,-0.9638720000000001
18363,κομεω,150.0,-0.9734
18363,κομεω,172.0,-0.9868
18363,κομεω,200.0,-0.973
18363,κομεω,950.0,-0.9755444444444444
