id,word,year,mean_weighted_sentiment
18364,κομη,-450.0,-0.98665
18364,κομη,-266.0,-0.9175
18364,κομη,-50.0,-0.95604
18364,κομη,150.0,-0.9734
18364,κομη,152.0,-0.9408
18364,κομη,172.0,-0.9868
18364,κομη,200.0,-0.9777750000000001
18364,κομη,950.0,-0.9764200000000002
