id,word,year,mean_weighted_sentiment
18456,κορινθιος,-149.0,-0.9827300000000001
18456,κορινθιος,-50.0,-0.8697
18456,κορινθιος,150.0,-0.694725
18456,κορινθιος,152.0,-0.9867
18456,κορινθιος,350.0,-0.9314374999999999
18456,κορινθιος,950.0,-0.9793999999999999
