id,word,year,mean_weighted_sentiment
18335,κολον,-353.0,-0.9462
18335,κολον,-50.0,-0.7660555555555555
18335,κολον,172.0,-0.9903500000000001
18335,κολον,950.0,-0.9898499999999999
