id,word,year,mean_weighted_sentiment
18496,κορωνος,-50.0,-0.9838833333333333
18496,κορωνος,150.0,-0.9826
18496,κορωνος,200.0,-0.9562333333333334
18496,κορωνος,950.0,-0.9804166666666667
