id,word,year,mean_weighted_sentiment
18278,κοιταζω,-266.0,-0.58738
18278,κοιταζω,-50.0,-0.9617416666666667
18278,κοιταζω,172.0,-0.9937
18278,κοιταζω,200.0,-0.97575
18278,κοιταζω,219.0,-0.9341
18278,κοιταζω,269.0,-0.8921
18278,κοιταζω,950.0,-0.9876125
