id,word,year,mean_weighted_sentiment
18272,κοινων,-353.0,-0.9799
18272,κοινων,-266.0,-0.9814499999999999
18272,κοινων,-50.0,-0.9750428571428572
18272,κοινων,150.0,-0.9399
18272,κοινων,200.0,-0.9922
18272,κοινων,425.0,-0.9325000000000001
18272,κοινων,448.0,-0.9550000000000001
18272,κοινων,950.0,-0.9677428571428571
18272,κοινων,1127.0,-0.9865
