id,word,year,mean_weighted_sentiment
18457,κορινθος,-149.0,-0.9923
18457,κορινθος,-50.0,-0.969988888888889
18457,κορινθος,150.0,-0.967275
18457,κορινθος,350.0,-0.87205
18457,κορινθος,490.0,-0.8551
18457,κορινθος,950.0,-0.9873
