id,word,year,mean_weighted_sentiment
18299,κολαξ,150.0,-0.966
18299,κολαξ,200.0,-0.94865
18299,κολαξ,490.0,-0.9474
18299,κολαξ,950.0,-0.99245
