id,word,year,mean_weighted_sentiment
18368,κομιδη,-50.0,0.971
18368,κομιδη,150.0,-0.9685333333333332
18368,κομιδη,152.0,-0.9422
18368,κομιδη,425.0,-0.9455
18368,κομιδη,950.0,-0.9675333333333334
