id,word,year,mean_weighted_sentiment
18419,κοπιαω,-266.0,-0.9758
18419,κοπιαω,-50.0,-0.951225
18419,κοπιαω,147.0,-0.9089
18419,κοπιαω,200.0,-0.9781
18419,κοπιαω,950.0,-0.9742000000000001
