id,word,year,mean_weighted_sentiment
18481,κορυπτω,-415.0,-0.984
18481,κορυπτω,-270.0,-0.94755
18481,κορυπτω,-266.0,-0.9632999999999999
18481,κορυπτω,-50.0,-0.5785899999999999
18481,κορυπτω,150.0,-0.9396555555555557
18481,κορυπτω,200.0,-0.9264
18481,κορυπτω,320.0,-0.9652
18481,κορυπτω,950.0,-0.98685
18481,κορυπτω,1118.0,-0.9728
