id,word,year,mean_weighted_sentiment
18369,κομιζω,-490.0,0.9569
18369,κομιζω,-450.0,-0.9929
18369,κομιζω,-266.0,-0.9419
18369,κομιζω,-50.0,-0.9561333333333333
18369,κομιζω,150.0,-0.95795
18369,κομιζω,237.0,-0.871
18369,κομιζω,350.0,-0.9268000000000001
18369,κομιζω,352.0,-0.9839
18369,κομιζω,425.0,-0.9178000000000001
18369,κομιζω,448.0,-0.9943
18369,κομιζω,490.0,-0.8607
18369,κομιζω,950.0,-0.90685
