id,word,year,mean_weighted_sentiment
18523,κοτος,-50.0,-0.5345555555555556
18523,κοτος,200.0,-0.9797499999999999
18523,κοτος,269.0,-0.99065
18523,κοτος,448.0,-0.9928
