id,word,year,mean_weighted_sentiment
18336,κολος,-353.0,-0.9462
18336,κολος,-50.0,-0.78718
18336,κολος,172.0,-0.9903500000000001
18336,κολος,950.0,-0.9898499999999999
