id,word,year,mean_weighted_sentiment
18528,κοτυλη,-50.0,-0.818146153846154
18528,κοτυλη,172.0,-0.9927
18528,κοτυλη,200.0,-0.3851166666666666
18528,κοτυλη,950.0,-0.9867333333333335
