id,word,year,mean_weighted_sentiment
18253,κοινη,-353.0,-0.97655
18253,κοινη,-266.0,-0.9883
18253,κοινη,-155.0,-0.9638
18253,κοινη,-50.0,-0.957125
18253,κοινη,49.0,-0.9588
18253,κοινη,172.0,0.8428
18253,κοινη,200.0,-0.9717749999999999
18253,κοινη,219.0,-0.9793
18253,κοινη,350.0,-0.9210333333333333
18253,κοινη,425.0,-0.9595
18253,κοινη,448.0,-0.9140666666666667
18253,κοινη,490.0,-0.9016166666666665
18253,κοινη,950.0,-0.9854833333333333
