id,word,year,mean_weighted_sentiment
18247,κοιμαω,-266.0,-0.9913
18247,κοιμαω,-50.0,-0.9636947368421052
18247,κοιμαω,15.0,-0.8718
18247,κοιμαω,172.0,0.8232
18247,κοιμαω,200.0,-0.9590333333333333
18247,κοιμαω,448.0,-0.9557
18247,κοιμαω,950.0,-0.9785600000000001
