id,word,year,mean_weighted_sentiment
18344,κολπος,-490.0,-0.9878
18344,κολπος,-353.0,0.9946
18344,κολπος,-266.0,-0.9020166666666666
18344,κολπος,-149.0,-0.9747999999999999
18344,κολπος,-50.0,-0.8093142857142857
18344,κολπος,127.0,-0.9525666666666667
18344,κολπος,200.0,-0.959375
18344,κολπος,950.0,-0.9795666666666666
18344,κολπος,1118.0,-0.9588
