id,word,year,mean_weighted_sentiment
18271,κοινωνος,-266.0,-0.9829666666666667
18271,κοινωνος,-50.0,-0.3535333333333333
18271,κοινωνος,49.0,-0.914
18271,κοινωνος,200.0,-0.9911333333333333
18271,κοινωνος,425.0,-0.56188
18271,κοινωνος,490.0,-0.8537
