id,word,year,mean_weighted_sentiment
18488,κορυφη,-490.0,-0.9939
18488,κορυφη,-415.0,-0.984
18488,κορυφη,-270.0,-0.94755
18488,κορυφη,-266.0,-0.9632999999999999
18488,κορυφη,-249.0,-0.9327666666666666
18488,κορυφη,-50.0,-0.6331083333333333
18488,κορυφη,150.0,-0.9408684210526318
18488,κορυφη,200.0,-0.9264
18488,κορυφη,320.0,-0.9652
18488,κορυφη,950.0,-0.98685
18488,κορυφη,1118.0,-0.9728
