id,word,year,mean_weighted_sentiment
18482,κορυς,-500.0,-0.9689000000000001
18482,κορυς,-50.0,-0.9583666666666668
18482,κορυς,152.0,-0.9281
18482,κορυς,269.0,-0.9657
18482,κορυς,448.0,-0.9906
18482,κορυς,950.0,-0.9904
