id,word,year,mean_weighted_sentiment
18362,κομαω,-450.0,-0.98665
18362,κομαω,-353.0,-0.8497333333333333
18362,κομαω,-266.0,-0.9175
18362,κομαω,-50.0,-0.9558636363636364
18362,κομαω,150.0,-0.982975
18362,κομαω,152.0,-0.9408
18362,κομαω,172.0,-0.9868
18362,κομαω,200.0,-0.9777750000000001
18362,κομαω,950.0,-0.9754499999999998
