id,word,year,mean_weighted_sentiment
18556,κουφος,-500.0,-0.9529
18556,κουφος,-450.0,-0.9852
18556,κουφος,-266.0,-0.9768666666666667
18556,κουφος,-50.0,-0.9805571428571429
18556,κουφος,150.0,-0.90418
18556,κουφος,172.0,-0.98605
18556,κουφος,200.0,-0.7564222222222221
18556,κουφος,350.0,-0.9340999999999999
18556,κουφος,352.0,-0.9942
18556,κουφος,530.0,-0.9197166666666666
18556,κουφος,950.0,-0.963
