id,word,year,mean_weighted_sentiment
18406,κονιαω,-50.0,-0.9806384615384615
18406,κονιαω,200.0,-0.9908
18406,κονιαω,269.0,-0.9907
18406,κονιαω,950.0,-0.9865999999999999
