id,word,year,mean_weighted_sentiment
18601,κραταιος,-266.0,-0.9712636363636363
18601,κραταιος,-50.0,-0.9814499999999999
18601,κραταιος,15.0,-0.9469
18601,κραταιος,950.0,-0.937
