id,word,year,mean_weighted_sentiment
18684,κριθαω,-50.0,-0.9832571428571429
18684,κριθαω,150.0,-0.9677
18684,κριθαω,200.0,-0.9904
18684,κριθαω,269.0,-0.9869
18684,κριθαω,350.0,-0.9619
18684,κριθαω,490.0,-0.86635
18684,κριθαω,530.0,-0.9708
18684,κριθαω,950.0,-0.95006
