id,word,year,mean_weighted_sentiment
18663,κρημνος,-450.0,-0.9893
18663,κρημνος,-50.0,-0.9360999999999999
18663,κρημνος,150.0,-0.49395
18663,κρημνος,200.0,-0.9860000000000001
18663,κρημνος,950.0,-0.9646
