id,word,year,mean_weighted_sentiment
18644,κρεμαννυμι,-50.0,-0.8664000000000001
18644,κρεμαννυμι,950.0,-0.9593333333333334
