id,word,year,mean_weighted_sentiment
18626,κραυγη,-266.0,-0.5790666666666667
18626,κραυγη,-50.0,-0.9504
18626,κραυγη,150.0,-0.9676
18626,κραυγη,219.0,-0.8756
18626,κραυγη,350.0,-0.9024
18626,κραυγη,950.0,-0.9838666666666667
