id,word,year,mean_weighted_sentiment
18776,κρυφιος,-266.0,-0.97698
18776,κρυφιος,-50.0,-0.9639
18776,κρυφιος,182.0,-0.9066
18776,κρυφιος,950.0,-0.9880333333333334
