id,word,year,mean_weighted_sentiment
18619,κρατιστος,-490.0,-0.9921
18619,κρατιστος,-266.0,-0.4499666666666666
18619,κρατιστος,-50.0,-0.9573857142857144
18619,κρατιστος,-34.0,-0.9854333333333333
18619,κρατιστος,15.0,-0.8796
18619,κρατιστος,150.0,-0.8746
18619,κρατιστος,172.0,-0.9918
18619,κρατιστος,311.0,-0.9642
18619,κρατιστος,320.0,-0.9411
