id,word,year,mean_weighted_sentiment
18614,κρατηρ,-155.0,-0.9715499999999999
18614,κρατηρ,-50.0,-0.9812399999999999
18614,κρατηρ,147.0,-0.9879
18614,κρατηρ,150.0,-0.9926
18614,κρατηρ,152.0,-0.9462
18614,κρατηρ,448.0,-0.9882
18614,κρατηρ,950.0,-0.9619333333333334
