id,word,year,mean_weighted_sentiment
18581,κραναος,-50.0,-0.9564166666666667
18581,κραναος,172.0,-0.98805
18581,κραναος,950.0,-0.9508333333333333
