id,word,year,mean_weighted_sentiment
18592,κρασις,-490.0,-0.9909
18592,κρασις,-50.0,-0.9619272727272726
18592,κρασις,-34.0,-0.9471
18592,κρασις,15.0,-0.8231
18592,κρασις,127.0,-0.9479
18592,κρασις,150.0,-0.9215857142857143
18592,κρασις,172.0,-0.65568
18592,κρασις,200.0,-0.9449833333333334
18592,κρασις,237.0,-0.9756
