id,word,year,mean_weighted_sentiment
18623,κραυγαζω,-266.0,-0.5790666666666667
18623,κραυγαζω,-50.0,-0.9829
18623,κραυγαζω,150.0,-0.9676
18623,κραυγαζω,950.0,-0.9838666666666667
