id,word,year,mean_weighted_sentiment
18672,κρης,-266.0,-0.9469
18672,κρης,-149.0,-0.9530666666666666
18672,κρης,-50.0,-0.9709307692307692
18672,κρης,150.0,-0.9364777777777777
18672,κρης,152.0,-0.9329
18672,κρης,950.0,-0.9761833333333333
