id,word,year,mean_weighted_sentiment
18668,κρηνη,-490.0,-0.33316666666666667
18668,κρηνη,-353.0,-0.9561
18668,κρηνη,-266.0,-0.98
18668,κρηνη,-50.0,-0.9771833333333334
18668,κρηνη,150.0,-0.8875333333333334
18668,κρηνη,200.0,-0.021650000000000003
18668,κρηνη,950.0,-0.962590909090909
