id,word,year,mean_weighted_sentiment
18588,κρανος,-50.0,-0.9546250000000001
18588,κρανος,150.0,-0.9382
18588,κρανος,152.0,-0.9454
18588,κρανος,425.0,-0.9471
18588,κρανος,950.0,-0.9710000000000001
