id,word,year,mean_weighted_sentiment
18570,κραινω,-490.0,-0.0534
18570,κραινω,-266.0,-0.98
18570,κραινω,-50.0,-0.7594888888888889
18570,κραινω,150.0,-0.9382
18570,κραινω,200.0,-0.03344999999999998
18570,κραινω,950.0,-0.9698363636363637
