id,word,year,mean_weighted_sentiment
18719,κροκοω,172.0,-0.8195083333333334
18719,κροκοω,350.0,-0.9209
18719,κροκοω,950.0,-0.98595
