id,word,year,mean_weighted_sentiment
18683,κριζω,-50.0,-0.9637249999999999
18683,κριζω,49.0,-0.9166
18683,κριζω,150.0,-0.9207
18683,κριζω,950.0,-0.99055
