id,word,year,mean_weighted_sentiment
18691,κρικος,-266.0,0.993
18691,κρικος,-50.0,-0.931742857142857
18691,κρικος,49.0,-0.9166
18691,κρικος,150.0,-0.9207
18691,κρικος,350.0,-0.8979
18691,κρικος,950.0,-0.99055
