id,word,year,mean_weighted_sentiment
18764,κρυπτος,-266.0,-0.9670000000000001
18764,κρυπτος,-50.0,-0.9640333333333334
18764,κρυπτος,147.0,-0.9251
18764,κρυπτος,150.0,-0.9267500000000001
18764,κρυπτος,172.0,-0.9919
18764,κρυπτος,950.0,-0.9875666666666666
