id,word,year,mean_weighted_sentiment
18635,κρειον,-50.0,-0.9656823529411764
18635,κρειον,150.0,-0.9927
18635,κρειον,269.0,-0.989
18635,κρειον,950.0,-0.9843500000000001
