id,word,year,mean_weighted_sentiment
18706,κριτος,-450.0,-0.9887
18706,κριτος,-266.0,-0.8935842105263159
18706,κριτος,-149.0,-0.953
18706,κριτος,-50.0,-0.9332500000000001
18706,κριτος,15.0,-0.9707
18706,κριτος,200.0,-0.9584333333333334
18706,κριτος,350.0,-0.9176
18706,κριτος,352.0,-0.0011500000000000399
18706,κριτος,425.0,-0.9157333333333334
18706,κριτος,950.0,-0.9733700000000001
