id,word,year,mean_weighted_sentiment
18729,κρονιος,-500.0,-0.9873666666666666
18729,κρονιος,-50.0,-0.9590375
18729,κρονιος,150.0,-0.9699
18729,κρονιος,448.0,-0.9417
18729,κρονιος,950.0,-0.9858666666666668
