id,word,year,mean_weighted_sentiment
18633,κρεας,-266.0,-0.9350333333333335
18633,κρεας,-50.0,-0.9669869565217393
18633,κρεας,150.0,-0.8942799999999999
18633,κρεας,200.0,-0.9707411764705883
18633,κρεας,269.0,-0.989
18633,κρεας,490.0,-0.8539
18633,κρεας,950.0,-0.9833846153846154
