id,word,year,mean_weighted_sentiment
18678,κρητικος,-149.0,-0.989
18678,κρητικος,150.0,-0.951725
18678,κρητικος,172.0,-0.9912466666666668
18678,κρητικος,950.0,-0.9895666666666667
