id,word,year,mean_weighted_sentiment
18607,κρατερος,-500.0,-0.99195
18607,κρατερος,-353.0,-0.9908
18607,κρατερος,-50.0,-0.9571562499999999
18607,κρατερος,150.0,-0.8272
18607,κρατερος,172.0,-0.9861
18607,κρατερος,950.0,-0.93825
