id,word,year,mean_weighted_sentiment
18810,κτησις,-387.0,-0.8332999999999999
18810,κτησις,-266.0,-0.9563200000000001
18810,κτησις,-149.0,-0.9935
18810,κτησις,-50.0,-0.9554
18810,κτησις,15.0,-0.9802
18810,κτησις,147.0,-0.9766
18810,κτησις,150.0,-0.9432
18810,κτησις,200.0,-0.9782
18810,κτησις,448.0,-0.9117
