id,word,year,mean_weighted_sentiment
18806,κτηνος,-266.0,-0.9693050000000001
18806,κτηνος,-50.0,-0.9843500000000001
18806,κτηνος,200.0,-0.9872
18806,κτηνος,425.0,-0.9257
18806,κτηνος,950.0,-0.9229
