id,word,year,mean_weighted_sentiment
18804,κτημα,-353.0,-0.973
18804,κτημα,-266.0,-0.9793666666666666
18804,κτημα,-50.0,-0.9650785714285718
18804,κτημα,15.0,-0.9661
18804,κτημα,147.0,-0.9652000000000001
18804,κτημα,150.0,-0.5788599999999999
18804,κτημα,269.0,-0.9516
18804,κτημα,350.0,-0.9405333333333333
18804,κτημα,490.0,-0.8401
18804,κτημα,950.0,-0.8081
