id,word,year,mean_weighted_sentiment
18793,κτεινω,-266.0,-0.9712000000000001
18793,κτεινω,-149.0,-0.9935
18793,κτεινω,-50.0,-0.9537125
18793,κτεινω,15.0,-0.9627
18793,κτεινω,150.0,-0.9535
18793,κτεινω,200.0,-0.7124285714285714
18793,κτεινω,350.0,-0.9102
18793,κτεινω,448.0,-0.9117
18793,κτεινω,530.0,-0.8815
18793,κτεινω,550.0,-0.8943
18793,κτεινω,950.0,-0.9896800000000001
18793,κτεινω,1127.0,-0.9897
