id,word,year,mean_weighted_sentiment
18840,κυανεος,-149.0,-0.99105
18840,κυανεος,-50.0,-0.735225
18840,κυανεος,127.0,-0.9913
18840,κυανεος,150.0,-0.9455
18840,κυανεος,172.0,-0.9902
18840,κυανεος,950.0,-0.9901
