id,word,year,mean_weighted_sentiment
18937,κυκνος,-479.0,-0.969
18937,κυκνος,-50.0,-0.9499666666666666
18937,κυκνος,150.0,-0.9498
18937,κυκνος,152.0,-0.9674
18937,κυκνος,200.0,-0.9522
18937,κυκνος,352.0,-0.9919
18937,κυκνος,950.0,-0.990475
