id,word,year,mean_weighted_sentiment
19037,κυπρος,-149.0,-0.9916
19037,κυπρος,-50.0,-0.9763
19037,κυπρος,150.0,-0.9347666666666665
19037,κυπρος,200.0,-0.9929
19037,κυπρος,950.0,-0.9890999999999999
