id,word,year,mean_weighted_sentiment
19067,κυστις,-353.0,-0.9328125
19067,κυστις,-50.0,-0.94175
19067,κυστις,172.0,-0.9813333333333332
