id,word,year,mean_weighted_sentiment
19061,κυροω,-490.0,-0.9689
19061,κυροω,-266.0,-0.9813000000000001
19061,κυροω,-149.0,-0.9878
19061,κυροω,-50.0,-0.98325
19061,κυροω,150.0,-0.6330333333333333
19061,κυροω,350.0,-0.9290499999999999
19061,κυροω,448.0,-0.9664
19061,κυροω,950.0,-0.9731117647058823
