id,word,year,mean_weighted_sentiment
19019,κυνω,-353.0,-0.98585
19019,κυνω,-266.0,-0.9873
19019,κυνω,-50.0,-0.94910625
19019,κυνω,150.0,-0.9573
19019,κυνω,172.0,-0.9837
19019,κυνω,200.0,-0.9713499999999999
19019,κυνω,269.0,-0.9852
19019,κυνω,950.0,-0.9756714285714284
