id,word,year,mean_weighted_sentiment
19060,κυρος,-353.0,-0.98195
19060,κυρος,-266.0,-0.984675
19060,κυρος,-149.0,-0.9884999999999999
19060,κυρος,-50.0,-0.988
19060,κυρος,150.0,-0.7813086956521739
19060,κυρος,219.0,-0.9486
19060,κυρος,448.0,-0.9344
19060,κυρος,490.0,-0.8206
19060,κυρος,550.0,-0.9833
19060,κυρος,950.0,-0.9683733333333334
