id,word,year,mean_weighted_sentiment
19033,κυπρις,-490.0,-0.9928
19033,κυπρις,-50.0,-0.8702277777777777
19033,κυπρις,200.0,-0.9716500000000001
19033,κυπρις,950.0,-0.8926000000000001
