id,word,year,mean_weighted_sentiment
18831,κυαμος,-500.0,-0.9893
18831,κυαμος,-353.0,-0.9618333333333333
18831,κυαμος,-50.0,-0.9378
18831,κυαμος,150.0,-0.9572
18831,κυαμος,490.0,-0.86635
18831,κυαμος,950.0,-0.953
