id,word,year,mean_weighted_sentiment
18959,κυματοω,-266.0,-0.97305
18959,κυματοω,-50.0,-0.9605833333333335
18959,κυματοω,150.0,-0.9326
18959,κυματοω,950.0,-0.99025
