id,word,year,mean_weighted_sentiment
18922,κυκλοσε,-450.0,-0.9924
18922,κυκλοσε,-353.0,-0.8921
18922,κυκλοσε,-300.0,-0.5681200000000001
18922,κυκλοσε,-270.0,-0.9024714285714285
18922,κυκλοσε,-249.0,-0.9242333333333334
18922,κυκλοσε,-155.0,-0.9848
18922,κυκλοσε,-50.0,-0.9411799999999999
18922,κυκλοσε,150.0,-0.9041600000000001
18922,κυκλοσε,200.0,-0.9518
18922,κυκλοσε,249.0,-0.9703333333333334
18922,κυκλοσε,320.0,-0.80245
18922,κυκλοσε,448.0,-0.9358
18922,κυκλοσε,550.0,-0.9441
