id,word,year,mean_weighted_sentiment
18980,κυνας,-490.0,-0.9935
18980,κυνας,-450.0,-0.9658
18980,κυνας,-266.0,-0.5043
18980,κυνας,-155.0,-0.898
18980,κυνας,-50.0,-0.9480000000000001
18980,κυνας,150.0,-0.9013
18980,κυνας,172.0,-0.9908
18980,κυνας,200.0,-0.9674399999999999
18980,κυνας,950.0,-0.9732624999999999
