id,word,year,mean_weighted_sentiment
18894,κυεω,-490.0,-0.9911
18894,κυεω,-415.0,-0.9800333333333334
18894,κυεω,-353.0,-0.9862399999999999
18894,κυεω,-266.0,-0.9220333333333333
18894,κυεω,-155.0,-0.9856400000000001
18894,κυεω,-50.0,-0.9598222222222224
18894,κυεω,150.0,-0.9573
18894,κυεω,152.0,-0.9892000000000001
18894,κυεω,172.0,-0.9884000000000001
18894,κυεω,200.0,-0.8553133333333334
18894,κυεω,269.0,-0.9937
18894,κυεω,550.0,-0.9801
18894,κυεω,950.0,-0.980381818181818
