id,word,year,mean_weighted_sentiment
19071,κυτος,-353.0,-0.9262999999999999
19071,κυτος,-50.0,-0.9743666666666666
19071,κυτος,147.0,-0.859
19071,κυτος,172.0,-0.9879
