id,word,year,mean_weighted_sentiment
18905,κυκαω,-490.0,-0.9887
18905,κυκαω,-50.0,-0.96945
18905,κυκαω,150.0,-0.9568
18905,κυκαω,172.0,-0.9911
18905,κυκαω,269.0,-0.9867
18905,κυκαω,425.0,-0.8755
18905,κυκαω,950.0,-0.9749888888888889
