id,word,year,mean_weighted_sentiment
18906,κυκεων,-50.0,-0.9537600000000002
18906,κυκεων,172.0,-0.9885
18906,κυκεων,269.0,-0.9742200000000001
18906,κυκεων,950.0,-0.9878
