id,word,year,mean_weighted_sentiment
18985,κυνεω,-450.0,-0.9923
18985,κυνεω,-353.0,-0.98585
18985,κυνεω,-266.0,-0.9873
18985,κυνεω,-50.0,-0.9520857142857143
18985,κυνεω,150.0,-0.9573
18985,κυνεω,152.0,-0.92735
18985,κυνεω,172.0,-0.9837
18985,κυνεω,200.0,-0.9776333333333334
18985,κυνεω,269.0,-0.9852
18985,κυνεω,950.0,-0.9769869565217392
