id,word,year,mean_weighted_sentiment
18866,κυβερνητης,-353.0,-0.94665
18866,κυβερνητης,-50.0,-0.96196
18866,κυβερνητης,15.0,-0.9433499999999999
18866,κυβερνητης,150.0,-0.84119375
18866,κυβερνητης,200.0,-0.9441333333333334
18866,κυβερνητης,425.0,-0.9064
