id,word,year,mean_weighted_sentiment
19050,κυρια,-387.0,-0.9935
19050,κυρια,-353.0,-0.5182249999999999
19050,κυρια,-266.0,-0.714825
19050,κυρια,-50.0,-0.9085000000000001
19050,κυρια,147.0,-0.921
19050,κυρια,172.0,-0.7509
19050,κυρια,200.0,-0.9136
19050,κυρια,269.0,-0.9931
19050,κυρια,448.0,-0.955
19050,κυρια,950.0,-0.98774375
19050,κυρια,1118.0,-0.9506
