id,word,year,mean_weighted_sentiment
19080,κυω,-490.0,-0.9911
19080,κυω,-415.0,-0.9767
19080,κυω,-353.0,-0.9862399999999999
19080,κυω,-266.0,-0.9220333333333333
19080,κυω,-155.0,-0.9856400000000001
19080,κυω,-50.0,-0.8251266666666667
19080,κυω,150.0,-0.9573
19080,κυω,152.0,-0.9582750000000001
19080,κυω,172.0,-0.9884000000000001
19080,κυω,200.0,-0.8553133333333334
19080,κυω,269.0,-0.9937
19080,κυω,550.0,-0.9801
19080,κυω,950.0,-0.9804863636363634
