id,word,year,mean_weighted_sentiment
19106,κωλυω,-266.0,-0.95835
19106,κωλυω,-50.0,-0.9547749999999999
19106,κωλυω,127.0,-0.8319
19106,κωλυω,147.0,-0.9228
19106,κωλυω,150.0,-0.9297500000000001
19106,κωλυω,200.0,-0.48897500000000005
19106,κωλυω,269.0,-0.9535
19106,κωλυω,350.0,-0.9331800000000001
19106,κωλυω,448.0,-0.8928
19106,κωλυω,950.0,-0.9772333333333334
