id,word,year,mean_weighted_sentiment
19097,κωλη,-490.0,-0.9936
19097,κωλη,-50.0,-0.98075
19097,κωλη,200.0,-0.9928
19097,κωλη,950.0,-0.9800499999999999
