id,word,year,mean_weighted_sentiment
19112,κωμη,-266.0,-0.9767
19112,κωμη,-50.0,-0.9437333333333334
19112,κωμη,127.0,-0.9789
19112,κωμη,150.0,-0.9625
19112,κωμη,200.0,-0.9687000000000001
19112,κωμη,425.0,-0.91595
19112,κωμη,490.0,-0.91045
19112,κωμη,950.0,-0.9857384615384616
