id,word,year,mean_weighted_sentiment
19157,κωφος,-450.0,-0.99
19157,κωφος,-266.0,-0.9906
19157,κωφος,-50.0,-0.9848800000000001
19157,κωφος,15.0,-0.8996
19157,κωφος,150.0,-0.97655
19157,κωφος,172.0,-0.994
19157,κωφος,269.0,-0.989
19157,κωφος,550.0,-0.9125
19157,κωφος,950.0,-0.9897857142857143
