id,word,year,mean_weighted_sentiment
19132,κωνος,-300.0,-0.6686
19132,κωνος,-270.0,-0.9379111111111111
19132,κωνος,-249.0,-0.8373285714285714
19132,κωνος,127.0,-0.8573
19132,κωνος,150.0,-0.764361111111111
19132,κωνος,200.0,-0.723675
19132,κωνος,249.0,-0.9509333333333334
19132,κωνος,320.0,-0.9267
19132,κωνος,950.0,-0.9895999999999999
