id,word,year,mean_weighted_sentiment
19100,κωλον,-490.0,-0.9924999999999999
19100,κωλον,-353.0,-0.9861
19100,κωλον,-50.0,-0.9710333333333333
19100,κωλον,-34.0,-0.9313
19100,κωλον,150.0,-0.9730249999999999
19100,κωλον,172.0,-0.9822666666666665
19100,κωλον,200.0,-0.9928
19100,κωλον,950.0,-0.979375
