id,word,year,mean_weighted_sentiment
19290,λαμπω,-50.0,-0.7578499999999999
19290,λαμπω,200.0,-0.9356
19290,λαμπω,950.0,-0.9875666666666666
