id,word,year,mean_weighted_sentiment
19277,λαμπας,-353.0,-0.9722
19277,λαμπας,-266.0,-0.957125
19277,λαμπας,-50.0,-0.9901
19277,λαμπας,311.0,-0.9784785714285712
19277,λαμπας,425.0,-0.8543
19277,λαμπας,950.0,-0.9784333333333333
