id,word,year,mean_weighted_sentiment
19224,λαιος,-490.0,-0.9501
19224,λαιος,-266.0,-0.8494969696969699
19224,λαιος,-155.0,-0.9865166666666667
19224,λαιος,-50.0,-0.9106294117647059
19224,λαιος,49.0,-0.9532499999999999
19224,λαιος,127.0,-0.8617
19224,λαιος,182.0,-0.9162
19224,λαιος,269.0,-0.9414
19224,λαιος,425.0,-0.9018
19224,λαιος,448.0,-0.9462
19224,λαιος,950.0,-0.972975
