id,word,year,mean_weighted_sentiment
19328,λαρος,-50.0,-0.9863999999999999
19328,λαρος,150.0,-0.96175
19328,λαρος,200.0,-0.9892666666666668
19328,λαρος,950.0,-0.9883
