id,word,year,mean_weighted_sentiment
19191,λαζομαι,-100.0,-0.9531
19191,λαζομαι,-50.0,-0.9531000000000001
19191,λαζομαι,90.0,-0.9761
19191,λαζομαι,147.0,0.013300000000000034
19191,λαζομαι,150.0,-0.9650666666666667
19191,λαζομαι,172.0,-0.9519
19191,λαζομαι,249.0,-0.9708
19191,λαζομαι,269.0,-0.9887
19191,λαζομαι,320.0,-0.9322
19191,λαζομαι,425.0,-0.9475
19191,λαζομαι,530.0,-0.8744
19191,λαζομαι,950.0,-0.9792
