id,word,year,mean_weighted_sentiment
19166,λαβρος,-450.0,-0.8189
19166,λαβρος,-50.0,-0.9513666666666666
19166,λαβρος,150.0,-0.9722500000000001
19166,λαβρος,950.0,-0.976
