id,word,year,mean_weighted_sentiment
19187,λαγως,-155.0,-0.9391071428571428
19187,λαγως,-50.0,-0.9608
19187,λαγως,150.0,-0.9867
19187,λαγως,172.0,-0.98875
19187,λαγως,200.0,-0.9768818181818181
19187,λαγως,950.0,-0.9867571428571429
