id,word,year,mean_weighted_sentiment
19361,λαχανον,-266.0,-0.9923
19361,λαχανον,15.0,-0.9885
19361,λαχανον,150.0,-0.96505
19361,λαχανον,350.0,-0.9066000000000001
19361,λαχανον,950.0,-0.9822266666666667
