id,word,year,mean_weighted_sentiment
19159,λαας,-266.0,-0.8190271186440679
19159,λαας,-100.0,-0.9531
19159,λαας,-50.0,-0.9650925000000001
19159,λαας,49.0,-0.9498571428571428
19159,λαας,90.0,-0.9761
19159,λαας,147.0,0.013300000000000034
19159,λαας,150.0,-0.9680900000000001
19159,λαας,219.0,-0.9237
19159,λαας,269.0,-0.98885
19159,λαας,320.0,-0.9322
19159,λαας,425.0,-0.9323500000000001
19159,λαας,448.0,-0.9899
19159,λαας,950.0,-0.9814999999999999
