id,word,year,mean_weighted_sentiment
19326,λαρναξ,-50.0,0.0042999999999999705
19326,λαρναξ,425.0,-0.8979999999999999
19326,λαρναξ,950.0,-0.9911333333333333
