id,word,year,mean_weighted_sentiment
19181,λαγχανω,-450.0,-0.9919
19181,λαγχανω,-353.0,-0.9449
19181,λαγχανω,-50.0,-0.9763666666666667
19181,λαγχανω,147.0,-0.9589
19181,λαγχανω,150.0,-0.9676666666666667
19181,λαγχανω,237.0,-0.9905
19181,λαγχανω,425.0,-0.887025
19181,λαγχανω,448.0,-0.9869
19181,λαγχανω,550.0,0.6217
19181,λαγχανω,950.0,-0.9717399999999999
19181,λαγχανω,1118.0,-0.9384
