id,word,year,mean_weighted_sentiment
19509,λευκιππος,150.0,-0.9386
19509,λευκιππος,530.0,-0.9600500000000001
19509,λευκιππος,550.0,-0.9388000000000001
