id,word,year,mean_weighted_sentiment
19489,λεσβιος,-149.0,-0.9855
19489,λεσβιος,-50.0,-0.9352499999999999
19489,λεσβιος,150.0,-0.96025
