id,word,year,mean_weighted_sentiment
19562,λεως,-353.0,-0.8904
19562,λεως,-50.0,-0.9361125000000001
19562,λεως,150.0,-0.9659
19562,λεως,269.0,-0.9058
19562,λεως,350.0,-0.90745
19562,λεως,425.0,-0.8793
