id,word,year,mean_weighted_sentiment
19404,λειος,-450.0,-0.9841333333333333
19404,λειος,-353.0,-0.9225
19404,λειος,-266.0,-0.9763
19404,λειος,-50.0,-0.9666071428571428
19404,λειος,150.0,-0.6956285714285714
19404,λειος,152.0,-0.8569
19404,λειος,172.0,-0.6503714285714286
19404,λειος,200.0,-0.9698800000000001
19404,λειος,269.0,-0.9815
19404,λειος,490.0,-0.9097500000000001
19404,λειος,530.0,-0.8618
19404,λειος,950.0,-0.9829076923076923
