id,word,year,mean_weighted_sentiment
19505,λευκη,-329.0,0.8985
19505,λευκη,-149.0,-0.9873
19505,λευκη,-50.0,-0.84713125
19505,λευκη,127.0,-0.94815
19505,λευκη,150.0,-0.7748800000000001
19505,λευκη,152.0,-0.9695
19505,λευκη,172.0,-0.991
19505,λευκη,200.0,-0.9446
19505,λευκη,269.0,-0.9306
19505,λευκη,352.0,-0.9916
19505,λευκη,447.0,-0.9684
19505,λευκη,950.0,-0.984142105263158
