id,word,year,mean_weighted_sentiment
19426,λειων,-353.0,-0.8581
19426,λειων,-50.0,-0.9693
19426,λειων,172.0,-0.8558
19426,λειων,200.0,-0.9719500000000001
19426,λειων,530.0,-0.8618
19426,λειων,950.0,-0.992225
