id,word,year,mean_weighted_sentiment
19443,λεοντεη,-266.0,-0.9941
19443,λεοντεη,-155.0,-0.9342999999999999
19443,λεοντεη,-50.0,-0.8781875000000001
19443,λεοντεη,147.0,-0.988
19443,λεοντεη,150.0,-0.9876
19443,λεοντεη,200.0,-0.9668499999999999
19443,λεοντεη,299.0,-0.9852
19443,λεοντεη,490.0,-0.9904
19443,λεοντεη,950.0,-0.9872888888888889
