id,word,year,mean_weighted_sentiment
19395,λειμωνιος,-450.0,-0.9868
19395,λειμωνιος,-50.0,-0.9866999999999999
19395,λειμωνιος,448.0,-0.9407
19395,λειμωνιος,950.0,-0.98255
