id,word,year,mean_weighted_sentiment
19409,λειριον,-50.0,-0.9521499999999999
19409,λειριον,950.0,-0.9887333333333332
