id,word,year,mean_weighted_sentiment
19389,λεια,-490.0,-0.9501
19389,λεια,-450.0,-0.9841333333333333
19389,λεια,-353.0,-0.8581
19389,λεια,-266.0,-0.9763
19389,λεια,-155.0,-0.9856
19389,λεια,-50.0,-0.9647444444444445
19389,λεια,150.0,-0.7170624999999999
19389,λεια,152.0,-0.8569
19389,λεια,172.0,-0.51442
19389,λεια,200.0,-0.9732166666666666
19389,λεια,269.0,-0.96145
19389,λεια,490.0,-0.9097500000000001
19389,λεια,950.0,-0.9783384615384615
