id,word,year,mean_weighted_sentiment
19381,λεβης,-266.0,-0.9864
19381,λεβης,-50.0,-0.9775666666666667
19381,λεβης,150.0,-0.92335
19381,λεβης,350.0,-0.9537
