id,word,year,mean_weighted_sentiment
19475,λεπτον,-500.0,-0.991
19475,λεπτον,-155.0,-0.9913
19475,λεπτον,-50.0,-0.9613388888888887
19475,λεπτον,150.0,-0.9326333333333334
19475,λεπτον,172.0,-0.78443
19475,λεπτον,200.0,-0.9797399999999999
19475,λεπτον,249.0,-0.9475333333333333
19475,λεπτον,269.0,-0.971
19475,λεπτον,530.0,-0.9862333333333334
19475,λεπτον,950.0,-0.9779
