id,word,year,mean_weighted_sentiment
19423,λειψανον,-50.0,-0.9667
19423,λειψανον,172.0,-0.989
19423,λειψανον,425.0,-0.44025
19423,λειψανον,950.0,-0.9818000000000001
