id,word,year,mean_weighted_sentiment
19432,λεκτεος,-353.0,-0.8399533333333333
19432,λεκτεος,-50.0,-0.9330999999999999
19432,λεκτεος,147.0,-0.97675
19432,λεκτεος,152.0,-0.877
19432,λεκτεος,172.0,-0.9851
19432,λεκτεος,200.0,-0.9861
19432,λεκτεος,237.0,-0.9133666666666667
19432,λεκτεος,311.0,0.9514
19432,λεκτεος,352.0,-0.9787
19432,λεκτεος,448.0,-0.9504
19432,λεκτεος,530.0,-0.9857333333333332
19432,λεκτεος,550.0,-0.9795
