id,word,year,mean_weighted_sentiment
19560,λεων,-266.0,-0.9004679999999999
19560,λεων,-155.0,-0.9435194444444446
19560,λεων,-50.0,-0.8907558139534882
19560,λεων,147.0,-0.9040717948717949
19560,λεων,150.0,-0.959211111111111
19560,λεων,152.0,-0.96495
19560,λεων,172.0,-0.9934
19560,λεων,200.0,-0.9208774193548388
19560,λεων,269.0,-0.9924
19560,λεων,299.0,-0.9852
19560,λεων,311.0,-0.9849
19560,λεων,359.0,-0.9917
19560,λεων,490.0,-0.9216333333333333
19560,λεων,950.0,-0.9840173913043477
