id,word,year,mean_weighted_sentiment
19378,λεαινα,-450.0,-0.9925
19378,λεαινα,-50.0,-0.9644400000000001
19378,λεαινα,150.0,-0.96285
19378,λεαινα,200.0,-0.9874
19378,λεαινα,950.0,-0.9862
