id,word,year,mean_weighted_sentiment
19603,λημνος,-149.0,-0.99
19603,λημνος,-50.0,-0.84251875
19603,λημνος,150.0,-0.96555
19603,λημνος,172.0,-0.9877
19603,λημνος,269.0,-0.96665
19603,λημνος,950.0,-0.9842400000000001
