id,word,year,mean_weighted_sentiment
19638,λητω,-50.0,-0.9711333333333333
19638,λητω,269.0,-0.9419
19638,λητω,950.0,-0.9702500000000001
