id,word,year,mean_weighted_sentiment
19582,ληις,-100.0,-0.9531
19582,ληις,-50.0,-0.56803
19582,ληις,90.0,-0.9761
19582,ληις,147.0,0.013300000000000034
19582,ληις,150.0,-0.9691222222222223
19582,ληις,249.0,-0.9708
19582,ληις,269.0,-0.9887
19582,ληις,320.0,-0.9322
19582,ληις,350.0,-0.9144555555555556
19582,ληις,425.0,-0.9475
19582,ληις,950.0,-0.982475
