id,word,year,mean_weighted_sentiment
19565,ληγω,-155.0,-0.975
19565,ληγω,-50.0,-0.8751760000000001
19565,ληγω,127.0,-0.8623
19565,ληγω,200.0,-0.9897
19565,ληγω,205.0,-0.9832
19565,ληγω,269.0,-0.9832
19565,ληγω,448.0,-0.941325
19565,ληγω,950.0,-0.96915
19565,ληγω,1118.0,0.987
