id,word,year,mean_weighted_sentiment
19568,ληδος,350.0,-0.916242857142857
19568,ληδος,950.0,-0.98065
