id,word,year,mean_weighted_sentiment
19574,ληθη,-353.0,-0.978
19574,ληθη,-50.0,-0.971925
19574,ληθη,15.0,-0.9527
19574,ληθη,150.0,-0.9803
19574,ληθη,152.0,-0.9839
19574,ληθη,269.0,-0.994
19574,ληθη,350.0,-0.9863999999999999
19574,ληθη,425.0,-0.96005
19574,ληθη,448.0,-0.9318
19574,ληθη,490.0,-0.8548
19574,ληθη,950.0,-0.9858799999999999
