id,word,year,mean_weighted_sentiment
19600,λημνιος,-50.0,-0.9789000000000001
19600,λημνιος,172.0,-0.991
19600,λημνιος,950.0,-0.98336
