id,word,year,mean_weighted_sentiment
19575,ληθος,-50.0,-0.972442857142857
19575,ληθος,15.0,-0.9527
19575,ληθος,150.0,-0.9803
19575,ληθος,269.0,-0.994
19575,ληθος,350.0,-0.9863999999999999
19575,ληθος,425.0,-0.9694666666666666
19575,ληθος,448.0,-0.9318
19575,ληθος,950.0,-0.9858799999999999
