id,word,year,mean_weighted_sentiment
19639,ληψις,-266.0,-0.9559
19639,ληψις,-50.0,-0.9386666666666666
19639,ληψις,147.0,-0.9594499999999999
19639,ληψις,150.0,-0.9395333333333333
19639,ληψις,200.0,-0.9512
19639,ληψις,219.0,-0.9465
