id,word,year,mean_weighted_sentiment
19581,ληιον,-266.0,-0.8494969696969699
19581,ληιον,-155.0,-0.986975
19581,ληιον,-50.0,-0.9064457142857144
19581,ληιον,49.0,-0.9532499999999999
19581,ληιον,127.0,-0.8617
19581,ληιον,150.0,-0.9307333333333334
19581,ληιον,182.0,-0.9162
19581,ληιον,200.0,-0.9899
19581,ληιον,269.0,-0.9414
19581,ληιον,425.0,-0.9018
19581,ληιον,448.0,-0.9462
19581,ληιον,950.0,-0.9768799999999999
