id,word,year,mean_weighted_sentiment
19783,λιπαω,-490.0,-0.9928
19783,λιπαω,-450.0,-0.9914
19783,λιπαω,-50.0,-0.9825900000000001
19783,λιπαω,127.0,-0.9899
19783,λιπαω,152.0,-0.9896
19783,λιπαω,200.0,-0.9753000000000001
19783,λιπαω,311.0,-0.9569
19783,λιπαω,950.0,-0.9815666666666667
