id,word,year,mean_weighted_sentiment
19745,λιμος,-266.0,-0.97235
19745,λιμος,-50.0,-0.9650399999999999
19745,λιμος,150.0,-0.8950285714285714
19745,λιμος,172.0,-0.9911666666666666
19745,λιμος,200.0,-0.9892000000000001
19745,λιμος,350.0,-0.93696
19745,λιμος,425.0,-0.9502999999999999
19745,λιμος,490.0,-0.8246
19745,λιμος,950.0,-0.977676923076923
19745,λιμος,1118.0,-0.9808
