id,word,year,mean_weighted_sentiment
19772,λιπαρης,-149.0,-0.99
19772,λιπαρης,-50.0,-0.9340333333333334
19772,λιπαρης,15.0,-0.9142
19772,λιπαρης,172.0,-0.64236
19772,λιπαρης,950.0,-0.9808222222222222
