id,word,year,mean_weighted_sentiment
19708,λιθος,-500.0,-0.9814
19708,λιθος,-353.0,-0.97095
19708,λιθος,-266.0,-0.8781227272727272
19708,λιθος,-50.0,-0.9607061224489797
19708,λιθος,127.0,-0.9454
19708,λιθος,150.0,-0.9614117647058822
19708,λιθος,172.0,-0.9895
19708,λιθος,182.0,-0.9649
19708,λιθος,200.0,-0.814576923076923
19708,λιθος,350.0,-0.8844
19708,λιθος,352.0,-0.7935
19708,λιθος,490.0,-0.8883000000000001
19708,λιθος,550.0,-0.9333
19708,λιθος,950.0,-0.9804181818181817
