id,word,year,mean_weighted_sentiment
19641,λιαν,-500.0,-0.987
19641,λιαν,-490.0,0.9905
19641,λιαν,-415.0,-0.9841666666666667
19641,λιαν,-353.0,-0.948625
19641,λιαν,-155.0,-0.9848
19641,λιαν,-149.0,-0.8892
19641,λιαν,-50.0,-0.9446100000000002
19641,λιαν,15.0,-0.52212
19641,λιαν,150.0,-0.9837
19641,λιαν,172.0,-0.9899
19641,λιαν,200.0,-0.9783124999999999
19641,λιαν,269.0,-0.992
19641,λιαν,350.0,-0.8950499999999999
19641,λιαν,352.0,-0.9552
19641,λιαν,425.0,-0.9498
19641,λιαν,950.0,-0.777055
