id,word,year,mean_weighted_sentiment
19659,λιβυς,150.0,-0.9401999999999999
19659,λιβυς,200.0,-0.9892166666666666
19659,λιβυς,425.0,-0.9253
19659,λιβυς,950.0,-0.958725
