id,word,year,mean_weighted_sentiment
19762,λινος,-50.0,-0.7640000000000001
19762,λινος,147.0,-0.9904
19762,λινος,200.0,-0.9439666666666667
19762,λινος,269.0,-0.9869
19762,λινος,299.0,-0.9867
19762,λινος,448.0,-0.9585
19762,λινος,950.0,-0.9784888888888889
