id,word,year,mean_weighted_sentiment
19756,λινον,-50.0,-0.7694500000000001
19756,λινον,147.0,-0.9904
19756,λινον,150.0,-0.97495
19756,λινον,200.0,-0.9377
19756,λινον,269.0,-0.9869
19756,λινον,448.0,-0.9585
19756,λινον,950.0,-0.9769846153846153
