id,word,year,mean_weighted_sentiment
19797,λιπος,-490.0,-0.9928
19797,λιπος,-450.0,-0.9914
19797,λιπος,-50.0,-0.9765750000000001
19797,λιπος,127.0,-0.9899
19797,λιπος,152.0,-0.9896
19797,λιπος,200.0,-0.9916
19797,λιπος,950.0,-0.98735
