id,word,year,mean_weighted_sentiment
19682,λιθαω,-353.0,-0.9876
19682,λιθαω,-266.0,-0.9600222222222222
19682,λιθαω,-50.0,-0.9594250000000001
19682,λιθαω,127.0,-0.9487
19682,λιθαω,150.0,-0.95314
19682,λιθαω,172.0,-0.9895
19682,λιθαω,182.0,-0.9649
19682,λιθαω,200.0,-0.9625625
19682,λιθαω,350.0,-0.8844
19682,λιθαω,490.0,-0.9363
19682,λιθαω,950.0,-0.981528125
