id,word,year,mean_weighted_sentiment
19820,λιτη,-490.0,-0.993
19820,λιτη,-50.0,-0.9495083333333332
19820,λιτη,-34.0,0.9353
19820,λιτη,150.0,-0.9272666666666667
19820,λιτη,950.0,-0.960575
