id,word,year,mean_weighted_sentiment
19828,λιτρον,-415.0,-0.9486
19828,λιτρον,150.0,-0.9612714285714287
19828,λιτρον,950.0,-0.9780666666666665
