id,word,year,mean_weighted_sentiment
19645,λιβανος,-266.0,-0.9508999999999999
19645,λιβανος,127.0,-0.9169
19645,λιβανος,152.0,-0.9693
19645,λιβανος,172.0,-0.8358545454545454
19645,λιβανος,950.0,-0.98554
