id,word,year,mean_weighted_sentiment
19899,λοξος,-155.0,-0.9901
19899,λοξος,127.0,-0.9690200000000001
19899,λοξος,150.0,-0.9357500000000001
19899,λοξος,200.0,-0.9917
19899,λοξος,530.0,-0.97295
19899,λοξος,950.0,-0.9527
