id,word,year,mean_weighted_sentiment
19915,λοφαω,-50.0,-0.923675
19915,λοφαω,150.0,-0.9377
19915,λοφαω,172.0,-0.9887
19915,λοφαω,490.0,-0.87805
19915,λοφαω,950.0,-0.9716400000000001
