id,word,year,mean_weighted_sentiment
19921,λοφοομαι,-50.0,-0.923675
19921,λοφοομαι,150.0,-0.98575
19921,λοφοομαι,172.0,-0.9887
19921,λοφοομαι,490.0,-0.8995
19921,λοφοομαι,950.0,-0.9697333333333334
