id,word,year,mean_weighted_sentiment
19931,λοχαω,-50.0,-0.9527272727272728
19931,λοχαω,150.0,-0.9415
19931,λοχαω,490.0,-0.9014500000000001
19931,λοχαω,950.0,-0.9782399999999999
19931,λοχαω,1118.0,-0.9268
