id,word,year,mean_weighted_sentiment
19846,λογια,-266.0,-0.43985454545454555
19846,λογια,-50.0,-0.9412
19846,λογια,350.0,-0.9373
19846,λογια,425.0,-0.9027666666666666
19846,λογια,950.0,-0.974025
