id,word,year,mean_weighted_sentiment
19882,λοιδορεω,-353.0,-0.981
19882,λοιδορεω,-50.0,-0.9484666666666666
19882,λοιδορεω,950.0,-0.9851666666666666
