id,word,year,mean_weighted_sentiment
19850,λογιον,-266.0,-0.734121212121212
19850,λογιον,-50.0,-0.975025
19850,λογιον,350.0,-0.9373
19850,λογιον,425.0,-0.9067
19850,λογιον,490.0,-0.9898
19850,λογιον,950.0,-0.970575
