id,word,year,mean_weighted_sentiment
19851,λογιος,-266.0,-0.734121212121212
19851,λογιος,-50.0,-0.9682600000000001
19851,λογιος,15.0,-0.9391
19851,λογιος,150.0,-0.9667
19851,λογιος,182.0,-0.968
19851,λογιος,219.0,-0.9682
19851,λογιος,350.0,-0.9373
19851,λογιος,425.0,-0.9053800000000001
19851,λογιος,490.0,-0.9898
19851,λογιος,950.0,-0.9732
