id,word,year,mean_weighted_sentiment
19856,λογιστικος,-387.0,-0.9767
19856,λογιστικος,-50.0,-0.9609400000000001
19856,λογιστικος,150.0,-0.9688
19856,λογιστικος,200.0,-0.94292
