id,word,year,mean_weighted_sentiment
19923,λοφος,-50.0,-0.9490879999999998
19923,λοφος,127.0,-0.8439
19923,λοφος,150.0,-0.9423
19923,λοφος,152.0,-0.8691
19923,λοφος,172.0,-0.9887
19923,λοφος,269.0,-0.8967
19923,λοφος,490.0,-0.8610666666666665
19923,λοφος,950.0,-0.97082
