id,word,year,mean_weighted_sentiment
19896,λοκρος,-149.0,-0.9897875
19896,λοκρος,-50.0,-0.9663444444444446
19896,λοκρος,127.0,-0.9316
19896,λοκρος,150.0,-0.955775
19896,λοκρος,950.0,-0.98935
