id,word,year,mean_weighted_sentiment
19914,λουω,-500.0,-0.9903
19914,λουω,-353.0,-0.9421
19914,λουω,-50.0,-0.9592999999999997
19914,λουω,15.0,-0.9827
19914,λουω,150.0,-0.9240666666666666
19914,λουω,350.0,-0.97235
19914,λουω,425.0,-0.9586
19914,λουω,950.0,-0.9899
