id,word,year,mean_weighted_sentiment
19934,λοχεος,-149.0,-0.9807
19934,λοχεος,-50.0,-0.9705545454545454
19934,λοχεος,150.0,-0.96555
19934,λοχεος,200.0,-0.9891
19934,λοχεος,490.0,-0.9014500000000001
19934,λοχεος,950.0,-0.9789222222222224
