id,word,year,mean_weighted_sentiment
20064,λυτρον,-50.0,-0.9682249999999999
20064,λυτρον,150.0,-0.96025
20064,λυτρον,152.0,-0.9416
20064,λυτρον,950.0,-0.9841
