id,word,year,mean_weighted_sentiment
19992,λυκιος,-149.0,-0.9864
19992,λυκιος,-50.0,-0.9601454545454545
19992,λυκιος,150.0,-0.9409333333333333
19992,λυκιος,172.0,-0.99205
19992,λυκιος,448.0,-0.8187666666666665
19992,λυκιος,950.0,-0.9782399999999999
