id,word,year,mean_weighted_sentiment
20042,λυσις,-479.0,-0.9432499999999999
20042,λυσις,-266.0,-0.9042600000000001
20042,λυσις,-50.0,-0.9602454545454545
20042,λυσις,-34.0,-0.9723
20042,λυσις,147.0,-0.9356
20042,λυσις,150.0,-0.9436
20042,λυσις,172.0,-0.9917
20042,λυσις,200.0,-0.952
20042,λυσις,237.0,-0.9923
20042,λυσις,530.0,-0.86045
20042,λυσις,550.0,-0.9661
