id,word,year,mean_weighted_sentiment
19966,λυδιος,-266.0,-0.945
19966,λυδιος,-50.0,-0.9456666666666665
19966,λυδιος,150.0,-0.9693
19966,λυδιος,490.0,-0.87105
19966,λυδιος,950.0,-0.984875
