id,word,year,mean_weighted_sentiment
20013,λυπρος,-50.0,-0.9692000000000001
20013,λυπρος,950.0,-0.9730749999999999
