id,word,year,mean_weighted_sentiment
19968,λυδος,-149.0,-0.9803000000000001
19968,λυδος,-50.0,-0.9593
19968,λυδος,127.0,-0.9933
19968,λυδος,150.0,-0.9439000000000001
19968,λυδος,200.0,-0.9811
19968,λυδος,950.0,-0.9826777777777777
