id,word,year,mean_weighted_sentiment
20006,λυμη,-490.0,-0.9929
20006,λυμη,-450.0,-0.9895
20006,λυμη,-50.0,-0.9790666666666666
20006,λυμη,200.0,-0.9384
20006,λυμη,350.0,-0.9647
20006,λυμη,425.0,-0.8862
20006,λυμη,950.0,-0.9872666666666666
