id,word,year,mean_weighted_sentiment
20078,λυχνος,-500.0,-0.9839
20078,λυχνος,-266.0,-0.883275
20078,λυχνος,-50.0,-0.9696
20078,λυχνος,150.0,-0.934
20078,λυχνος,152.0,-0.47552500000000003
20078,λυχνος,200.0,-0.9619
20078,λυχνος,311.0,-0.9308000000000001
20078,λυχνος,350.0,-0.914
20078,λυχνος,950.0,-0.97664
