id,word,year,mean_weighted_sentiment
20080,λυω,-490.0,-0.98645
20080,λυω,-479.0,-0.9344
20080,λυω,-149.0,0.07245000000000001
20080,λυω,-50.0,-0.9357266666666665
20080,λυω,147.0,-0.9356
20080,λυω,150.0,-0.927475
20080,λυω,172.0,-0.98385
20080,λυω,200.0,-0.97185
20080,λυω,269.0,0.8613
20080,λυω,320.0,-0.9811
20080,λυω,350.0,-0.9056500000000001
20080,λυω,530.0,-0.92125
20080,λυω,550.0,-0.9267
20080,λυω,950.0,-0.9808399999999999
