id,word,year,mean_weighted_sentiment
19962,λυγρος,-450.0,-0.9905666666666666
19962,λυγρος,-50.0,-0.7542555555555555
19962,λυγρος,172.0,-0.9913
19962,λυγρος,530.0,-0.9863
19962,λυγρος,950.0,-0.9834
