id,word,year,mean_weighted_sentiment
20017,λυρα,-155.0,-0.970642857142857
20017,λυρα,-50.0,-0.95765
20017,λυρα,-34.0,-0.9707
20017,λυρα,150.0,-0.9773499999999999
20017,λυρα,950.0,-0.9735799999999999
