id,word,year,mean_weighted_sentiment
19998,λυκοω,-266.0,-0.9694
19998,λυκοω,-50.0,-0.9631818181818183
19998,λυκοω,150.0,-0.9390599999999999
19998,λυκοω,172.0,-0.9837
19998,λυκοω,200.0,-0.9759599999999999
19998,λυκοω,425.0,-0.9015
19998,λυκοω,950.0,-0.97038
