id,word,year,mean_weighted_sentiment
20052,λυσσαω,-490.0,-0.9926
20052,λυσσαω,-50.0,-0.975025
20052,λυσσαω,172.0,-0.9933
20052,λυσσαω,425.0,-0.8757333333333334
20052,λυσσαω,950.0,-0.9246
