id,word,year,mean_weighted_sentiment
20083,λωβη,-450.0,-0.9889666666666667
20083,λωβη,-50.0,-0.8508923076923077
20083,λωβη,15.0,-0.8668
20083,λωβη,425.0,-0.9082
20083,λωβη,950.0,-0.9721
