id,word,year,mean_weighted_sentiment
20089,λωιων,-490.0,-0.9851
20089,λωιων,-50.0,-0.36323333333333335
20089,λωιων,530.0,-0.968
20089,λωιων,950.0,-0.9854333333333334
