id,word,year,mean_weighted_sentiment
20164,μαιος,-353.0,-0.9881
20164,μαιος,-50.0,-0.9411200000000001
20164,μαιος,150.0,-0.9015
20164,μαιος,950.0,-0.97385
