id,word,year,mean_weighted_sentiment
20255,μαλις,-353.0,-0.9462333333333334
20255,μαλις,-50.0,-0.9408666666666666
20255,μαλις,200.0,-0.9808
