id,word,year,mean_weighted_sentiment
20239,μαλα,-500.0,-0.945
20239,μαλα,-353.0,-0.9462333333333334
20239,μαλα,-155.0,-0.79074
20239,μαλα,-50.0,-0.9007818181818184
20239,μαλα,15.0,-0.9878
20239,μαλα,150.0,-0.9575
20239,μαλα,152.0,-0.6211166666666667
20239,μαλα,200.0,-0.9808
20239,μαλα,219.0,-0.9207
20239,μαλα,269.0,-0.9874
20239,μαλα,350.0,-0.9737
20239,μαλα,352.0,-0.9521
20239,μαλα,425.0,-0.9164
20239,μαλα,950.0,-0.9786100000000001
