id,word,year,mean_weighted_sentiment
20183,μακεδων,-266.0,-0.9417
20183,μακεδων,-149.0,-0.66285
20183,μακεδων,-50.0,-0.9627166666666668
20183,μακεδων,15.0,-0.993
20183,μακεδων,127.0,-0.9202333333333333
20183,μακεδων,150.0,-0.9272812500000001
20183,μακεδων,172.0,-0.9929
20183,μακεδων,350.0,-0.919
20183,μακεδων,425.0,-0.9517666666666668
20183,μακεδων,490.0,-0.9243
20183,μακεδων,950.0,-0.9797700000000001
