id,word,year,mean_weighted_sentiment
20405,μαχομαι,-353.0,-0.9823500000000001
20405,μαχομαι,-266.0,-0.9806250000000001
20405,μαχομαι,-50.0,-0.9630309523809525
20405,μαχομαι,90.0,-0.9804
20405,μαχομαι,150.0,-0.9591
20405,μαχομαι,200.0,-0.9532666666666666
20405,μαχομαι,269.0,-0.9715
20405,μαχομαι,350.0,-0.9751000000000001
20405,μαχομαι,448.0,-0.9728
20405,μαχομαι,490.0,-0.8878
20405,μαχομαι,950.0,-0.9809583333333333
