id,word,year,mean_weighted_sentiment
20280,μαντεια,-387.0,-0.9899
20280,μαντεια,-100.0,-0.9271
20280,μαντεια,-50.0,-0.9523571428571428
20280,μαντεια,147.0,-0.9349
20280,μαντεια,150.0,-0.9387249999999999
20280,μαντεια,237.0,-0.9665
20280,μαντεια,299.0,-0.9393
20280,μαντεια,950.0,-0.9902818181818183
