id,word,year,mean_weighted_sentiment
20171,μακαρια,-50.0,-0.9908
20171,μακαρια,150.0,-0.9424
20171,μακαρια,311.0,-0.9772000000000002
20171,μακαρια,950.0,-0.9773666666666667
