id,word,year,mean_weighted_sentiment
20281,μαντειον,-387.0,-0.9899
20281,μαντειον,-149.0,-0.9921
20281,μαντειον,-100.0,-0.9271
20281,μαντειον,-50.0,-0.90895
20281,μαντειον,150.0,-0.9517166666666669
20281,μαντειον,950.0,-0.9864928571428573
