id,word,year,mean_weighted_sentiment
20272,μανιας,-450.0,-0.9926
20272,μανιας,-266.0,-0.9907
20272,μανιας,-50.0,-0.9446857142857142
20272,μανιας,15.0,-0.8614
20272,μανιας,425.0,-0.9493
20272,μανιας,950.0,-0.9944999999999999
