id,word,year,mean_weighted_sentiment
20329,μαρτυρεω,-266.0,-0.9675000000000001
20329,μαρτυρεω,-50.0,-0.8192538461538461
20329,μαρτυρεω,49.0,-0.9212
20329,μαρτυρεω,80.0,-0.8782
20329,μαρτυρεω,147.0,-0.9631
20329,μαρτυρεω,150.0,-0.9551
20329,μαρτυρεω,200.0,-0.96385
20329,μαρτυρεω,237.0,-0.9748
20329,μαρτυρεω,299.0,-0.84425
20329,μαρτυρεω,350.0,-0.9269499999999999
20329,μαρτυρεω,425.0,-0.93658
20329,μαρτυρεω,550.0,-0.9529
20329,μαρτυρεω,950.0,-0.97582
20329,μαρτυρεω,1150.0,-0.9887
