id,word,year,mean_weighted_sentiment
20282,μαντειος,-387.0,-0.9899
20282,μαντειος,-149.0,-0.9921
20282,μαντειος,-100.0,-0.9271
20282,μαντειος,-50.0,-0.94745
20282,μαντειος,147.0,-0.9349
20282,μαντειος,150.0,-0.9444714285714287
20282,μαντειος,237.0,-0.9665
20282,μαντειος,299.0,-0.9393
20282,μαντειος,950.0,-0.9864928571428573
