id,word,year,mean_weighted_sentiment
20384,μαχαιρα,-353.0,-0.9938
20384,μαχαιρα,-266.0,-0.97926
20384,μαχαιρα,-50.0,-0.9647666666666667
20384,μαχαιρα,150.0,-0.9914
20384,μαχαιρα,200.0,-0.9923
20384,μαχαιρα,219.0,-0.9868
20384,μαχαιρα,950.0,-0.9879
