id,word,year,mean_weighted_sentiment
20332,μαρτυριον,-353.0,-0.9306
20332,μαρτυριον,-266.0,-0.7592700000000001
20332,μαρτυριον,-50.0,-0.95965
20332,μαρτυριον,49.0,-0.9373
20332,μαρτυριον,80.0,-0.8782
20332,μαρτυριον,147.0,-0.9474
20332,μαρτυριον,182.0,-0.9487
20332,μαρτυριον,299.0,-0.9872
20332,μαρτυριον,350.0,-0.8651
20332,μαρτυριον,950.0,-0.9808333333333333
20332,μαρτυριον,1150.0,-0.9887
