id,word,year,mean_weighted_sentiment
20139,μαθητος,50.0,-0.8751
20139,μαθητος,127.0,-0.9612
20139,μαθητος,150.0,-0.93555
20139,μαθητος,200.0,-0.988
20139,μαθητος,219.0,-0.9494
20139,μαθητος,299.0,-0.9041
20139,μαθητος,350.0,-0.91395
20139,μαθητος,383.0,0.9523
20139,μαθητος,425.0,-0.9037999999999999
20139,μαθητος,550.0,-0.9504
20139,μαθητος,950.0,-0.96365
