id,word,year,mean_weighted_sentiment
20295,μα,-50.0,-0.8000999999999999
20295,μα,150.0,-0.6754285714285714
20295,μα,152.0,-0.9898
20295,μα,172.0,-0.9841333333333333
20295,μα,200.0,-0.9193
20295,μα,269.0,-0.9911
20295,μα,311.0,-0.9881
20295,μα,320.0,-0.6802999999999999
20295,μα,350.0,-0.9577857142857142
20295,μα,950.0,-0.9844759999999999
