id,word,year,mean_weighted_sentiment
20172,μακαριζω,-266.0,-0.48225
20172,μακαριζω,15.0,0.9746
20172,μακαριζω,150.0,-0.9326333333333334
20172,μακαριζω,359.0,-0.9833
20172,μακαριζω,425.0,-0.8434
20172,μακαριζω,448.0,-0.9454
20172,μακαριζω,950.0,-0.9523
