id,word,year,mean_weighted_sentiment
20287,μαντικος,-490.0,0.6075
20287,μαντικος,-387.0,-0.9911
20287,μαντικος,-50.0,-0.9532999999999999
20287,μαντικος,127.0,-0.889
20287,μαντικος,150.0,-0.5303555555555556
20287,μαντικος,352.0,-0.9872000000000001
20287,μαντικος,448.0,-0.9435
20287,μαντικος,950.0,-0.954
