id,word,year,mean_weighted_sentiment
20301,μαραν,-479.0,-0.9914
20301,μαραν,-450.0,-0.90145
20301,μαραν,-50.0,-0.9815
20301,μαραν,49.0,-0.8674
20301,μαραν,80.0,-0.861
20301,μαραν,237.0,-0.9239799999999999
20301,μαραν,350.0,-0.9147
20301,μαραν,352.0,-0.9929
20301,μαραν,448.0,-0.96
20301,μαραν,490.0,-0.9183
20301,μαραν,550.0,-0.9758
20301,μαραν,950.0,-0.981
