id,word,year,mean_weighted_sentiment
20217,μακρος,-500.0,-0.99255
20217,μακρος,-450.0,-0.19330000000000003
20217,μακρος,-50.0,-0.9662363636363639
20217,μακρος,150.0,-0.95028
20217,μακρος,152.0,0.8066
20217,μακρος,172.0,-0.9827
20217,μακρος,200.0,-0.9936333333333334
20217,μακρος,350.0,-0.94465
20217,μακρος,352.0,-0.9864
20217,μακρος,950.0,-0.9821000000000001
