id,word,year,mean_weighted_sentiment
20249,μαλθακος,-50.0,-0.9589666666666666
20249,μαλθακος,150.0,-0.9720500000000001
20249,μαλθακος,172.0,-0.99
20249,μαλθακος,950.0,-0.9895
