id,word,year,mean_weighted_sentiment
20335,μαρτυς,-353.0,-0.9218
20335,μαρτυς,-266.0,-0.51325
20335,μαρτυς,-50.0,-0.9534952380952382
20335,μαρτυς,15.0,-0.9352
20335,μαρτυς,127.0,-0.9923
20335,μαρτυς,150.0,-0.9633333333333334
20335,μαρτυς,152.0,-0.9531000000000001
20335,μαρτυς,311.0,-0.8792
20335,μαρτυς,350.0,-0.9370499999999999
20335,μαρτυς,425.0,-0.9173777777777778
20335,μαρτυς,950.0,-0.96608
