id,word,year,mean_weighted_sentiment
20278,μανος,-353.0,-0.91215
20278,μανος,150.0,-0.9399000000000001
20278,μανος,200.0,-0.95255
20278,μανος,530.0,-0.9189
20278,μανος,950.0,-0.9761000000000001
