id,word,year,mean_weighted_sentiment
20355,μαστιξ,-450.0,-0.9921
20355,μαστιξ,-266.0,-0.9750818181818185
20355,μαστιξ,-50.0,-0.9614875
20355,μαστιξ,49.0,-0.9053
20355,μαστιξ,150.0,-0.9701
20355,μαστιξ,219.0,-0.9644
20355,μαστιξ,269.0,-0.9541
20355,μαστιξ,350.0,-0.933
20355,μαστιξ,425.0,-0.9537500000000001
20355,μαστιξ,490.0,-0.9757
