id,word,year,mean_weighted_sentiment
20290,μαντις,-450.0,-0.99065
20290,μαντις,-353.0,0.5846
20290,μαντις,-149.0,-0.9928
20290,μαντις,-50.0,-0.9605958333333334
20290,μαντις,150.0,-0.9553200000000001
20290,μαντις,237.0,-0.9585
20290,μαντις,269.0,-0.98085
20290,μαντις,425.0,-0.9871
20290,μαντις,950.0,-0.9837499999999999
