id,word,year,mean_weighted_sentiment
20331,μαρτυρια,-353.0,-0.96065
20331,μαρτυρια,-266.0,-0.7373518518518517
20331,μαρτυρια,-50.0,-0.9255333333333334
20331,μαρτυρια,49.0,-0.9534
20331,μαρτυρια,147.0,-0.9371714285714285
20331,μαρτυρια,182.0,-0.9487
20331,μαρτυρια,299.0,-0.9872
20331,μαρτυρια,350.0,-0.893
20331,μαρτυρια,950.0,-0.9840142857142858
