id,word,year,mean_weighted_sentiment
20373,ματαω,-490.0,-0.990825
20373,ματαω,-450.0,-0.9911
20373,ματαω,-353.0,-0.9754
20373,ματαω,-266.0,-0.9891666666666667
20373,ματαω,-155.0,-0.9734
20373,ματαω,-50.0,-0.9508799999999998
20373,ματαω,150.0,-0.945
20373,ματαω,200.0,-0.961425
20373,ματαω,350.0,-0.8976999999999999
20373,ματαω,352.0,-0.9505
20373,ματαω,425.0,-0.9674
20373,ματαω,950.0,-0.9806411764705882
