id,word,year,mean_weighted_sentiment
20191,μακραν,-490.0,-0.9922
20191,μακραν,-353.0,-0.9014
20191,μακραν,-266.0,-0.921
20191,μακραν,-149.0,-0.9927
20191,μακραν,-50.0,-0.9820000000000001
20191,μακραν,15.0,-0.9174
20191,μακραν,150.0,-0.92638
20191,μακραν,200.0,-0.9941
20191,μακραν,425.0,-0.972
20191,μακραν,950.0,-0.9813600000000001
