id,word,year,mean_weighted_sentiment
20117,μαγειρος,-500.0,-0.6672
20117,μαγειρος,150.0,-0.9440666666666667
20117,μαγειρος,200.0,-0.9795999999999999
20117,μαγειρος,950.0,-0.9753000000000001
