id,word,year,mean_weighted_sentiment
20267,μανδρα,-266.0,-0.9905666666666666
20267,μανδρα,200.0,-0.9865
20267,μανδρα,950.0,-0.9832000000000001
