id,word,year,mean_weighted_sentiment
20377,ματη,-490.0,-0.990825
20377,ματη,-450.0,-0.9911
20377,ματη,-353.0,-0.9754
20377,ματη,-266.0,-0.9891666666666667
20377,ματη,-155.0,-0.9734
20377,ματη,-50.0,-0.9484888888888889
20377,ματη,150.0,-0.945
20377,ματη,200.0,-0.961425
20377,ματη,350.0,-0.8976999999999999
20377,ματη,352.0,-0.9505
20377,ματη,425.0,-0.9674
20377,ματη,950.0,-0.9792533333333331
