id,word,year,mean_weighted_sentiment
20333,μαρτυρομαι,-50.0,-0.94695
20333,μαρτυρομαι,200.0,-0.9344
20333,μαρτυρομαι,530.0,-0.9839
20333,μαρτυρομαι,550.0,-0.9529
20333,μαρτυρομαι,950.0,-0.9771333333333333
