id,word,year,mean_weighted_sentiment
20244,μαλη,-500.0,-0.945
20244,μαλη,-353.0,-0.9462333333333334
20244,μαλη,-155.0,-0.79074
20244,μαλη,-50.0,-0.9007818181818184
20244,μαλη,15.0,-0.9878
20244,μαλη,150.0,-0.951675
20244,μαλη,152.0,-0.6211166666666667
20244,μαλη,200.0,-0.9808
20244,μαλη,219.0,-0.9207
20244,μαλη,269.0,-0.9874
20244,μαλη,350.0,-0.9737
20244,μαλη,352.0,-0.9521
20244,μαλη,425.0,-0.9164
20244,μαλη,950.0,-0.9795000000000001
