id,word,year,mean_weighted_sentiment
21043,μετοικος,-353.0,-0.9631000000000001
21043,μετοικος,-50.0,-0.9673
21043,μετοικος,950.0,-0.9816833333333334
