id,word,year,mean_weighted_sentiment
20933,μεταβαλλω,-353.0,-0.9138999999999999
20933,μεταβαλλω,-50.0,-0.9356
20933,μεταβαλλω,127.0,-0.9934
20933,μεταβαλλω,150.0,-0.9196
20933,μεταβαλλω,448.0,-0.949
20933,μεταβαλλω,530.0,-0.9213800000000001
20933,μεταβαλλω,950.0,-0.98945
