id,word,year,mean_weighted_sentiment
20490,μεγιστανες,-266.0,-0.9563444444444446
20490,μεγιστανες,200.0,-0.9693499999999999
