id,word,year,mean_weighted_sentiment
21020,μετεχω,-490.0,0.9956
21020,μετεχω,-353.0,-0.9377
21020,μετεχω,-50.0,-0.96315
21020,μετεχω,150.0,-0.9607
21020,μετεχω,200.0,-0.9901
21020,μετεχω,237.0,-0.8646499999999999
21020,μετεχω,350.0,-0.8984
21020,μετεχω,383.0,-0.9591666666666666
21020,μετεχω,530.0,-0.9621
21020,μετεχω,950.0,-0.9701
