id,word,year,mean_weighted_sentiment
20775,μεροψ,-500.0,0.16115000000000002
20775,μεροψ,-50.0,-0.9224777777777778
20775,μεροψ,172.0,-0.9793
20775,μεροψ,200.0,-0.9371999999999999
20775,μεροψ,299.0,-0.992
