id,word,year,mean_weighted_sentiment
20469,μεγαλοψυχος,-50.0,-0.9479333333333333
20469,μεγαλοψυχος,352.0,-0.9731000000000001
