id,word,year,mean_weighted_sentiment
20742,μενελαος,-450.0,0.420938888888889
20742,μενελαος,-50.0,-0.9365813008130082
20742,μενελαος,127.0,-0.915
20742,μενελαος,150.0,-0.9502500000000002
20742,μενελαος,172.0,-0.9901
20742,μενελαος,269.0,-0.9639
20742,μενελαος,350.0,-0.9179
20742,μενελαος,490.0,-0.9163
20742,μενελαος,950.0,-0.97285
