id,word,year,mean_weighted_sentiment
20722,μελω,-500.0,-0.9854
20722,μελω,-450.0,-0.9609
20722,μελω,-266.0,-0.967
20722,μελω,-50.0,-0.887630303030303
20722,μελω,-34.0,-0.9482
20722,μελω,15.0,-0.8656
20722,μελω,49.0,-0.9076
20722,μελω,147.0,-0.8882
20722,μελω,150.0,-0.9542153846153846
20722,μελω,269.0,-0.9375
20722,μελω,350.0,-0.9067000000000001
20722,μελω,425.0,-0.9071666666666666
20722,μελω,447.0,-0.9125
20722,μελω,490.0,-0.8777
20722,μελω,950.0,-0.9822058823529413
20722,μελω,1118.0,-0.9687
