id,word,year,mean_weighted_sentiment
21029,μετεωρος,-353.0,-0.9674999999999999
21029,μετεωρος,-300.0,-0.957625
21029,μετεωρος,-266.0,-0.9534
21029,μετεωρος,-50.0,-0.9524100000000001
21029,μετεωρος,147.0,-0.9616
21029,μετεωρος,150.0,-0.9463
21029,μετεωρος,152.0,-0.9255
21029,μετεωρος,172.0,-0.98905
21029,μετεωρος,299.0,-0.904
21029,μετεωρος,950.0,-0.9769263157894738
