id,word,year,mean_weighted_sentiment
20766,μερις,-266.0,-0.5672571428571429
20766,μερις,-50.0,-0.8972
20766,μερις,90.0,-0.9426666666666667
20766,μερις,425.0,-0.8509
20766,μερις,490.0,-0.8927
20766,μερις,550.0,-0.966
20766,μερις,950.0,-0.97905
