id,word,year,mean_weighted_sentiment
20634,μελεταω,-266.0,-0.8095874999999999
20634,μελεταω,-50.0,-0.92914
20634,μελεταω,15.0,-0.8884000000000001
20634,μελεταω,49.0,-0.8696999999999999
20634,μελεταω,150.0,-0.9872
20634,μελεταω,350.0,0.9961333333333333
20634,μελεταω,425.0,-0.8297
20634,μελεταω,950.0,-0.97945
