id,word,year,mean_weighted_sentiment
20898,μεταλλον,-353.0,-0.98485
20898,μεταλλον,-266.0,-0.9566
20898,μεταλλον,-50.0,-0.9581
20898,μεταλλον,150.0,-0.9884
20898,μεταλλον,172.0,-0.9864
20898,μεταλλον,950.0,-0.9834499999999999
