id,word,year,mean_weighted_sentiment
20825,μεστος,-50.0,-0.9011333333333335
20825,μεστος,15.0,-0.9149
20825,μεστος,150.0,-0.9607199999999999
20825,μεστος,200.0,-0.9592499999999999
20825,μεστος,350.0,-0.03654999999999997
