id,word,year,mean_weighted_sentiment
21035,μετοικεω,-353.0,-0.9836499999999999
21035,μετοικεω,950.0,-0.9816833333333334
