id,word,year,mean_weighted_sentiment
20700,μελλησις,-50.0,-0.876336170212766
20700,μελλησις,-34.0,-0.9414
20700,μελλησις,150.0,-0.8394222222222223
20700,μελλησις,152.0,-0.9454
20700,μελλησις,200.0,-0.9720111111111112
20700,μελλησις,205.0,-0.9794
20700,μελλησις,269.0,-0.9619666666666667
20700,μελλησις,350.0,-0.9389000000000001
20700,μελλησις,425.0,-0.9374
20700,μελλησις,448.0,-0.95565
20700,μελλησις,530.0,-0.9487
20700,μελλησις,950.0,-0.97814
20700,μελλησις,1127.0,-0.9755
