id,word,year,mean_weighted_sentiment
21018,μετερχομαι,-479.0,-0.9597
21018,μετερχομαι,-50.0,-0.9650833333333333
21018,μετερχομαι,-34.0,-0.9594
21018,μετερχομαι,950.0,-0.9750666666666666
