id,word,year,mean_weighted_sentiment
20616,μελανω,-450.0,-0.9915
20616,μελανω,-415.0,-0.9789
20616,μελανω,-353.0,-0.9535
20616,μελανω,-50.0,-0.9750500000000001
20616,μελανω,15.0,-0.8795
20616,μελανω,150.0,-0.9941
20616,μελανω,172.0,-0.9907
20616,μελανω,200.0,-0.9719
20616,μελανω,269.0,-0.9856
20616,μελανω,383.0,-0.8942
20616,μελανω,550.0,-0.9154
20616,μελανω,950.0,-0.98084
