id,word,year,mean_weighted_sentiment
20549,μειλιχιος,-50.0,-0.9611846153846154
20549,μειλιχιος,950.0,-0.9794499999999999
