id,word,year,mean_weighted_sentiment
20565,μειρομαι,-50.0,-0.9666083333333332
20565,μειρομαι,147.0,-0.9366333333333333
20565,μειρομαι,150.0,-0.935225
20565,μειρομαι,200.0,-0.945638888888889
20565,μειρομαι,237.0,-0.992
20565,μειρομαι,299.0,-0.9559333333333333
20565,μειρομαι,448.0,-0.969
20565,μειρομαι,950.0,-0.978375
