id,word,year,mean_weighted_sentiment
21064,μετριαζω,-479.0,-0.9356
21064,μετριαζω,-387.0,0.9858
21064,μετριαζω,-353.0,-0.93275
21064,μετριαζω,-50.0,-0.95035
21064,μετριαζω,147.0,-0.89615
21064,μετριαζω,200.0,-0.9622
21064,μετριαζω,219.0,-0.9624
21064,μετριαζω,350.0,-0.9652
21064,μετριαζω,425.0,-0.9352
21064,μετριαζω,448.0,-0.9636
21064,μετριαζω,550.0,-0.9716
