id,word,year,mean_weighted_sentiment
20892,μεταλλαω,-353.0,-0.98485
20892,μεταλλαω,-266.0,-0.9566
20892,μεταλλαω,-50.0,-0.9581
20892,μεταλλαω,150.0,-0.9550333333333333
20892,μεταλλαω,172.0,-0.9864
20892,μεταλλαω,950.0,-0.9822142857142857
