id,word,year,mean_weighted_sentiment
20424,μεγαλειος,-266.0,-0.9484666666666667
20424,μεγαλειος,15.0,-0.9393
20424,μεγαλειος,950.0,-0.9813333333333333
