id,word,year,mean_weighted_sentiment
20518,μεθοδος,-353.0,-0.91215
20518,μεθοδος,-50.0,-0.97525
20518,μεθοδος,90.0,-0.9512666666666667
20518,μεθοδος,150.0,-0.9358875
20518,μεθοδος,200.0,-0.962275
20518,μεθοδος,237.0,-0.9932
20518,μεθοδος,249.0,-0.53712
20518,μεθοδος,352.0,-0.9509
20518,μεθοδος,530.0,-0.9529000000000001
20518,μεθοδος,550.0,-0.9809
