id,word,year,mean_weighted_sentiment
20686,μελιττα,-353.0,-0.9435
20686,μελιττα,-50.0,-0.9302
20686,μελιττα,172.0,-0.94975
20686,μελιττα,950.0,-0.9757200000000001
