id,word,year,mean_weighted_sentiment
20787,μεσημβριαζω,-266.0,-0.97782
20787,μεσημβριαζω,-155.0,-0.9826
20787,μεσημβριαζω,-149.0,-0.8976999999999999
20787,μεσημβριαζω,-50.0,-0.9427333333333333
20787,μεσημβριαζω,127.0,-0.9557500000000001
20787,μεσημβριαζω,150.0,-0.9424
20787,μεσημβριαζω,425.0,-0.9736
