id,word,year,mean_weighted_sentiment
20800,μεσογαιος,-353.0,-0.9513750000000001
20800,μεσογαιος,-149.0,-0.9911555555555557
20800,μεσογαιος,127.0,-0.9341
20800,μεσογαιος,490.0,-0.9159
