id,word,year,mean_weighted_sentiment
21002,μετειμι,-266.0,-0.96073125
21002,μετειμι,-50.0,-0.8404277777777778
21002,μετειμι,15.0,-0.8828
21002,μετειμι,147.0,-0.9565
21002,μετειμι,150.0,-0.9828333333333332
21002,μετειμι,172.0,-0.9884
21002,μετειμι,200.0,-0.9771333333333333
21002,μετειμι,269.0,-0.98735
21002,μετειμι,350.0,-0.9354
21002,μετειμι,448.0,-0.9418
21002,μετειμι,490.0,-0.9282666666666667
21002,μετειμι,530.0,-0.93215
21002,μετειμι,950.0,-0.8905454545454545
