id,word,year,mean_weighted_sentiment
20758,μεριζω,-479.0,-0.9348
20758,μεριζω,-266.0,-0.97035
20758,μεριζω,-50.0,-0.89455
20758,μεριζω,147.0,-0.9422
20758,μεριζω,150.0,-0.21395000000000003
20758,μεριζω,172.0,-0.9916
20758,μεριζω,249.0,-0.9558
20758,μεριζω,950.0,-0.9929
