id,word,year,mean_weighted_sentiment
20477,μεγαρα,-149.0,-0.992
20477,μεγαρα,-50.0,-0.817053846153846
20477,μεγαρα,15.0,-0.9887
20477,μεγαρα,150.0,-0.9500333333333333
20477,μεγαρα,448.0,-0.9909
20477,μεγαρα,950.0,-0.98665
