id,word,year,mean_weighted_sentiment
20760,μεριμναω,-266.0,-0.9763249999999999
20760,μεριμναω,-50.0,-0.9721000000000001
