id,word,year,mean_weighted_sentiment
20815,μεσοτης,-353.0,-0.91605
20815,μεσοτης,-50.0,-0.9441999999999999
20815,μεσοτης,90.0,-0.9276
20815,μεσοτης,200.0,-0.91805
20815,μεσοτης,320.0,-0.8308117647058824
20815,μεσοτης,352.0,-0.9576
20815,μεσοτης,448.0,-0.9369
20815,μεσοτης,1127.0,-0.9706999999999999
