id,word,year,mean_weighted_sentiment
20868,μεταιχμιος,-353.0,-0.9762999999999998
20868,μεταιχμιος,-50.0,-0.9670000000000001
20868,μεταιχμιος,150.0,-0.8706
20868,μεταιχμιος,350.0,-0.9198
20868,μεταιχμιος,950.0,-0.9782500000000001
20868,μεταιχμιος,1118.0,-0.9714
