id,word,year,mean_weighted_sentiment
20789,μεσημβριαω,-266.0,-0.97782
20789,μεσημβριαω,-155.0,-0.9826
20789,μεσημβριαω,-149.0,-0.8976999999999999
20789,μεσημβριαω,-50.0,-0.9427333333333333
20789,μεσημβριαω,127.0,-0.9557500000000001
20789,μεσημβριαω,150.0,-0.9424
20789,μεσημβριαω,425.0,-0.9736
