id,word,year,mean_weighted_sentiment
20508,μεθη,-266.0,-0.9778
20508,μεθη,49.0,-0.9018
20508,μεθη,150.0,-0.95105
20508,μεθη,237.0,-0.825
20508,μεθη,350.0,-0.965
20508,μεθη,490.0,-0.9087
20508,μεθη,950.0,-0.9639333333333333
