id,word,year,mean_weighted_sentiment
21075,μετωπον,-500.0,-0.9897
21075,μετωπον,-353.0,-0.7918
21075,μετωπον,-149.0,-0.992
21075,μετωπον,-50.0,-0.9533166666666667
21075,μετωπον,90.0,-0.9907
21075,μετωπον,127.0,-0.8807
21075,μετωπον,150.0,-0.95852
21075,μετωπον,172.0,-0.9851
21075,μετωπον,200.0,-0.9913
21075,μετωπον,425.0,-0.9443
21075,μετωπον,950.0,-0.97055
