id,word,year,mean_weighted_sentiment
20788,μεσημβρια,-266.0,-0.97782
20788,μεσημβρια,-155.0,-0.9826
20788,μεσημβρια,-149.0,-0.8976999999999999
20788,μεσημβρια,-50.0,-0.9427333333333333
20788,μεσημβρια,127.0,-0.9557500000000001
20788,μεσημβρια,150.0,-0.9424
20788,μεσημβρια,425.0,-0.9736
