id,word,year,mean_weighted_sentiment
20636,μελετη,-266.0,-0.7497333333333334
20636,μελετη,-50.0,-0.92914
20636,μελετη,15.0,-0.8884000000000001
20636,μελετη,49.0,-0.9076
20636,μελετη,150.0,-0.9872
20636,μελετη,350.0,0.9961333333333333
20636,μελετη,425.0,-0.8297
20636,μελετη,950.0,-0.97945
