id,word,year,mean_weighted_sentiment
20632,μελε,-50.0,-0.92935
20632,μελε,269.0,-0.8629
20632,μελε,950.0,-0.9900333333333333
