id,word,year,mean_weighted_sentiment
20731,μεμνων,-50.0,-0.9188166666666667
20731,μεμνων,127.0,-0.9445666666666668
20731,μεμνων,150.0,-0.4335714285714286
20731,μεμνων,950.0,-0.9267
