id,word,year,mean_weighted_sentiment
21186,μητιετα,-50.0,-0.9460666666666667
21186,μητιετα,950.0,-0.9712666666666666
