id,word,year,mean_weighted_sentiment
21098,μηδις,-450.0,-0.99146
21098,μηδις,-353.0,-0.9912
21098,μηδις,172.0,-0.9871
21098,μηδις,237.0,-0.92365
