id,word,year,mean_weighted_sentiment
21111,μηκετι,-479.0,-0.9239
21111,μηκετι,-266.0,-0.9473
21111,μηκετι,-50.0,-0.9436749999999999
21111,μηκετι,49.0,-0.8444
21111,μηκετι,90.0,-0.9555
21111,μηκετι,150.0,-0.9488000000000001
21111,μηκετι,200.0,-0.95065
21111,μηκετι,219.0,-0.9503
21111,μηκετι,269.0,-0.9565
21111,μηκετι,490.0,-0.903
21111,μηκετι,950.0,-0.95685
