id,word,year,mean_weighted_sentiment
21124,μηλις,-353.0,-0.9462333333333334
21124,μηλις,-50.0,-0.9408666666666666
21124,μηλις,200.0,-0.9808
