id,word,year,mean_weighted_sentiment
21195,μητρα,-415.0,-0.9777499999999999
21195,μητρα,-266.0,-0.9855
21195,μητρα,172.0,-0.9858
21195,μητρα,182.0,-0.9526
21195,μητρα,950.0,-0.9924333333333334
