id,word,year,mean_weighted_sentiment
21198,μητρις,-266.0,-0.8826600000000001
21198,μητρις,-155.0,-0.9925
21198,μητρις,-50.0,-0.9727142857142858
21198,μητρις,127.0,0.039100000000000024
21198,μητρις,200.0,-0.98124
21198,μητρις,950.0,-0.9690666666666666
