id,word,year,mean_weighted_sentiment
21156,μηνιω,-353.0,-0.99065
21156,μηνιω,-266.0,-0.9088750000000001
21156,μηνιω,-50.0,-0.93628
21156,μηνιω,172.0,-0.9836
21156,μηνιω,269.0,-0.9911
21156,μηνιω,350.0,-0.9713
21156,μηνιω,950.0,-0.9874
