id,word,year,mean_weighted_sentiment
21169,μηποτε,-266.0,-0.9681599999999999
21169,μηποτε,-50.0,-0.9618428571428571
21169,μηποτε,15.0,-0.9864
21169,μηποτε,49.0,-0.9224
21169,μηποτε,150.0,-0.9354
21169,μηποτε,200.0,-0.9275
21169,μηποτε,448.0,-0.9241
21169,μηποτε,950.0,-0.9619249999999999
