id,word,year,mean_weighted_sentiment
21119,μηλη,-450.0,-0.989
21119,μηλη,-50.0,-0.86939375
21119,μηλη,-34.0,-0.9594
21119,μηλη,150.0,-0.91895
21119,μηλη,200.0,-0.9394
21119,μηλη,269.0,-0.9922
21119,μηλη,950.0,-0.972075
