id,word,year,mean_weighted_sentiment
21084,μηδαμος,-490.0,-0.9922
21084,μηδαμος,-450.0,-0.9892666666666666
21084,μηδαμος,-50.0,-0.9650333333333333
21084,μηδαμος,150.0,-0.9595
21084,μηδαμος,152.0,-0.9753000000000001
21084,μηδαμος,200.0,-0.95955
21084,μηδαμος,350.0,-0.9772
21084,μηδαμος,530.0,-0.9267
21084,μηδαμος,950.0,-0.9875999999999999
