id,word,year,mean_weighted_sentiment
21171,μηπω,-50.0,-0.9582
21171,μηπω,150.0,-0.9308
21171,μηπω,200.0,-0.966125
21171,μηπω,219.0,-0.8609
21171,μηπω,237.0,-0.9491
21171,μηπω,269.0,-0.9188
21171,μηπω,350.0,-0.9716
21171,μηπω,490.0,-0.816
21171,μηπω,550.0,-0.8507
21171,μηπω,950.0,-0.9826250000000001
