id,word,year,mean_weighted_sentiment
21178,μηρος,-500.0,-0.9909
21178,μηρος,-266.0,-0.8953333333333333
21178,μηρος,-155.0,-0.9156
21178,μηρος,-50.0,-0.9577684210526316
21178,μηρος,127.0,-0.9333
21178,μηρος,150.0,-0.9713
21178,μηρος,269.0,-0.94655
21178,μηρος,950.0,-0.9849666666666667
