id,word,year,mean_weighted_sentiment
21216,μηχαναομαι,-50.0,-0.9612714285714284
21216,μηχαναομαι,150.0,-0.9227333333333334
21216,μηχαναομαι,200.0,-0.9912
21216,μηχαναομαι,311.0,-0.9912
21216,μηχαναομαι,350.0,-0.9014
21216,μηχαναομαι,352.0,-0.9899
21216,μηχαναομαι,950.0,-0.9882000000000001
