id,word,year,mean_weighted_sentiment
21176,μηρια,-50.0,-0.9502999999999999
21176,μηρια,-34.0,-0.94625
21176,μηρια,150.0,-0.95665
