id,word,year,mean_weighted_sentiment
21086,μηδαμως,-450.0,-0.9899
21086,μηδαμως,-50.0,-0.9650333333333333
21086,μηδαμως,152.0,-0.9753000000000001
21086,μηδαμως,200.0,-0.9575500000000001
21086,μηδαμως,350.0,-0.9772
21086,μηδαμως,530.0,-0.9267
