id,word,year,mean_weighted_sentiment
21115,μηκυνω,-50.0,-0.9297
21115,μηκυνω,200.0,-0.98055
21115,μηκυνω,311.0,-0.9895
21115,μηκυνω,950.0,-0.9911000000000001
