id,word,year,mean_weighted_sentiment
21116,μηκων,-50.0,-0.9649000000000001
21116,μηκων,172.0,-0.9916333333333333
21116,μηκων,950.0,-0.9858
