id,word,year,mean_weighted_sentiment
21316,μιξις,-50.0,-0.5679799999999999
21316,μιξις,150.0,-0.97235
21316,μιξις,172.0,0.5058
21316,μιξις,200.0,-0.9163000000000001
21316,μιξις,237.0,-0.8603
21316,μιξις,350.0,-0.9731
21316,μιξις,530.0,-0.9426333333333333
21316,μιξις,950.0,-0.987675
