id,word,year,mean_weighted_sentiment
21286,μιμεομαι,-50.0,-0.9550000000000001
21286,μιμεομαι,150.0,-0.9168499999999999
21286,μιμεομαι,200.0,-0.9874
21286,μιμεομαι,448.0,-0.8668
