id,word,year,mean_weighted_sentiment
21271,μικτος,-550.0,-0.9379
21271,μικτος,-50.0,-0.9573499999999999
21271,μικτος,-34.0,0.9619
21271,μικτος,150.0,-0.9578
21271,μικτος,237.0,-0.9029
21271,μικτος,352.0,-0.97265
21271,μικτος,530.0,-0.8968200000000002
