id,word,year,mean_weighted_sentiment
21232,μιαινω,-50.0,-0.970525
21232,μιαινω,425.0,-0.942
21232,μιαινω,950.0,-0.9925999999999999
