id,word,year,mean_weighted_sentiment
21359,μισθοω,-353.0,-0.8947
21359,μισθοω,-266.0,-0.9667
21359,μισθοω,-50.0,-0.941125
21359,μισθοω,15.0,-0.9153
21359,μισθοω,147.0,-0.8741
21359,μισθοω,152.0,-0.9308
21359,μισθοω,200.0,-0.9887
21359,μισθοω,219.0,-0.9576
21359,μισθοω,350.0,-0.9558
21359,μισθοω,448.0,-0.9338333333333333
