id,word,year,mean_weighted_sentiment
21274,μιλητος,-50.0,-0.9222
21274,μιλητος,150.0,-0.7169142857142858
21274,μιλητος,950.0,-0.96625
