id,word,year,mean_weighted_sentiment
21247,μιγνυμι,-50.0,-0.895628
21247,μιγνυμι,152.0,-0.9923
21247,μιγνυμι,172.0,-0.99
21247,μιγνυμι,200.0,-0.3757333333333333
21247,μιγνυμι,237.0,-0.925225
21247,μιγνυμι,249.0,-0.8793
21247,μιγνυμι,320.0,-0.9718
21247,μιγνυμι,350.0,-0.9731
21247,μιγνυμι,530.0,-0.9479599999999999
21247,μιγνυμι,950.0,-0.9921285714285715
