id,word,year,mean_weighted_sentiment
21295,μιμνησκω,-353.0,-0.1058
21295,μιμνησκω,-266.0,-0.02090000000000003
21295,μιμνησκω,-50.0,-0.9639875
21295,μιμνησκω,269.0,-0.9796
21295,μιμνησκω,950.0,-0.9927
