id,word,year,mean_weighted_sentiment
21304,μινυαι,-50.0,-0.97055
21304,μινυαι,127.0,-0.8559
21304,μινυαι,150.0,-0.99265
21304,μινυαι,950.0,-0.9825333333333334
