id,word,year,mean_weighted_sentiment
21335,μισεω,-450.0,-0.9921
21335,μισεω,-266.0,-0.9898576923076923
21335,μισεω,-50.0,-0.96635
21335,μισεω,150.0,-0.969
21335,μισεω,200.0,-0.9744
21335,μισεω,350.0,-0.9805333333333334
21335,μισεω,490.0,-0.895
