id,word,year,mean_weighted_sentiment
21401,μιτρα,-50.0,-0.9658285714285714
21401,μιτρα,950.0,-0.9904000000000001
