id,word,year,mean_weighted_sentiment
21408,μνα,-353.0,-0.963125
21408,μνα,-266.0,-0.9472499999999999
21408,μνα,-50.0,-0.9292
21408,μνα,150.0,-0.9453
21408,μνα,350.0,-0.973
21408,μνα,950.0,-0.9863666666666667
