id,word,year,mean_weighted_sentiment
21419,μνημονευω,-450.0,-0.9887
21419,μνημονευω,-266.0,-0.9271499999999999
21419,μνημονευω,-50.0,-0.9601
21419,μνημονευω,200.0,-0.9170499999999999
21419,μνημονευω,237.0,-0.9307666666666666
21419,μνημονευω,352.0,-0.9426
