id,word,year,mean_weighted_sentiment
21616,μουσικος,-478.0,-0.987
21616,μουσικος,-353.0,-0.9341500000000001
21616,μουσικος,-266.0,-0.97045
21616,μουσικος,-149.0,-0.9897
21616,μουσικος,-50.0,-0.95106
21616,μουσικος,15.0,-0.8836
21616,μουσικος,90.0,-0.9117000000000001
21616,μουσικος,147.0,-0.9548
21616,μουσικος,150.0,-0.9470947368421051
21616,μουσικος,200.0,-0.9911
21616,μουσικος,350.0,-0.9476500000000001
21616,μουσικος,352.0,-0.9737
21616,μουσικος,448.0,-0.9484833333333335
