id,word,year,mean_weighted_sentiment
21611,μουσα,-550.0,-0.938
21611,μουσα,-50.0,-0.9398041666666668
21611,μουσα,127.0,-0.9923
21611,μουσα,147.0,-0.9594
21611,μουσα,150.0,-0.9480250000000001
21611,μουσα,200.0,-0.9735666666666667
21611,μουσα,299.0,-0.992
21611,μουσα,350.0,-0.8998999999999999
21611,μουσα,359.0,-0.9806
21611,μουσα,448.0,0.13912
