id,word,year,mean_weighted_sentiment
21589,μορφη,-490.0,-0.9930666666666667
21589,μορφη,-353.0,-0.9305333333333333
21589,μορφη,-50.0,-0.9621299999999999
21589,μορφη,150.0,-0.8949333333333334
21589,μορφη,200.0,-0.935275
21589,μορφη,237.0,-0.9473
21589,μορφη,269.0,-0.941
21589,μορφη,299.0,-0.9052
21589,μορφη,352.0,-0.9776
21589,μορφη,383.0,-0.9802
21589,μορφη,425.0,-0.8991
21589,μορφη,530.0,-0.9737
21589,μορφη,950.0,-0.9711833333333333
