id,word,year,mean_weighted_sentiment
21604,μοσχος,-266.0,-0.7071285714285713
21604,μοσχος,-50.0,-0.8906333333333333
21604,μοσχος,49.0,-0.9383
21604,μοσχος,200.0,-0.9862
