id,word,year,mean_weighted_sentiment
21445,μοδιος,150.0,-0.9452727272727269
21445,μοδιος,950.0,-0.9807666666666667
