id,word,year,mean_weighted_sentiment
21458,μοιχεια,-353.0,-0.9930000000000001
21458,μοιχεια,-50.0,-0.9430666666666667
21458,μοιχεια,15.0,-0.9934
21458,μοιχεια,350.0,-0.9785
21458,μοιχεια,950.0,-0.9678666666666667
