id,word,year,mean_weighted_sentiment
21503,μονογενης,-266.0,-0.9525333333333333
21503,μονογενης,-50.0,-0.950325
21503,μονογενης,200.0,-0.9942
21503,μονογενης,311.0,-0.9322
21503,μονογενης,425.0,-0.9423444444444444
21503,μονογενης,950.0,-0.9506
