id,word,year,mean_weighted_sentiment
21463,μοιχος,-353.0,-0.9752333333333333
21463,μοιχος,-266.0,-0.96555
21463,μοιχος,-50.0,-0.9544
21463,μοιχος,49.0,-0.9305
21463,μοιχος,150.0,-0.93875
21463,μοιχος,350.0,-0.9371499999999999
21463,μοιχος,950.0,-0.98314
