id,word,year,mean_weighted_sentiment
21642,μοχλος,-266.0,-0.9039125
21642,μοχλος,-50.0,-0.95626
21642,μοχλος,150.0,-0.9207
21642,μοχλος,950.0,-0.9626
