id,word,year,mean_weighted_sentiment
21580,μορμω,-50.0,-0.9861666666666666
21580,μορμω,950.0,-0.9852333333333333
