id,word,year,mean_weighted_sentiment
21494,μοναχος,-353.0,-0.9914
21494,μοναχος,200.0,-0.9622333333333334
21494,μοναχος,550.0,-0.9354
21494,μοναχος,950.0,-0.97285
