id,word,year,mean_weighted_sentiment
21466,μολις,-50.0,-0.94574
21466,μολις,150.0,-0.9505
21466,μολις,200.0,-0.9745
21466,μολις,311.0,-0.9268000000000001
21466,μολις,350.0,-0.9712666666666667
21466,μολις,490.0,-0.9194
21466,μολις,1118.0,-0.9317
