id,word,year,mean_weighted_sentiment
21586,μορφαω,-490.0,-0.9930666666666667
21586,μορφαω,-353.0,-0.9305333333333333
21586,μορφαω,-50.0,-0.9621299999999999
21586,μορφαω,147.0,-0.8918
21586,μορφαω,150.0,-0.8949333333333334
21586,μορφαω,200.0,-0.935275
21586,μορφαω,237.0,-0.9473
21586,μορφαω,269.0,-0.941
21586,μορφαω,299.0,-0.9052
21586,μορφαω,352.0,-0.9776
21586,μορφαω,383.0,-0.9802
21586,μορφαω,425.0,-0.8991
21586,μορφαω,530.0,-0.9737
21586,μορφαω,950.0,-0.9711833333333333
