id,word,year,mean_weighted_sentiment
21585,μορφαζω,-490.0,-0.9930666666666667
21585,μορφαζω,-50.0,-0.9742125
21585,μορφαζω,147.0,-0.8918
21585,μορφαζω,150.0,-0.9063
21585,μορφαζω,237.0,-0.9473
21585,μορφαζω,299.0,-0.9052
21585,μορφαζω,352.0,-0.9776
21585,μορφαζω,383.0,-0.9802
21585,μορφαζω,950.0,-0.9894
