id,word,year,mean_weighted_sentiment
21615,μουσικη,-478.0,-0.987
21615,μουσικη,-353.0,-0.972075
21615,μουσικη,-266.0,-0.97045
21615,μουσικη,-149.0,-0.9897
21615,μουσικη,-50.0,-0.9589
21615,μουσικη,90.0,-0.9891
21615,μουσικη,147.0,-0.9548
21615,μουσικη,150.0,-0.948925
21615,μουσικη,350.0,-0.9476500000000001
21615,μουσικη,448.0,-0.9533333333333333
