id,word,year,mean_weighted_sentiment
21770,μυρω,-266.0,-0.7448
21770,μυρω,-50.0,-0.95882
21770,μυρω,15.0,-0.94414
21770,μυρω,147.0,-0.9923
21770,μυρω,150.0,-0.9856
21770,μυρω,172.0,-0.9843
21770,μυρω,200.0,-0.9893
21770,μυρω,219.0,-0.9525
21770,μυρω,269.0,-0.9903
21770,μυρω,350.0,-0.9122
21770,μυρω,352.0,-0.5433
21770,μυρω,425.0,-0.9003
21770,μυρω,448.0,-0.9432
21770,μυρω,950.0,-0.9814875000000001
