id,word,year,mean_weighted_sentiment
21727,μυριας,-266.0,-0.6235799999999999
21727,μυριας,-149.0,-0.96195
21727,μυριας,-50.0,-0.9546214285714285
21727,μυριας,15.0,-0.9387
21727,μυριας,127.0,-0.9725
21727,μυριας,150.0,-0.95182
21727,μυριας,249.0,0.9964
21727,μυριας,269.0,-0.9933
21727,μυριας,320.0,-0.8965666666666667
21727,μυριας,350.0,-0.9375
21727,μυριας,448.0,-0.9351
21727,μυριας,490.0,-0.9241
21727,μυριας,950.0,-0.9738333333333333
