id,word,year,mean_weighted_sentiment
21754,μυρμηξ,-490.0,-0.9909
21754,μυρμηξ,-353.0,0.007400000000000018
21754,μυρμηξ,-50.0,-0.96795
21754,μυρμηξ,150.0,-0.9619
21754,μυρμηξ,200.0,-0.9796285714285713
21754,μυρμηξ,550.0,-0.8587
21754,μυρμηξ,950.0,-0.98515
