id,word,year,mean_weighted_sentiment
21689,μυκηνη,-50.0,-0.9787833333333333
21689,μυκηνη,150.0,-0.9763
21689,μυκηνη,152.0,-0.927
21689,μυκηνη,950.0,-0.99305
