id,word,year,mean_weighted_sentiment
21656,μυελος,-387.0,-0.9937
21656,μυελος,-353.0,-0.9340999999999999
21656,μυελος,-50.0,-0.9353
21656,μυελος,950.0,-0.9852000000000001
