id,word,year,mean_weighted_sentiment
21681,μυια,-353.0,-0.8425
21681,μυια,-50.0,-0.9630416666666668
21681,μυια,200.0,-0.9602
21681,μυια,352.0,0.9839
21681,μυια,950.0,-0.96044
