id,word,year,mean_weighted_sentiment
21807,μυω,-500.0,-0.7990666666666667
21807,μυω,-353.0,-0.983
21807,μυω,-149.0,-0.9843
21807,μυω,-50.0,-0.9590800000000002
21807,μυω,150.0,-0.3143666666666667
21807,μυω,172.0,0.22276666666666664
21807,μυω,200.0,-0.9786333333333334
21807,μυω,425.0,-0.9697
21807,μυω,447.0,-0.8842
21807,μυω,950.0,-0.9880666666666666
