id,word,year,mean_weighted_sentiment
21776,μυσος,-149.0,-0.9843
21776,μυσος,-50.0,-0.9831666666666666
21776,μυσος,150.0,-0.9682
21776,μυσος,182.0,-0.9109
21776,μυσος,350.0,-0.9228
21776,μυσος,425.0,-0.885725
