id,word,year,mean_weighted_sentiment
21783,μυστηριον,-353.0,-0.9801
21783,μυστηριον,-266.0,-0.9739
21783,μυστηριον,-50.0,-0.9871
21783,μυστηριον,127.0,-0.95285
21783,μυστηριον,147.0,-0.8852
21783,μυστηριον,150.0,-0.9094
21783,μυστηριον,182.0,-0.9499
21783,μυστηριον,219.0,-0.9414
21783,μυστηριον,237.0,-0.9944
21783,μυστηριον,350.0,-0.9702
21783,μυστηριον,425.0,-0.87755
