id,word,year,mean_weighted_sentiment
21677,μυθοομαι,-550.0,-0.9917
21677,μυθοομαι,-149.0,-0.9932
21677,μυθοομαι,-50.0,-0.9574
21677,μυθοομαι,150.0,-0.96645
21677,μυθοομαι,200.0,-0.98285
21677,μυθοομαι,448.0,-0.9467500000000001
21677,μυθοομαι,950.0,-0.9812
