id,word,year,mean_weighted_sentiment
21659,μυθεομαι,-550.0,-0.9917
21659,μυθεομαι,-50.0,-0.9795499999999999
21659,μυθεομαι,150.0,-0.96645
21659,μυθεομαι,200.0,-0.98285
21659,μυθεομαι,448.0,-0.94636
21659,μυθεομαι,950.0,-0.9865999999999999
