id,word,year,mean_weighted_sentiment
21701,μυλη,-266.0,-0.9823
21701,μυλη,-149.0,-0.9884
21701,μυλη,-34.0,-0.9594
21701,μυλη,200.0,-0.9912000000000001
21701,μυλη,950.0,-0.989475
