id,word,year,mean_weighted_sentiment
21777,μυς,-500.0,-0.8893222222222222
21777,μυς,-353.0,-0.983
21777,μυς,-50.0,-0.953125
21777,μυς,150.0,-0.47962499999999997
21777,μυς,172.0,-0.03840000000000002
21777,μυς,200.0,-0.9689274999999998
21777,μυς,425.0,-0.9697
21777,μυς,447.0,-0.8874
21777,μυς,950.0,0.27564444444444447
21777,μυς,1150.0,-0.9878
