id,word,year,mean_weighted_sentiment
21817,μων,-450.0,-0.9894
21817,μων,-353.0,-0.9374
21817,μων,-50.0,-0.944975
21817,μων,205.0,-0.9781
21817,μων,350.0,-0.9402
21817,μων,950.0,-0.979975
