id,word,year,mean_weighted_sentiment
21820,μωρια,-266.0,-0.98065
21820,μωρια,-50.0,-0.9631
21820,μωρια,950.0,-0.988242857142857
