id,word,year,mean_weighted_sentiment
21848,ναπη,-50.0,-0.8991
21848,ναπη,150.0,-0.9435
21848,ναπη,200.0,-0.41183333333333333
21848,ναπη,950.0,-0.98685
