id,word,year,mean_weighted_sentiment
21828,ναιας,-450.0,0.5883
21828,ναιας,-266.0,-0.9784
21828,ναιας,-149.0,-0.9786
21828,ναιας,-50.0,-0.8965346153846153
21828,ναιας,15.0,-0.9752
21828,ναιας,127.0,-0.9935
21828,ναιας,150.0,-0.9278500000000001
21828,ναιας,152.0,-0.9594
21828,ναιας,200.0,-0.9893
21828,ναιας,249.0,-0.9754
21828,ναιας,269.0,-0.96865
21828,ναιας,311.0,0.9768
21828,ναιας,320.0,-0.9312
21828,ναιας,350.0,-0.9215166666666667
21828,ναιας,950.0,-0.98255
