id,word,year,mean_weighted_sentiment
21831,ναι,-353.0,-0.943
21831,ναι,-50.0,-0.9426
21831,ναι,200.0,-0.9585
21831,ναι,249.0,-0.9573499999999999
21831,ναι,350.0,-0.95075
21831,ναι,425.0,-0.8888
