id,word,year,mean_weighted_sentiment
21868,ναυαρχος,-450.0,-0.9932
21868,ναυαρχος,-50.0,-0.9528
21868,ναυαρχος,150.0,-0.9856999999999999
21868,ναυαρχος,490.0,-0.8427333333333333
21868,ναυαρχος,950.0,-0.9805999999999999
