id,word,year,mean_weighted_sentiment
21834,ναιω,-353.0,-0.943
21834,ναιω,-50.0,-0.809923076923077
21834,ναιω,200.0,-0.9585
21834,ναιω,269.0,-0.9895999999999999
21834,ναιω,350.0,-0.9522666666666667
21834,ναιω,425.0,-0.8888
