id,word,year,mean_weighted_sentiment
22124,νευρα,-415.0,-0.9802333333333334
22124,νευρα,-353.0,-0.9250333333333333
22124,νευρα,-50.0,-0.9637117647058825
22124,νευρα,150.0,-0.8965
22124,νευρα,172.0,-0.9901
22124,νευρα,200.0,-0.9932
22124,νευρα,269.0,-0.9676199999999999
22124,νευρα,950.0,-0.9841555555555556
22124,νευρα,1150.0,-0.96545
