id,word,year,mean_weighted_sentiment
22004,νεκρων,-450.0,-0.9915
22004,νεκρων,-266.0,-0.9939
22004,νεκρων,-50.0,-0.96989
22004,νεκρων,49.0,-0.9593
22004,νεκρων,80.0,-0.9902
22004,νεκρων,147.0,-0.9662
22004,νεκρων,150.0,-0.9232
22004,νεκρων,161.0,-0.9918
22004,νεκρων,299.0,-0.992
22004,νεκρων,350.0,-0.9475
22004,νεκρων,425.0,-0.933
22004,νεκρων,448.0,-0.9456
22004,νεκρων,490.0,-0.934
22004,νεκρων,950.0,-0.9757333333333332
