id,word,year,mean_weighted_sentiment
22162,νεωριον,-353.0,-0.9883000000000001
22162,νεωριον,150.0,-0.9069
22162,νεωριον,152.0,-0.9713
22162,νεωριον,950.0,-0.9807714285714286
