id,word,year,mean_weighted_sentiment
22101,νεοτης,-266.0,-0.97761
22101,νεοτης,-50.0,-0.9605428571428573
22101,νεοτης,15.0,-0.9062
22101,νεοτης,200.0,-0.9825
22101,νεοτης,350.0,-0.9313666666666668
22101,νεοτης,950.0,-0.9846
