id,word,year,mean_weighted_sentiment
22147,νεφος,-450.0,-0.9905
22147,νεφος,-266.0,-0.98615
22147,νεφος,-155.0,-0.9885
22147,νεφος,-50.0,-0.9270634615384614
22147,νεφος,150.0,0.97
22147,νεφος,200.0,-0.9904333333333333
22147,νεφος,311.0,-0.9368
22147,νεφος,350.0,-0.9072
22147,νεφος,352.0,-0.9822
22147,νεφος,425.0,-0.8675
22147,νεφος,950.0,-0.9842
