id,word,year,mean_weighted_sentiment
22030,νεογνος,-50.0,-0.9412499999999999
22030,νεογνος,269.0,-0.9733
22030,νεογνος,950.0,-0.9918999999999999
