id,word,year,mean_weighted_sentiment
21967,νεικος,-50.0,-0.8542176470588235
21967,νεικος,150.0,-0.9442
21967,νεικος,200.0,-0.9811
21967,νεικος,530.0,-0.67835
21967,νεικος,950.0,-0.9936
