id,word,year,mean_weighted_sentiment
22126,νευρη,-415.0,-0.9802333333333334
22126,νευρη,-353.0,-0.9250333333333333
22126,νευρη,-50.0,-0.9648333333333334
22126,νευρη,150.0,-0.8965
22126,νευρη,172.0,-0.9901
22126,νευρη,200.0,-0.9932
22126,νευρη,269.0,-0.9676199999999999
22126,νευρη,950.0,-0.9846600000000001
22126,νευρη,1150.0,-0.96545
