id,word,year,mean_weighted_sentiment
21937,νεανιης,-266.0,-0.992
21937,νεανιης,-50.0,-0.9789
21937,νεανιης,150.0,-0.946925
21937,νεανιης,152.0,-0.9162
21937,νεανιης,950.0,-0.98445
