id,word,year,mean_weighted_sentiment
22176,νεωτερος,-266.0,-0.9487555555555556
22176,νεωτερος,-50.0,-0.9319666666666666
22176,νεωτερος,-34.0,-0.9842
22176,νεωτερος,15.0,-0.88635
22176,νεωτερος,150.0,-0.9143
22176,νεωτερος,172.0,-0.9927
22176,νεωτερος,219.0,-0.978
22176,νεωτερος,320.0,-0.8925000000000001
22176,νεωτερος,350.0,-0.9364
22176,νεωτερος,425.0,-0.9034
22176,νεωτερος,490.0,-0.9232
22176,νεωτερος,950.0,-0.97743
