id,word,year,mean_weighted_sentiment
22023,νεμος,-450.0,-0.9896
22023,νεμος,-50.0,-0.9580222222222221
22023,νεμος,150.0,-0.9347
22023,νεμος,200.0,-0.95755
22023,νεμος,950.0,-0.9769833333333334
