id,word,year,mean_weighted_sentiment
22168,νεωστι,-50.0,-0.97937
22168,νεωστι,152.0,-0.9853
22168,νεωστι,200.0,-0.9763666666666667
22168,νεωστι,299.0,-0.9888
