id,word,year,mean_weighted_sentiment
22128,νευρον,-415.0,-0.9802333333333334
22128,νευρον,-353.0,-0.8459399999999999
22128,νευρον,-50.0,-0.9614052631578948
22128,νευρον,150.0,-0.94085
22128,νευρον,172.0,-0.97715
22128,νευρον,269.0,-0.9549666666666666
22128,νευρον,950.0,-0.9815666666666667
22128,νευρον,1150.0,-0.9480000000000001
