id,word,year,mean_weighted_sentiment
22167,νεως,-50.0,-0.950425
22167,νεως,150.0,-0.8085307692307692
22167,νεως,200.0,-0.95305
