id,word,year,mean_weighted_sentiment
22024,νεμω,-450.0,-0.5041249999999999
22024,νεμω,-353.0,-0.8651
22024,νεμω,-149.0,-0.9817333333333332
22024,νεμω,-50.0,-0.9486642857142858
22024,νεμω,150.0,-0.9564
22024,νεμω,172.0,-0.991
22024,νεμω,200.0,-0.95755
22024,νεμω,950.0,-0.9754538461538461
