id,word,year,mean_weighted_sentiment
21953,νεβρος,-50.0,-0.9607166666666668
21953,νεβρος,172.0,-0.9884
21953,νεβρος,200.0,-0.9760333333333334
21953,νεβρος,950.0,-0.9757499999999999
