id,word,year,mean_weighted_sentiment
21940,νεανισκος,-266.0,-0.6585428571428571
21940,νεανισκος,-50.0,-0.9169
21940,νεανισκος,150.0,-0.9446666666666667
21940,νεανισκος,152.0,-0.9019
21940,νεανισκος,172.0,-0.9747
21940,νεανισκος,200.0,-0.9824
21940,νεανισκος,1118.0,-0.9606
