id,word,year,mean_weighted_sentiment
21979,νειος,-500.0,-0.9329
21979,νειος,-490.0,-0.9902000000000001
21979,νειος,-450.0,-0.9932
21979,νειος,-266.0,-0.8527
21979,νειος,-155.0,-0.9929
21979,νειος,-50.0,-0.9692571428571428
21979,νειος,200.0,-0.42989999999999995
21979,νειος,269.0,-0.9821
21979,νειος,350.0,-0.9445
21979,νειος,425.0,-0.9695
21979,νειος,490.0,-0.9574
21979,νειος,530.0,-0.9899
21979,νειος,950.0,-0.9744375000000001
