id,word,year,mean_weighted_sentiment
22219,νηπιος,-415.0,-0.9871
22219,νηπιος,-266.0,-0.5443333333333333
22219,νηπιος,-50.0,-0.9653617647058823
22219,νηπιος,15.0,-0.9212
22219,νηπιος,147.0,-0.8604499999999999
22219,νηπιος,150.0,-0.969
22219,νηπιος,182.0,-0.9502
22219,νηπιος,200.0,-0.9899
22219,νηπιος,950.0,-0.988925
