id,word,year,mean_weighted_sentiment
22196,νηλης,-490.0,0.0015000000000000013
22196,νηλης,-50.0,-0.69628
22196,νηλης,150.0,-0.9068
