id,word,year,mean_weighted_sentiment
22239,νησιωτης,-149.0,-0.9914
22239,νησιωτης,-50.0,-0.9770000000000001
22239,νησιωτης,150.0,-0.892025
22239,νησιωτης,269.0,-0.9438
