id,word,year,mean_weighted_sentiment
22200,νημα,-50.0,-0.9539666666666666
22200,νημα,152.0,-0.8945
22200,νημα,425.0,-0.9054
22200,νημα,448.0,-0.9478
22200,νημα,950.0,-0.9857999999999999
