id,word,year,mean_weighted_sentiment
22243,νησος,-353.0,-0.9887
22243,νησος,-266.0,-0.95637
22243,νησος,-149.0,-0.901476923076923
22243,νησος,-50.0,-0.8574176470588235
22243,νησος,15.0,-0.93
22243,νησος,127.0,-0.9362499999999999
22243,νησος,150.0,-0.9531833333333334
22243,νησος,152.0,-0.9479
22243,νησος,200.0,-0.9925
22243,νησος,425.0,-0.8619
22243,νησος,490.0,-0.8767
