id,word,year,mean_weighted_sentiment
22193,νηλεης,-490.0,0.0015000000000000013
22193,νηλεης,-50.0,-0.6415333333333334
22193,νηλεης,150.0,-0.9068
