id,word,year,mean_weighted_sentiment
22186,νηις,-266.0,-0.9784
22186,νηις,-149.0,-0.9786
22186,νηις,-50.0,-0.8855130434782608
22186,νηις,15.0,-0.9752
22186,νηις,127.0,-0.9935
22186,νηις,150.0,-0.9278500000000001
22186,νηις,152.0,-0.9594
22186,νηις,200.0,-0.9893
22186,νηις,249.0,-0.9754
22186,νηις,269.0,-0.96865
22186,νηις,311.0,0.9768
22186,νηις,320.0,-0.9312
22186,νηις,350.0,-0.9215166666666667
22186,νηις,950.0,-0.9822764705882352
