id,word,year,mean_weighted_sentiment
22195,νηλευς,-490.0,0.0015000000000000013
22195,νηλευς,-50.0,-0.7378166666666667
22195,νηλευς,150.0,-0.9068
