id,word,year,mean_weighted_sentiment
22185,νηιος,-450.0,0.5883
22185,νηιος,-353.0,-0.943
22185,νηιος,-149.0,-0.9786
22185,νηιος,-50.0,-0.8166076923076925
22185,νηιος,15.0,-0.9752
22185,νηιος,150.0,-0.8812000000000001
22185,νηιος,200.0,-0.9739
22185,νηιος,269.0,-0.9895999999999999
22185,νηιος,350.0,-0.9522666666666667
22185,νηιος,425.0,-0.8888
22185,νηιος,950.0,-0.9843124999999999
