id,word,year,mean_weighted_sentiment
22215,νηπιαα,-415.0,-0.9871
22215,νηπιαα,-266.0,-0.6479666666666667
22215,νηπιαα,-50.0,-0.9629199999999999
22215,νηπιαα,15.0,-0.9212
22215,νηπιαα,200.0,-0.9885
22215,νηπιαα,950.0,-0.988925
