id,word,year,mean_weighted_sentiment
22288,νιφω,-50.0,-0.9462428571428572
22288,νιφω,950.0,-0.9823000000000001
