id,word,year,mean_weighted_sentiment
22274,νικος,-387.0,-0.991
22274,νικος,-353.0,-0.9879
22274,νικος,-266.0,-0.9632
22274,νικος,-50.0,-0.9222068181818183
22274,νικος,150.0,-0.9882166666666667
22274,νικος,200.0,-0.9433428571428573
22274,νικος,219.0,-0.874
22274,νικος,350.0,-0.9744999999999999
22274,νικος,425.0,-0.9189571428571429
22274,νικος,490.0,-0.9173333333333332
22274,νικος,950.0,-0.9729357142857145
