id,word,year,mean_weighted_sentiment
22263,νικαω,-450.0,-0.99125
22263,νικαω,-387.0,-0.9914499999999999
22263,νικαω,-353.0,-0.9669333333333334
22263,νικαω,-50.0,-0.9389451612903226
22263,νικαω,150.0,-0.9596058823529411
22263,νικαω,200.0,-0.9619384615384614
22263,νικαω,219.0,-0.874
22263,νικαω,269.0,-0.9849
22263,νικαω,311.0,-0.964
22263,νικαω,350.0,-0.9603800000000001
22263,νικαω,425.0,-0.9174125
22263,νικαω,490.0,-0.9130714285714286
22263,νικαω,950.0,-0.9759608695652175
