id,word,year,mean_weighted_sentiment
22272,νικηφορος,15.0,-0.8038
22272,νικηφορος,150.0,0.016099999999999948
22272,νικηφορος,425.0,-0.9311666666666666
22272,νικηφορος,950.0,-0.9736666666666666
