id,word,year,mean_weighted_sentiment
22327,νομοθετης,-387.0,-0.9932
22327,νομοθετης,-266.0,-0.8335
22327,νομοθετης,-50.0,-0.95295
22327,νομοθετης,15.0,-0.8447
22327,νομοθετης,49.0,-0.9551
22327,νομοθετης,150.0,-0.9604222222222223
22327,νομοθετης,269.0,-0.965
22327,νομοθετης,350.0,-0.9349000000000001
22327,νομοθετης,448.0,-0.8473
22327,νομοθετης,950.0,-0.99045
