id,word,year,mean_weighted_sentiment
22355,νοτια,-50.0,-0.9842500000000001
22355,νοτια,127.0,-0.9552333333333335
22355,νοτια,950.0,-0.9933
