id,word,year,mean_weighted_sentiment
22312,νομιζω,-353.0,-0.9343333333333333
22312,νομιζω,-155.0,-0.9396499999999999
22312,νομιζω,-50.0,-0.9424833333333335
22312,νομιζω,150.0,-0.9259181818181819
22312,νομιζω,172.0,0.9939
22312,νομιζω,200.0,-0.023249999999999993
22312,νομιζω,299.0,-0.9513
22312,νομιζω,350.0,-0.9371600000000001
22312,νομιζω,425.0,-0.9253
22312,νομιζω,448.0,-0.8937999999999999
22312,νομιζω,490.0,-0.8995
22312,νομιζω,550.0,-0.9462999999999999
22312,νομιζω,950.0,-0.9809285714285715
