id,word,year,mean_weighted_sentiment
22317,νομισμα,-353.0,-0.9934
22317,νομισμα,-50.0,-0.961175
22317,νομισμα,15.0,-0.9593
22317,νομισμα,150.0,-0.9372181818181818
22317,νομισμα,1118.0,-0.9793
22317,νομισμα,1127.0,-0.9517666666666668
