id,word,year,mean_weighted_sentiment
22295,νοητος,-353.0,-0.96635
22295,νοητος,-50.0,-0.93625
22295,νοητος,15.0,-0.9491
22295,νοητος,150.0,-0.931
22295,νοητος,200.0,-0.9583714285714287
22295,νοητος,237.0,-0.6906444444444445
22295,νοητος,359.0,-0.9185
22295,νοητος,448.0,-0.9385666666666665
22295,νοητος,550.0,-0.93205
22295,νοητος,950.0,-0.98195
