id,word,year,mean_weighted_sentiment
22314,νομιμος,-550.0,-0.90915
22314,νομιμος,-353.0,-0.9883749999999999
22314,νομιμος,-266.0,-0.9503799999999998
22314,νομιμος,-50.0,-0.9729333333333333
22314,νομιμος,150.0,-0.9587
22314,νομιμος,350.0,0.9898
22314,νομιμος,950.0,-0.9889666666666667
22314,νομιμος,1127.0,0.7358
