id,word,year,mean_weighted_sentiment
22325,νομοθετεω,-387.0,-0.9932
22325,νομοθετεω,-266.0,-0.8335
22325,νομοθετεω,-50.0,-0.9472333333333335
22325,νομοθετεω,15.0,-0.8447
22325,νομοθετεω,150.0,-0.948825
22325,νομοθετεω,152.0,-0.877
22325,νομοθετεω,269.0,-0.965
22325,νομοθετεω,350.0,-0.9349000000000001
22325,νομοθετεω,448.0,-0.8473
22325,νομοθετεω,950.0,-0.99045
