id,word,year,mean_weighted_sentiment
22357,νοτιος,-490.0,-0.9935
22357,νοτιος,-155.0,-0.9374666666666668
22357,νοτιος,-50.0,-0.7048666666666666
22357,νοτιος,127.0,-0.9594799999999999
22357,νοτιος,150.0,-0.9868
22357,νοτιος,950.0,-0.965275
