id,word,year,mean_weighted_sentiment
22341,νοσημα,-490.0,-0.9923
22341,νοσημα,-450.0,-0.9938
22341,νοσημα,-415.0,-0.96985
22341,νοσημα,-353.0,-0.9503333333333334
22341,νοσημα,-50.0,-0.9281200000000001
22341,νοσημα,150.0,-0.9799666666666665
22341,νοσημα,172.0,-0.96336875
22341,νοσημα,350.0,-0.90925
