id,word,year,mean_weighted_sentiment
22315,νομιος,-50.0,-0.9444666666666667
22315,νομιος,150.0,-0.93755
22315,νομιος,350.0,-0.9754
22315,νομιος,950.0,-0.9872666666666667
