id,word,year,mean_weighted_sentiment
22293,νοησις,-50.0,-0.97885
22293,νοησις,237.0,-0.926
22293,νοησις,1150.0,-0.20875000000000005
