id,word,year,mean_weighted_sentiment
22426,νυμφιος,-266.0,-0.94435
22426,νυμφιος,-50.0,-0.9554499999999999
22426,νυμφιος,311.0,-0.9782333333333333
22426,νυμφιος,950.0,-0.9637166666666666
