id,word,year,mean_weighted_sentiment
22423,νυμφη,-490.0,-0.9853
22423,νυμφη,-450.0,-0.9925
22423,νυμφη,-266.0,-0.9258666666666667
22423,νυμφη,-50.0,-0.9603999999999999
22423,νυμφη,150.0,-0.94
22423,νυμφη,200.0,-0.48419999999999996
22423,νυμφη,311.0,-0.9490000000000001
22423,νυμφη,350.0,-0.914
22423,νυμφη,448.0,-0.987
22423,νυμφη,950.0,-0.9790699999999999
