id,word,year,mean_weighted_sentiment
22473,ξαινω,-50.0,-0.96348
22473,ξαινω,150.0,-0.9540333333333333
22473,ξαινω,490.0,-0.9425
22473,ξαινω,950.0,-0.9849
