id,word,year,mean_weighted_sentiment
22479,ξανθος,-50.0,-0.9557620689655171
22479,ξανθος,147.0,-0.9662
22479,ξανθος,150.0,-0.96806
22479,ξανθος,172.0,-0.9569000000000001
22479,ξανθος,269.0,-0.95885
22479,ξανθος,299.0,-0.9878
22479,ξανθος,448.0,-0.9862
22479,ξανθος,950.0,-0.962425
