id,word,year,mean_weighted_sentiment
22494,ξενια,-353.0,-0.959375
22494,ξενια,-266.0,-0.9453333333333332
22494,ξενια,-50.0,-0.9706250000000001
22494,ξενια,150.0,-0.9107
22494,ξενια,350.0,-0.9624
22494,ξενια,950.0,-0.9861666666666666
