id,word,year,mean_weighted_sentiment
22493,ξενη,-450.0,-0.9557
22493,ξενη,-353.0,-0.9306
22493,ξενη,-266.0,-0.8123
22493,ξενη,-50.0,-0.9649700000000001
22493,ξενη,127.0,-0.9034
22493,ξενη,147.0,-0.9202
22493,ξενη,150.0,-0.9620333333333334
22493,ξενη,200.0,-0.9915
22493,ξενη,311.0,-0.9836499999999999
22493,ξενη,425.0,-0.9752
22493,ξενη,950.0,-0.9802199999999999
