id,word,year,mean_weighted_sentiment
22530,ξεω,-479.0,-0.9867
22530,ξεω,-450.0,-0.9824
22530,ξεω,-353.0,-0.9745
22530,ξεω,-50.0,-0.9124
22530,ξεω,150.0,-0.8873
22530,ξεω,200.0,-0.9297
22530,ξεω,269.0,-0.9273
22530,ξεω,448.0,-0.95035
22530,ξεω,550.0,-0.9521
22530,ξεω,950.0,-0.9819333333333334
