id,word,year,mean_weighted_sentiment
22497,ξενιος,-353.0,-0.959375
22497,ξενιος,-266.0,-0.9453333333333332
22497,ξενιος,-50.0,-0.9650181818181818
22497,ξενιος,150.0,-0.9107
22497,ξενιος,350.0,-0.9740500000000001
22497,ξενιος,950.0,-0.9852777777777777
