id,word,year,mean_weighted_sentiment
22516,ξενος,-450.0,-0.9557
22516,ξενος,-353.0,-0.94485
22516,ξενος,-266.0,-0.90305
22516,ξενος,-50.0,-0.959740625
22516,ξενος,15.0,-0.9882
22516,ξενος,127.0,-0.9034
22516,ξενος,147.0,-0.9254285714285714
22516,ξενος,150.0,-0.9538
22516,ξενος,152.0,-0.9749
22516,ξενος,200.0,-0.9841428571428571
22516,ξενος,269.0,-0.9273
22516,ξενος,311.0,-0.9836499999999999
22516,ξενος,350.0,-0.934025
22516,ξενος,425.0,-0.97995
22516,ξενος,950.0,-0.9044760000000001
