id,word,year,mean_weighted_sentiment
22523,ξενοω,-450.0,-0.9557
22523,ξενοω,-353.0,-0.9306
22523,ξενοω,-266.0,-0.8123
22523,ξενοω,-50.0,-0.9518000000000001
22523,ξενοω,127.0,-0.9034
22523,ξενοω,147.0,-0.9494
22523,ξενοω,150.0,-0.9591
22523,ξενοω,152.0,-0.9749
22523,ξενοω,200.0,-0.9865333333333334
22523,ξενοω,311.0,-0.9759
22523,ξενοω,350.0,-0.95565
22523,ξενοω,425.0,-0.97995
22523,ξενοω,950.0,-0.9739181818181817
