id,word,year,mean_weighted_sentiment
22524,ξενων,-450.0,-0.9557
22524,ξενων,-353.0,-0.9306
22524,ξενων,-266.0,-0.8123
22524,ξενων,-50.0,-0.95974
22524,ξενων,127.0,-0.9034
22524,ξενων,147.0,-0.9494
22524,ξενων,150.0,-0.9546
22524,ξενων,311.0,-0.9759
22524,ξενων,425.0,-0.9752
22524,ξενων,950.0,-0.9713200000000001
