id,word,year,mean_weighted_sentiment
22534,ξηρα,-415.0,-0.9787666666666667
22534,ξηρα,-353.0,-0.9944500000000001
22534,ξηρα,-266.0,-0.9732
22534,ξηρα,-50.0,-0.9504666666666667
22534,ξηρα,127.0,-0.8728
22534,ξηρα,150.0,-0.97385
22534,ξηρα,172.0,-0.6373666666666666
22534,ξηρα,200.0,-0.987
22534,ξηρα,950.0,-0.9738666666666668
22534,ξηρα,1150.0,-0.9877
