id,word,year,mean_weighted_sentiment
22545,ξιφος,-490.0,-0.9897
22545,ξιφος,-450.0,-0.9707
22545,ξιφος,-50.0,-0.9598063829787234
22545,ξιφος,269.0,-0.9843
22545,ξιφος,350.0,-0.9668750000000002
22545,ξιφος,425.0,-0.9408
22545,ξιφος,490.0,-0.92
22545,ξιφος,950.0,-0.9834
