id,word,year,mean_weighted_sentiment
22582,ξυρεω,-266.0,-0.9903
22582,ξυρεω,-50.0,-0.95625
22582,ξυρεω,950.0,-0.9686666666666667
