id,word,year,mean_weighted_sentiment
22559,ξυλινος,-500.0,-0.9911
22559,ξυλινος,-353.0,-0.9911
22559,ξυλινος,-266.0,-0.9358333333333334
22559,ξυλινος,-50.0,-0.9664499999999999
22559,ξυλινος,127.0,-0.981
22559,ξυλινος,150.0,-0.9561999999999999
22559,ξυλινος,172.0,-0.9912
22559,ξυλινος,200.0,-0.9663499999999999
22559,ξυλινος,352.0,0.7362
22559,ξυλινος,425.0,-0.9007
22559,ξυλινος,950.0,-0.9813666666666666
