id,word,year,mean_weighted_sentiment
22572,ξυλοω,-266.0,-0.9833
22572,ξυλοω,-149.0,0.9335
22572,ξυλοω,-50.0,-0.9433785714285714
22572,ξυλοω,15.0,-0.946
22572,ξυλοω,49.0,-0.9863
22572,ξυλοω,150.0,-0.9775600000000001
22572,ξυλοω,152.0,-0.92175
22572,ξυλοω,200.0,-0.97044
22572,ξυλοω,219.0,-0.8254
22572,ξυλοω,350.0,-0.8979
22572,ξυλοω,425.0,-0.43206666666666665
22572,ξυλοω,530.0,-0.9634
22572,ξυλοω,550.0,-0.9171
22572,ξυλοω,950.0,-0.9771230769230768
