id,word,year,mean_weighted_sentiment
22578,ξυνος,-450.0,-0.9488
22578,ξυνος,-155.0,-0.9939
22578,ξυνος,-50.0,-0.04385
22578,ξυνος,127.0,-0.9912
22578,ξυνος,950.0,-0.9650000000000001
