id,word,year,mean_weighted_sentiment
22604,οβολος,-353.0,-0.9363714285714285
22604,οβολος,150.0,-0.9581666666666666
22604,οβολος,152.0,-0.91715
22604,οβολος,172.0,-0.96625
22604,οβολος,425.0,-0.8907
22604,οβολος,950.0,-0.9713600000000001
22604,οβολος,1118.0,-0.9676
