id,word,year,mean_weighted_sentiment
22618,ογδοος,-353.0,-0.9937
22618,ογδοος,-266.0,-0.9733
22618,ογδοος,-155.0,-0.9908
22618,ογδοος,-50.0,-0.9862666666666667
22618,ογδοος,49.0,-0.9457
22618,ογδοος,150.0,-0.96655
22618,ογδοος,172.0,-0.9907
22618,ογδοος,200.0,-0.9472
22618,ογδοος,320.0,-0.911
22618,ογδοος,550.0,-0.9656
22618,ογδοος,950.0,-0.97165
