id,word,year,mean_weighted_sentiment
22632,ογμος,-50.0,-0.9709166666666667
22632,ογμος,950.0,-0.97615
