id,word,year,mean_weighted_sentiment
22666,οδυνη,-450.0,-0.9831
22666,οδυνη,-415.0,-0.9842500000000001
22666,οδυνη,-266.0,-0.19638
22666,οδυνη,-50.0,-0.9657199999999999
22666,οδυνη,150.0,-0.9630000000000001
22666,οδυνη,172.0,0.0005499999999999949
22666,οδυνη,200.0,-0.9501
22666,οδυνη,425.0,-0.928
22666,οδυνη,950.0,-0.98565
