id,word,year,mean_weighted_sentiment
22676,οδυσσευς,-450.0,0.5031840000000001
22676,οδυσσευς,-149.0,-0.10525000000000001
22676,οδυσσευς,-50.0,-0.9447270270270269
22676,οδυσσευς,127.0,-0.9614
22676,οδυσσευς,150.0,-0.9212999999999999
22676,οδυσσευς,200.0,-0.9282
22676,οδυσσευς,350.0,-0.8689
