id,word,year,mean_weighted_sentiment
22665,οδυναω,-450.0,-0.9831
22665,οδυναω,-415.0,-0.9842500000000001
22665,οδυναω,-266.0,-0.32616666666666666
22665,οδυναω,-50.0,-0.9573416666666666
22665,οδυναω,150.0,-0.9630000000000001
22665,οδυναω,172.0,-0.33016666666666666
22665,οδυναω,200.0,-0.9501
22665,οδυναω,425.0,-0.928
22665,οδυναω,950.0,-0.98565
