id,word,year,mean_weighted_sentiment
22671,οδυρομαι,-50.0,-0.9469666666666665
22671,οδυρομαι,150.0,-0.9554750000000001
22671,οδυρομαι,269.0,-0.9676
22671,οδυρομαι,425.0,-0.9635333333333334
22671,οδυρομαι,950.0,-0.9827714285714285
