id,word,year,mean_weighted_sentiment
22687,οθι,-50.0,-0.958421052631579
22687,οθι,127.0,-0.9912
22687,οθι,150.0,-0.9938
22687,οθι,172.0,-0.9909
22687,οθι,200.0,0.6009
22687,οθι,311.0,-0.9858
22687,οθι,448.0,-0.9581999999999999
22687,οθι,950.0,-0.9883
