id,word,year,mean_weighted_sentiment
22760,οικοδομη,-266.0,-0.6235833333333334
22760,οικοδομη,-50.0,-0.9409666666666667
22760,οικοδομη,150.0,-0.9518666666666666
22760,οικοδομη,200.0,-0.9868
22760,οικοδομη,219.0,-0.9629000000000001
22760,οικοδομη,350.0,0.9159
