id,word,year,mean_weighted_sentiment
22748,οικιζω,-266.0,-0.9812
22748,οικιζω,-149.0,-0.9883
22748,οικιζω,-50.0,-0.9369999999999999
22748,οικιζω,150.0,-0.9638333333333334
22748,οικιζω,200.0,-0.9566857142857144
22748,οικιζω,350.0,-0.9671
22748,οικιζω,950.0,-0.9865
