id,word,year,mean_weighted_sentiment
22705,οιδημα,-415.0,-0.9601000000000001
22705,οιδημα,172.0,-0.9786333333333334
22705,οιδημα,950.0,-0.9882
