id,word,year,mean_weighted_sentiment
22758,οικοδομεω,-353.0,-0.9225
22758,οικοδομεω,-266.0,-0.8371764705882353
22758,οικοδομεω,-50.0,-0.9401750000000001
22758,οικοδομεω,15.0,-0.9437
22758,οικοδομεω,49.0,-0.9412
22758,οικοδομεω,150.0,-0.95675
22758,οικοδομεω,200.0,-0.9868
22758,οικοδομεω,219.0,-0.9629000000000001
22758,οικοδομεω,350.0,0.9159
22758,οικοδομεω,425.0,-0.88615
22758,οικοδομεω,950.0,-0.9717714285714285
