id,word,year,mean_weighted_sentiment
22867,οινοω,-415.0,-0.98005
22867,οινοω,-266.0,-0.965211111111111
22867,οινοω,-50.0,-0.8116923076923077
22867,οινοω,150.0,-0.966875
22867,οινοω,172.0,-0.5950066666666667
22867,οινοω,200.0,-0.7262857142857142
22867,οινοω,237.0,-0.825
22867,οινοω,350.0,-0.9209
22867,οινοω,530.0,-0.9613
22867,οινοω,950.0,-0.9736400000000001
22867,οινοω,1118.0,-0.9606
22867,οινοω,1127.0,-0.9399
