id,word,year,mean_weighted_sentiment
22721,οικαδε,-50.0,-0.963675
22721,οικαδε,350.0,-0.9438666666666666
22721,οικαδε,448.0,-0.9319
22721,οικαδε,490.0,-0.903
22721,οικαδε,950.0,-0.9912
