id,word,year,mean_weighted_sentiment
22767,οικοδομος,-353.0,-0.9291499999999999
22767,οικοδομος,-266.0,-0.32753333333333334
22767,οικοδομος,-50.0,-0.9872
22767,οικοδομος,200.0,-0.9868
22767,οικοδομος,219.0,-0.9673
22767,οικοδομος,950.0,-0.968675
