id,word,year,mean_weighted_sentiment
22899,οιστος,-155.0,-0.97445
22899,οιστος,-50.0,-0.9693857142857143
22899,οιστος,150.0,-0.967
22899,οιστος,200.0,-0.9849
22899,οιστος,425.0,-0.8802
