id,word,year,mean_weighted_sentiment
22932,οιωνος,-490.0,-0.9907333333333334
22932,οιωνος,-353.0,-0.9918
22932,οιωνος,-50.0,-0.9655538461538461
22932,οιωνος,150.0,0.9934
22932,οιωνος,950.0,-0.9748375
