id,word,year,mean_weighted_sentiment
22704,οιδεω,-415.0,-0.9832
22704,οιδεω,-266.0,-0.895052380952381
22704,οιδεω,-50.0,-0.9319999999999999
22704,οιδεω,15.0,-0.9909
22704,οιδεω,150.0,-0.93934
22704,οιδεω,950.0,-0.9872928571428572
