id,word,year,mean_weighted_sentiment
22749,οικιον,-353.0,-0.9506
22749,οικιον,-266.0,-0.9374499999999999
22749,οικιον,-50.0,-0.9545999999999999
22749,οικιον,15.0,-0.917
22749,οικιον,150.0,-0.96775
22749,οικιον,200.0,-0.96625
22749,οικιον,269.0,-0.9826
22749,οικιον,311.0,-0.9481
22749,οικιον,350.0,-0.9671
22749,οικιον,352.0,-0.9928
22749,οικιον,425.0,-0.9851
22749,οικιον,530.0,-0.9458
22749,οικιον,550.0,-0.9677
22749,οικιον,950.0,-0.9802249999999999
