id,word,year,mean_weighted_sentiment
22776,οικοπεδον,-266.0,-0.9630000000000001
22776,οικοπεδον,-50.0,-0.9509000000000001
22776,οικοπεδον,950.0,-0.9644999999999999
