id,word,year,mean_weighted_sentiment
22877,οιονει,-50.0,-0.9580657142857141
22877,οιονει,90.0,-0.8679
22877,οιονει,249.0,-0.9349
22877,οιονει,269.0,-0.958
22877,οιονει,350.0,-0.9878
22877,οιονει,530.0,-0.8737
22877,οιονει,950.0,-0.9739625000000001
