id,word,year,mean_weighted_sentiment
22817,οιμοι,-266.0,-0.94655
22817,οιμοι,-50.0,-0.9627
22817,οιμοι,200.0,-0.9895
22817,οιμοι,350.0,-0.9125
22817,οιμοι,950.0,-0.98072
