id,word,year,mean_weighted_sentiment
22773,οικονομια,-50.0,-0.940725
22773,οικονομια,15.0,-0.8992
22773,οικονομια,147.0,-0.9171
22773,οικονομια,150.0,-0.957
22773,οικονομια,200.0,-0.96095
22773,οικονομια,425.0,-0.85605
22773,οικονομια,950.0,-0.9777
