id,word,year,mean_weighted_sentiment
22818,οιμος,-490.0,-0.99305
22818,οιμος,-266.0,-0.94655
22818,οιμος,-50.0,-0.9627
22818,οιμος,200.0,-0.9899
22818,οιμος,350.0,-0.9125
22818,οιμος,950.0,-0.9810166666666666
