id,word,year,mean_weighted_sentiment
22816,οιμη,-490.0,-0.9929
22816,οιμη,-155.0,-0.8426
22816,οιμη,-50.0,-0.9744
22816,οιμη,15.0,-0.9456
22816,οιμη,147.0,-0.96455
22816,οιμη,150.0,-0.8761541666666668
22816,οιμη,152.0,-0.9523333333333334
22816,οιμη,299.0,-0.9772
22816,οιμη,311.0,-0.9577666666666667
22816,οιμη,350.0,-0.9514111111111111
22816,οιμη,448.0,-0.942875
22816,οιμη,950.0,-0.9790666666666665
