id,word,year,mean_weighted_sentiment
22710,οιδος,-450.0,-0.9384333333333332
22710,οιδος,-415.0,-0.8661
22710,οιδος,-266.0,-0.9568
22710,οιδος,-50.0,-0.7278875
22710,οιδος,15.0,0.9562
22710,οιδος,49.0,-0.957
22710,οιδος,80.0,-0.9126
22710,οιδος,147.0,-0.9261
22710,οιδος,150.0,-0.9454
22710,οιδος,152.0,-0.60337
22710,οιδος,172.0,-0.99125
22710,οιδος,350.0,-0.9307999999999998
22710,οιδος,425.0,-0.445575
22710,οιδος,448.0,-0.9907
22710,οιδος,950.0,-0.9842833333333333
