id,word,year,mean_weighted_sentiment
22809,οικτρος,-490.0,-0.9939
22809,οικτρος,-450.0,-0.9903
22809,οικτρος,-50.0,-0.9530933333333333
22809,οικτρος,150.0,-0.9845
22809,οικτρος,425.0,-0.07245000000000001
22809,οικτρος,490.0,-0.9574
22809,οικτρος,950.0,-0.9741
