id,word,year,mean_weighted_sentiment
22940,οκνος,-450.0,-0.9876333333333333
22940,οκνος,-387.0,-0.9913
22940,οκνος,-50.0,-0.9413333333333332
22940,οκνος,15.0,-0.9665
22940,οκνος,150.0,-0.8498
22940,οκνος,200.0,-0.9924
22940,οκνος,350.0,-0.9617
22940,οκνος,950.0,-0.9762
