id,word,year,mean_weighted_sentiment
23079,ολυμπιας,-450.0,-0.9931
23079,ολυμπιας,-50.0,-0.9644333333333331
23079,ολυμπιας,127.0,-0.9322
23079,ολυμπιας,150.0,-0.7115111111111111
23079,ολυμπιας,350.0,-0.858
23079,ολυμπιας,950.0,-0.96895
