id,word,year,mean_weighted_sentiment
23077,ολυμπια,-149.0,0.916
23077,ολυμπια,-50.0,-0.9644333333333331
23077,ολυμπια,127.0,-0.9322
23077,ολυμπια,150.0,-0.9455666666666667
23077,ολυμπια,152.0,-0.89
23077,ολυμπια,350.0,-0.9873
23077,ολυμπια,950.0,-0.9733166666666667
