id,word,year,mean_weighted_sentiment
23080,ολυμπιειον,-149.0,0.916
23080,ολυμπιειον,-50.0,-0.9094875
23080,ολυμπιειον,127.0,-0.9322
23080,ολυμπιειον,150.0,-0.94835
23080,ολυμπιειον,152.0,-0.89
23080,ολυμπιειον,350.0,-0.44999999999999996
23080,ολυμπιειον,490.0,-0.90405
23080,ολυμπιειον,950.0,-0.9733166666666667
