id,word,year,mean_weighted_sentiment
23034,ολκη,-266.0,-0.9438
23034,ολκη,-50.0,-0.9601
23034,ολκη,150.0,-0.669
23034,ολκη,172.0,0.003049999999999997
23034,ολκη,200.0,-0.9886
23034,ολκη,950.0,-0.981375
23034,ολκη,1118.0,-0.9793
