id,word,year,mean_weighted_sentiment
23083,ολυμπιος,-353.0,-0.9874
23083,ολυμπιος,-149.0,0.916
23083,ολυμπιος,-50.0,-0.9427
23083,ολυμπιος,15.0,-0.9505
23083,ολυμπιος,127.0,-0.9322
23083,ολυμπιος,150.0,-0.9500625
23083,ολυμπιος,152.0,-0.89
23083,ολυμπιος,269.0,-0.9927
23083,ολυμπιος,350.0,-0.6720714285714285
23083,ολυμπιος,490.0,-0.8986333333333333
23083,ολυμπιος,950.0,-0.9733166666666667
