id,word,year,mean_weighted_sentiment
23040,ολμος,-50.0,-0.9508333333333332
23040,ολμος,150.0,-0.9917
23040,ολμος,172.0,-0.98485
23040,ολμος,950.0,-0.97275
