id,word,year,mean_weighted_sentiment
23033,ολκας,-149.0,-0.8365
23033,ολκας,150.0,-0.92494
23033,ολκας,172.0,-0.025450000000000028
23033,ολκας,950.0,-0.9506
