id,word,year,mean_weighted_sentiment
22974,ολβος,-353.0,-0.9786
22974,ολβος,-266.0,-0.9742
22974,ολβος,-50.0,-0.965625
22974,ολβος,200.0,-0.9923
22974,ολβος,311.0,-0.9242
22974,ολβος,950.0,-0.9861333333333334
