id,word,year,mean_weighted_sentiment
23141,ομιλος,-550.0,-0.9921
23141,ομιλος,-500.0,-0.9917
23141,ομιλος,-490.0,-0.9928
23141,ομιλος,-50.0,-0.8341655172413793
23141,ομιλος,150.0,0.9782
23141,ομιλος,200.0,-0.9389000000000001
23141,ομιλος,269.0,-0.9917
23141,ομιλος,311.0,-0.9929
23141,ομιλος,425.0,-0.88626
23141,ομιλος,1118.0,-0.9702
