id,word,year,mean_weighted_sentiment
23201,ομολογεω,-550.0,-0.9714
23201,ομολογεω,-415.0,-0.9854
23201,ομολογεω,-353.0,-0.9147
23201,ομολογεω,-155.0,-0.9572
23201,ομολογεω,-50.0,-0.9425454545454546
23201,ομολογεω,150.0,-0.9426
23201,ομολογεω,200.0,-0.9052833333333332
23201,ομολογεω,219.0,-0.9716
23201,ομολογεω,320.0,-0.8962
23201,ομολογεω,350.0,-0.92788
23201,ομολογεω,425.0,-0.9520333333333334
23201,ομολογεω,950.0,-0.9797666666666668
23201,ομολογεω,1118.0,-0.9385
