id,word,year,mean_weighted_sentiment
23131,ομηρος,-266.0,-0.9189714285714287
23131,ομηρος,-50.0,-0.9426969230769231
23131,ομηρος,127.0,-0.969
23131,ομηρος,150.0,-0.8973114285714285
23131,ομηρος,152.0,-0.94615
23131,ομηρος,172.0,-0.9915
23131,ομηρος,269.0,-0.9393
23131,ομηρος,350.0,-0.932325
23131,ομηρος,352.0,-0.9902
23131,ομηρος,448.0,-0.8744227272727272
23131,ομηρος,490.0,-0.8305
23131,ομηρος,950.0,-0.9831594594594596
