id,word,year,mean_weighted_sentiment
23247,ομου,-450.0,-0.6773166666666667
23247,ομου,-50.0,-0.8294714285714285
23247,ομου,127.0,-0.8939
23247,ομου,150.0,-0.5807125
23247,ομου,200.0,-0.9606200000000001
23247,ομου,237.0,-0.9209
23247,ομου,249.0,-0.8793
23247,ομου,269.0,0.05824999999999997
23247,ομου,299.0,-0.9832
23247,ομου,320.0,-0.9386666666666666
23247,ομου,350.0,-0.941
23247,ομου,425.0,-0.9937
23247,ομου,490.0,-0.9844
23247,ομου,950.0,-0.986646153846154
23247,ομου,1118.0,-0.9757
