id,word,year,mean_weighted_sentiment
23275,ομωνυμος,-479.0,-0.9217846153846155
23275,ομωνυμος,-50.0,-0.9410904761904763
23275,ομωνυμος,15.0,-0.9835
23275,ομωνυμος,150.0,-0.9434333333333335
23275,ομωνυμος,200.0,-0.91773
23275,ομωνυμος,269.0,-0.984
23275,ομωνυμος,352.0,-0.9814
23275,ομωνυμος,425.0,-0.9386
23275,ομωνυμος,530.0,-0.9817
23275,ομωνυμος,550.0,-0.9676
23275,ομωνυμος,950.0,-0.967575
