id,word,year,mean_weighted_sentiment
23134,ομιλεω,-550.0,-0.9921
23134,ομιλεω,-50.0,-0.7891217391304347
23134,ομιλεω,15.0,-0.9722
23134,ομιλεω,150.0,0.9782
23134,ομιλεω,200.0,-0.9760833333333333
23134,ομιλεω,350.0,-0.9535
23134,ομιλεω,950.0,-0.9875
