id,word,year,mean_weighted_sentiment
23203,ομολογια,-353.0,0.5058
23203,ομολογια,-50.0,-0.9805
23203,ομολογια,150.0,-0.9876
23203,ομολογια,200.0,-0.95655
23203,ομολογια,350.0,-0.9569
23203,ομολογια,425.0,-0.932475
23203,ομολογια,950.0,-0.9854833333333334
