id,word,year,mean_weighted_sentiment
23272,ομφη,-50.0,-0.46735000000000004
23272,ομφη,150.0,-0.9453499999999999
23272,ομφη,299.0,-0.9883
23272,ομφη,950.0,-0.98475
