id,word,year,mean_weighted_sentiment
23204,ομολογος,-155.0,-0.9572
23204,ομολογος,-50.0,-0.9341666666666667
23204,ομολογος,219.0,-0.9716
23204,ομολογος,425.0,-0.9668
23204,ομολογος,950.0,-0.9883000000000001
