id,word,year,mean_weighted_sentiment
23278,ομως,-353.0,-0.904925
23278,ομως,-50.0,-0.9548583333333335
23278,ομως,150.0,-0.9556333333333334
23278,ομως,152.0,-0.957425
23278,ομως,200.0,-0.48524999999999996
23278,ομως,237.0,-0.9215333333333334
23278,ομως,350.0,-0.95155
23278,ομως,425.0,-0.7905300000000001
23278,ομως,448.0,-0.9434
23278,ομως,490.0,-0.9056500000000001
23278,ομως,530.0,-0.9477
23278,ομως,550.0,-0.9685666666666667
