id,word,year,mean_weighted_sentiment
23146,ομματοω,-450.0,-0.96365
23146,ομματοω,-353.0,-0.961
23146,ομματοω,-300.0,-0.9396666666666667
23146,ομματοω,-50.0,-0.9625
23146,ομματοω,200.0,-0.9825333333333334
