id,word,year,mean_weighted_sentiment
23143,ομιχλη,-490.0,0.9586
23143,ομιχλη,-266.0,-0.978325
23143,ομιχλη,-50.0,-0.9666666666666667
23143,ομιχλη,150.0,-0.9921
23143,ομιχλη,950.0,-0.9906333333333333
