id,word,year,mean_weighted_sentiment
23107,ομβρεω,-50.0,-0.9488333333333333
23107,ομβρεω,150.0,-0.97705
23107,ομβρεω,200.0,-0.9885
23107,ομβρεω,950.0,-0.9729000000000001
