id,word,year,mean_weighted_sentiment
23298,ονειρος,-490.0,0.7745
23298,ονειρος,-50.0,-0.9529047619047619
23298,ονειρος,15.0,-0.9566
23298,ονειρος,150.0,-0.8751964285714285
23298,ονειρος,269.0,-0.95185
23298,ονειρος,350.0,-0.9282
23298,ονειρος,425.0,-0.9885
23298,ονειρος,950.0,-0.9841472222222222
