id,word,year,mean_weighted_sentiment
23285,ονειδιζω,-353.0,-0.95025
23285,ονειδιζω,-266.0,-0.968975
23285,ονειδιζω,-50.0,-0.9411285714285716
23285,ονειδιζω,150.0,-0.9587
23285,ονειδιζω,350.0,-0.8665
23285,ονειδιζω,950.0,-0.9708249999999999
