id,word,year,mean_weighted_sentiment
23310,ονινημι,-266.0,-0.983
23310,ονινημι,-50.0,-0.9726181818181818
23310,ονινημι,150.0,-0.9579
23310,ονινημι,172.0,-0.8466
23310,ονινημι,200.0,-0.990775
23310,ονινημι,205.0,-0.9826
23310,ονινημι,299.0,-0.8845
23310,ονινημι,311.0,-0.9506
23310,ονινημι,950.0,-0.9837636363636364
