id,word,year,mean_weighted_sentiment
23331,ονυξ,-415.0,-0.9711
23331,ονυξ,-353.0,-0.9101
23331,ονυξ,-266.0,-0.9839
23331,ονυξ,-50.0,-0.9869
23331,ονυξ,127.0,-0.95475
23331,ονυξ,150.0,-0.9043333333333333
23331,ονυξ,172.0,-0.9757
23331,ονυξ,200.0,-0.66972
23331,ονυξ,950.0,-0.9844249999999999
