id,word,year,mean_weighted_sentiment
23324,ονος,-353.0,-0.993
23324,ονος,-266.0,-0.9784857142857142
23324,ονος,-50.0,-0.959025
23324,ονος,15.0,-0.9596
23324,ονος,150.0,-0.91785
23324,ονος,200.0,-0.9062041666666666
23324,ονος,205.0,-0.9826
23324,ονος,350.0,-0.9279
23324,ονος,425.0,-0.9407
23324,ονος,550.0,-0.9823
23324,ονος,950.0,-0.9786806451612903
