id,word,year,mean_weighted_sentiment
23281,οναρ,-50.0,-0.7986846153846153
23281,οναρ,150.0,-0.16348000000000001
23281,οναρ,269.0,-0.9311
23281,οναρ,350.0,-0.9515
23281,οναρ,490.0,-0.9473499999999999
23281,οναρ,950.0,-0.9781166666666666
