id,word,year,mean_weighted_sentiment
23290,ονειδος,-450.0,-0.9939
23290,ονειδος,-266.0,-0.8359200000000001
23290,ονειδος,-50.0,-0.9529222222222222
23290,ονειδος,200.0,-0.757
23290,ονειδος,350.0,-0.9514
