id,word,year,mean_weighted_sentiment
23338,οξος,-450.0,-0.9943
23338,οξος,-415.0,-0.9811
23338,οξος,-353.0,-0.8722
23338,οξος,-266.0,-0.9808
23338,οξος,-50.0,-0.9819818181818182
23338,οξος,49.0,-0.9779
23338,οξος,172.0,-0.9892499999999999
23338,οξος,448.0,-0.9902
23338,οξος,950.0,-0.9842
23338,οξος,1118.0,-0.957
