id,word,year,mean_weighted_sentiment
23458,οποταν,-50.0,-0.9640333333333334
23458,οποταν,147.0,-0.9339999999999998
23458,οποταν,950.0,-0.9651
