id,word,year,mean_weighted_sentiment
23491,οπως,-450.0,-0.9921
23491,οπως,-353.0,-0.88314
23491,οπως,-266.0,-0.94124
23491,οπως,-50.0,-0.926440625
23491,οπως,15.0,-0.9517
23491,οπως,147.0,-0.8338
23491,οπως,150.0,-0.90424
23491,οπως,152.0,-0.9020999999999999
23491,οπως,200.0,-0.8869
23491,οπως,237.0,-0.8834
23491,οπως,249.0,-0.9625
23491,οπως,269.0,-0.9615
23491,οπως,350.0,-0.875
23491,οπως,425.0,-0.9280000000000002
23491,οπως,448.0,-0.8646
23491,οπως,490.0,-0.898
23491,οπως,530.0,-0.9848
