id,word,year,mean_weighted_sentiment
23396,οπη,-490.0,-0.9916
23396,οπη,-50.0,-0.9319545454545455
23396,οπη,152.0,-0.9841
23396,οπη,237.0,-0.9243
23396,οπη,311.0,-0.9443
23396,οπη,352.0,-0.9751
23396,οπη,448.0,-0.9103
23396,οπη,490.0,-0.8232
23396,οπη,530.0,-0.9919
23396,οπη,950.0,-0.97486
23396,οπη,1118.0,-0.9692000000000001
