id,word,year,mean_weighted_sentiment
23404,οπισθιος,-155.0,-0.9198500000000001
23404,οπισθιος,147.0,-0.9575
23404,οπισθιος,150.0,0.9906
23404,οπισθιος,359.0,-0.99175
