id,word,year,mean_weighted_sentiment
23481,οπωρα,-353.0,-0.9882333333333334
23481,οπωρα,-50.0,-0.9792749999999999
23481,οπωρα,950.0,-0.9773571428571429
