id,word,year,mean_weighted_sentiment
23403,οπισθεν,-450.0,-0.9144
23403,οπισθεν,-415.0,-0.9856
23403,οπισθεν,-353.0,-0.9351499999999998
23403,οπισθεν,-300.0,-0.9756
23403,οπισθεν,-266.0,-0.9573
23403,οπισθεν,-50.0,-0.9392470588235294
23403,οπισθεν,150.0,-0.9342333333333334
23403,οπισθεν,172.0,-0.9848
23403,οπισθεν,200.0,-0.9813
23403,οπισθεν,350.0,-0.9565
