id,word,year,mean_weighted_sentiment
23421,οπλη,-450.0,-0.9911166666666666
23421,οπλη,-353.0,-0.969575
23421,οπλη,-266.0,-0.9545
23421,οπλη,-155.0,-0.9902
23421,οπλη,-50.0,-0.9598082352941175
23421,οπλη,15.0,-0.9640500000000001
23421,οπλη,150.0,-0.9430846153846153
23421,οπλη,269.0,-0.9643285714285713
23421,οπλη,320.0,-0.9928
23421,οπλη,350.0,-0.9443999999999999
23421,οπλη,425.0,-0.9672000000000001
23421,οπλη,490.0,-0.8806333333333334
23421,οπλη,950.0,-0.9848416666666667
