id,word,year,mean_weighted_sentiment
23671,ορουω,-353.0,-0.9306
23671,ορουω,-266.0,-0.7608909090909091
23671,ορουω,-149.0,-0.9921
23671,ορουω,-50.0,-0.9589625
23671,ορουω,15.0,-0.9481
23671,ορουω,90.0,-0.9441
23671,ορουω,127.0,-0.9444333333333335
23671,ορουω,147.0,-0.9643
23671,ορουω,150.0,-0.9479666666666665
23671,ορουω,200.0,-0.9514222222222222
23671,ορουω,352.0,-0.96435
23671,ορουω,425.0,-0.90925
23671,ορουω,490.0,-0.8515
23671,ορουω,950.0,-0.9753666666666666
