id,word,year,mean_weighted_sentiment
23631,ορμη,-353.0,-0.9124538461538461
23631,ορμη,-50.0,-0.9513163934426228
23631,ορμη,147.0,-0.8565
23631,ορμη,150.0,-0.9190999999999999
23631,ορμη,200.0,-0.9188
23631,ορμη,269.0,-0.9897
23631,ορμη,311.0,-0.9822
23631,ορμη,359.0,-0.9783
23631,ορμη,425.0,-0.9815
23631,ορμη,530.0,-0.9535
23631,ορμη,550.0,-0.8576
23631,ορμη,950.0,-0.8386916666666667
23631,ορμη,1150.0,-0.9355
