id,word,year,mean_weighted_sentiment
23499,οργανον,-479.0,-0.9467
23499,οργανον,-353.0,-0.953425
23499,οργανον,-266.0,-0.9784333333333333
23499,οργανον,-50.0,-0.93845
23499,οργανον,15.0,-0.9504
23499,οργανον,147.0,-0.9574750000000001
23499,οργανον,150.0,-0.8515391304347826
23499,οργανον,200.0,-0.9074384615384615
23499,οργανον,237.0,-0.9648
23499,οργανον,311.0,-0.9322
23499,οργανον,320.0,-0.9292
23499,οργανον,350.0,-0.973
23499,οργανον,359.0,-0.9285
23499,οργανον,950.0,-0.9802217391304346
