id,word,year,mean_weighted_sentiment
23713,ορφανος,-450.0,-0.9895
23713,ορφανος,-353.0,-0.968025
23713,ορφανος,-266.0,-0.9742090909090908
23713,ορφανος,-50.0,-0.9315500000000001
23713,ορφανος,200.0,-0.9651
23713,ορφανος,950.0,-0.9736
