id,word,year,mean_weighted_sentiment
23604,οριον,-266.0,-0.9506884615384615
23604,οριον,-50.0,-0.9224399999999999
23604,οριον,147.0,-0.9641500000000001
23604,οριον,150.0,-0.9382499999999999
23604,οριον,219.0,-0.941
23604,οριον,350.0,-0.9786
23604,οριον,490.0,-0.8531
23604,οριον,550.0,-0.91
23604,οριον,950.0,-0.9783428571428573
