id,word,year,mean_weighted_sentiment
23518,ορεγω,-266.0,-0.9536
23518,ορεγω,-50.0,-0.9536777777777777
23518,ορεγω,15.0,-0.9223
23518,ορεγω,150.0,-0.9466
23518,ορεγω,200.0,-0.8057
23518,ορεγω,550.0,-0.9535
23518,ορεγω,950.0,-0.010649999999999993
23518,ορεγω,1150.0,-0.9355
