id,word,year,mean_weighted_sentiment
23617,ορκος,-450.0,-0.9885999999999999
23617,ορκος,-353.0,-0.9665250000000001
23617,ορκος,-266.0,-0.9480000000000001
23617,ορκος,-50.0,-0.94794375
23617,ορκος,15.0,-0.9007666666666667
23617,ορκος,147.0,-0.9822
23617,ορκος,150.0,-0.9544
23617,ορκος,152.0,-0.9521
23617,ορκος,200.0,-0.967625
23617,ορκος,425.0,-0.9675666666666666
23617,ορκος,448.0,-0.95055
23617,ορκος,490.0,-0.904825
23617,ορκος,950.0,-0.9656000000000001
