id,word,year,mean_weighted_sentiment
23515,οργυια,-50.0,-0.9556
23515,οργυια,150.0,-0.9830307692307692
23515,οργυια,350.0,-0.9851
23515,οργυια,950.0,-0.9843999999999999
