id,word,year,mean_weighted_sentiment
23607,ορισμος,-479.0,-0.9123
23607,ορισμος,-353.0,-0.9584857142857144
23607,ορισμος,200.0,-0.83696
23607,ορισμος,352.0,-0.72405
23607,ορισμος,550.0,-0.9463000000000001
