id,word,year,mean_weighted_sentiment
23500,οργανος,-479.0,-0.9467
23500,οργανος,-353.0,-0.953425
23500,οργανος,-266.0,-0.9784333333333333
23500,οργανος,-50.0,-0.93845
23500,οργανος,15.0,-0.9504
23500,οργανος,147.0,-0.9574750000000001
23500,οργανος,150.0,-0.8549041666666666
23500,οργανος,200.0,-0.9074384615384615
23500,οργανος,237.0,-0.9648
23500,οργανος,311.0,-0.9322
23500,οργανος,320.0,-0.9292
23500,οργανος,350.0,-0.973
23500,οργανος,359.0,-0.9285
23500,οργανος,950.0,-0.9802217391304346
