id,word,year,mean_weighted_sentiment
23639,ορνεον,-353.0,-0.9876
23639,ορνεον,-266.0,-0.97305
23639,ορνεον,-149.0,0.9477
23639,ορνεον,-50.0,-0.9415111111111111
23639,ορνεον,150.0,-0.56655
23639,ορνεον,200.0,-0.9685375
23639,ορνεον,352.0,-0.9929
23639,ορνεον,950.0,-0.9739679245283019
