id,word,year,mean_weighted_sentiment
23561,ορθιος,-50.0,-0.9857
23561,ορθιος,150.0,-0.91355
23561,ορθιος,950.0,-0.9444800000000001
