id,word,year,mean_weighted_sentiment
23637,ορμος,-500.0,-0.9895
23637,ορμος,-50.0,-0.9583750000000002
23637,ορμος,530.0,-0.9859
23637,ορμος,950.0,-0.9874888888888891
