id,word,year,mean_weighted_sentiment
23494,ορατος,-300.0,-0.97855
23494,ορατος,-50.0,-0.9428333333333333
23494,ορατος,15.0,-0.9483
23494,ορατος,49.0,-0.9268
23494,ορατος,90.0,-0.9733
23494,ορατος,200.0,-0.7863666666666665
23494,ορατος,350.0,-0.94245
23494,ορατος,359.0,-0.9609
23494,ορατος,425.0,-0.9349599999999999
23494,ορατος,530.0,-0.9874
23494,ορατος,950.0,-0.543575
