id,word,year,mean_weighted_sentiment
23530,ορειος,-50.0,-0.9699714285714286
23530,ορειος,150.0,-0.9747
23530,ορειος,152.0,-0.94
23530,ορειος,950.0,-0.9781818181818182
