id,word,year,mean_weighted_sentiment
23759,οσσομαι,-155.0,-0.9753999999999999
23759,οσσομαι,-50.0,-0.7877090909090909
