id,word,year,mean_weighted_sentiment
23762,οστεον,-415.0,-0.27752
23762,οστεον,-387.0,-0.9937
23762,οστεον,-353.0,-0.8799
23762,οστεον,-266.0,-0.8826954545454545
23762,οστεον,-50.0,-0.9522071428571428
23762,οστεον,15.0,-0.8346
23762,οστεον,150.0,-0.9725
23762,οστεον,172.0,-0.977
23762,οστεον,200.0,-0.98305
23762,οστεον,352.0,-0.9920666666666667
23762,οστεον,447.0,-0.86035
23762,οστεον,530.0,-0.9594
23762,οστεον,550.0,-0.7622
