id,word,year,mean_weighted_sentiment
23783,οσφυς,-490.0,-0.9918
23783,οσφυς,-415.0,-0.9835
23783,οσφυς,-266.0,-0.97775
23783,οσφυς,-155.0,-0.8879999999999999
23783,οσφυς,-50.0,-0.9342625
23783,οσφυς,172.0,-0.9891333333333333
23783,οσφυς,311.0,-0.9021
