id,word,year,mean_weighted_sentiment
23755,οσσα,-500.0,-0.9904666666666667
23755,οσσα,-155.0,-0.9753999999999999
23755,οσσα,-50.0,-0.8037162162162163
23755,οσσα,150.0,-0.9333
23755,οσσα,172.0,-0.98885
23755,οσσα,200.0,0.9967
23755,οσσα,269.0,-0.9411
23755,οσσα,950.0,-0.9814
