id,word,year,mean_weighted_sentiment
23757,οσσε,-500.0,-0.9903
23757,οσσε,-490.0,-0.9888
23757,οσσε,-50.0,-0.7841909090909092
23757,οσσε,172.0,-0.9899999999999999
23757,οσσε,200.0,0.9967
