id,word,year,mean_weighted_sentiment
23749,οσμη,-353.0,-0.9587
23749,οσμη,-266.0,-0.9714499999999999
23749,οσμη,-50.0,-0.8587
23749,οσμη,15.0,-0.858
23749,οσμη,150.0,-0.8864333333333333
23749,οσμη,200.0,-0.9794
23749,οσμη,950.0,-0.95695
