id,word,year,mean_weighted_sentiment
23773,οστρακον,-415.0,-0.9809
23773,οστρακον,-353.0,-0.9565
23773,οστρακον,-266.0,-0.32343333333333335
23773,οστρακον,-50.0,-0.9485333333333333
23773,οστρακον,15.0,-0.9576
23773,οστρακον,200.0,-0.99255
