id,word,year,mean_weighted_sentiment
23819,ουδαμως,-479.0,-0.9695
23819,ουδαμως,-50.0,-0.9482555555555555
23819,ουδαμως,150.0,-0.9511714285714286
23819,ουδαμως,152.0,-0.958
23819,ουδαμως,200.0,-0.9375999999999999
23819,ουδαμως,350.0,-0.8938
23819,ουδαμως,530.0,-0.8331
