id,word,year,mean_weighted_sentiment
23888,ουρανιος,-500.0,-0.9835
23888,ουρανιος,-490.0,-0.9949
23888,ουρανιος,-450.0,-0.9938
23888,ουρανιος,-387.0,-0.9711
23888,ουρανιος,-155.0,-0.9513
23888,ουρανιος,-50.0,-0.9584928571428571
23888,ουρανιος,15.0,-0.9484
23888,ουρανιος,147.0,-0.9763
23888,ουρανιος,150.0,-0.9397
23888,ουρανιος,182.0,-0.9782
23888,ουρανιος,311.0,-0.9738
23888,ουρανιος,448.0,-0.9834499999999999
23888,ουρανιος,550.0,-0.952
23888,ουρανιος,950.0,-0.96665
