id,word,year,mean_weighted_sentiment
23934,ουτις,-490.0,-0.9694
23934,ουτις,-450.0,-0.38820000000000005
23934,ουτις,-353.0,-0.9718500000000001
23934,ουτις,-155.0,-0.03949999999999998
23934,ουτις,-50.0,-0.9319631578947369
23934,ουτις,90.0,-0.912
23934,ουτις,147.0,-0.9866
23934,ουτις,150.0,-0.9719
23934,ουτις,200.0,-0.99085
23934,ουτις,237.0,0.008950000000000014
23934,ουτις,269.0,-0.9054
23934,ουτις,550.0,-0.9310666666666667
23934,ουτις,950.0,-0.9884999999999999
23934,ουτις,1118.0,-0.9588
