id,word,year,mean_weighted_sentiment
23930,ουτι,-450.0,-0.38820000000000005
23930,ουτι,-353.0,-0.9663
23930,ουτι,-155.0,-0.03949999999999998
23930,ουτι,-50.0,-0.9660540540540541
23930,ουτι,150.0,-0.9719
23930,ουτι,200.0,-0.9924
23930,ουτι,237.0,0.008950000000000014
23930,ουτι,950.0,-0.9884999999999999
23930,ουτι,1118.0,-0.9588
