id,word,year,mean_weighted_sentiment
23899,ουρα,-500.0,-0.99095
23899,ουρα,-353.0,-0.9841
23899,ουρα,-266.0,-0.99
23899,ουρα,-155.0,-0.9302517241379309
23899,ουρα,-50.0,-0.9697999999999999
23899,ουρα,147.0,-0.9671
23899,ουρα,150.0,-0.12124999999999997
23899,ουρα,172.0,-0.9598428571428571
23899,ουρα,200.0,-0.9651333333333333
23899,ουρα,425.0,-0.9006
23899,ουρα,447.0,-0.9056
23899,ουρα,950.0,-0.9735285714285714
