id,word,year,mean_weighted_sentiment
23818,ουδαμου,-450.0,-0.99195
23818,ουδαμου,-50.0,-0.8363866666666666
23818,ουδαμου,150.0,-0.9178
23818,ουδαμου,269.0,0.007199999999999984
23818,ουδαμου,350.0,-0.9535
23818,ουδαμου,448.0,-0.9326
