id,word,year,mean_weighted_sentiment
23847,ουλη,-50.0,-0.9771428571428571
23847,ουλη,172.0,-0.9845666666666667
23847,ουλη,950.0,-0.9901
