id,word,year,mean_weighted_sentiment
23921,ουρος,-50.0,-0.612009090909091
23921,ουρος,172.0,-0.9602222222222222
23921,ουρος,269.0,-0.9794499999999999
23921,ουρος,447.0,-0.9056
23921,ουρος,950.0,-0.9889666666666667
