id,word,year,mean_weighted_sentiment
23853,ουλον,-50.0,-0.9825375
23853,ουλον,172.0,-0.9845666666666667
23853,ουλον,950.0,-0.9901
