id,word,year,mean_weighted_sentiment
23869,ουνεκα,-450.0,-0.46852499999999997
23869,ουνεκα,-353.0,-0.8837333333333334
23869,ουνεκα,-50.0,-0.9564125
23869,ουνεκα,448.0,-0.9799
23869,ουνεκα,950.0,-0.7871
