id,word,year,mean_weighted_sentiment
23913,ουριοω,-450.0,-0.991
23913,ουριοω,127.0,-0.4155666666666667
23913,ουριοω,950.0,-0.9876333333333335
