id,word,year,mean_weighted_sentiment
23826,ουδεποτε,-500.0,-0.9923
23826,ουδεποτε,-353.0,-0.9405333333333333
23826,ουδεποτε,-266.0,-0.9568
23826,ουδεποτε,-50.0,-0.9626666666666667
23826,ουδεποτε,237.0,-0.9473
23826,ουδεποτε,269.0,-0.9894499999999999
23826,ουδεποτε,350.0,-0.9593
23826,ουδεποτε,425.0,-0.9399
23826,ουδεποτε,448.0,-0.9546
23826,ουδεποτε,550.0,-0.9699
23826,ουδεποτε,950.0,-0.96645
23826,ουδεποτε,1118.0,-0.9427
