id,word,year,mean_weighted_sentiment
23905,ουρεω,-500.0,-0.9906
23905,ουρεω,-450.0,-0.991
23905,ουρεω,-155.0,-0.9897142857142855
23905,ουρεω,-50.0,-0.5858800000000001
23905,ουρεω,172.0,-0.9477399999999999
23905,ουρεω,200.0,-0.9936
23905,ουρεω,447.0,-0.9056
23905,ουρεω,950.0,-0.9838
