id,word,year,mean_weighted_sentiment
23904,ουρευς,-500.0,-0.9913
23904,ουρευς,-266.0,-0.99
23904,ουρευς,-155.0,-0.92501
23904,ουρευς,-50.0,-0.9606166666666667
23904,ουρευς,147.0,-0.9671
23904,ουρευς,150.0,-0.12124999999999997
23904,ουρευς,172.0,-0.98722
23904,ουρευς,200.0,-0.9651333333333333
23904,ουρευς,425.0,-0.9006
23904,ουρευς,950.0,-0.9768428571428572
