id,word,year,mean_weighted_sentiment
23944,οφελλω,-50.0,-0.9575
23944,οφελλω,49.0,-0.9111800000000001
23944,οφελλω,150.0,-0.9514
23944,οφελλω,172.0,-0.9646
23944,οφελλω,200.0,-0.9464
23944,οφελλω,350.0,-0.94205
23944,οφελλω,950.0,-0.96815
