id,word,year,mean_weighted_sentiment
23963,οφρυς,-353.0,-0.8887499999999999
23963,οφρυς,-50.0,-0.9843333333333333
23963,οφρυς,150.0,-0.95365
23963,οφρυς,200.0,-0.9894
