id,word,year,mean_weighted_sentiment
23945,οφελος,-50.0,-0.9388666666666667
23945,οφελος,15.0,-0.9723
23945,οφελος,150.0,-0.9455
23945,οφελος,200.0,-0.96965
