id,word,year,mean_weighted_sentiment
23978,οχθος,-50.0,-0.9758666666666667
23978,οχθος,150.0,-0.9608
23978,οχθος,200.0,-0.9893
23978,οχθος,950.0,-0.98905
