id,word,year,mean_weighted_sentiment
23972,οχεω,-353.0,-0.983
23972,οχεω,-50.0,-0.8100846153846154
23972,οχεω,950.0,-0.9794499999999999
