id,word,year,mean_weighted_sentiment
23976,οχθη,-500.0,-0.9811666666666667
23976,οχθη,-50.0,-0.980175
23976,οχθη,200.0,-0.98195
23976,οχθη,425.0,-0.8923
23976,οχθη,490.0,-0.9497
23976,οχθη,950.0,-0.995
