id,word,year,mean_weighted_sentiment
23995,οχυρωμα,-266.0,-0.9449428571428571
23995,οχυρωμα,-50.0,-0.9938
23995,οχυρωμα,950.0,-0.982975
23995,οχυρωμα,1118.0,-0.9417
