id,word,year,mean_weighted_sentiment
23981,οχλεω,-266.0,-0.9611599999999999
23981,οχλεω,-149.0,-0.9922
23981,οχλεω,-50.0,-0.957425
23981,οχλεω,147.0,-0.89917
23981,οχλεω,150.0,-0.9065200000000001
23981,οχλεω,311.0,-0.9759
23981,οχλεω,350.0,-0.9076
23981,οχλεω,425.0,-0.92205
23981,οχλεω,950.0,-0.9813888888888889
