id,word,year,mean_weighted_sentiment
23975,οχθεω,-500.0,-0.9912
23975,οχθεω,-50.0,-0.9756153846153848
23975,οχθεω,200.0,-0.9927
23975,οχθεω,490.0,-0.9497
23975,οχθεω,950.0,-0.9910333333333332
