id,word,year,mean_weighted_sentiment
23973,οχημα,-50.0,-0.9508636363636362
23973,οχημα,150.0,-0.942025
23973,οχημα,425.0,-0.8581
23973,οχημα,950.0,-0.9884000000000001
