id,word,year,mean_weighted_sentiment
24002,οψια,-50.0,-0.9560500000000001
24002,οψια,950.0,-0.9887333333333332
