id,word,year,mean_weighted_sentiment
24024,οψ,-490.0,-0.8895
24024,οψ,-450.0,-0.93215
24024,οψ,-249.0,-0.8585
24024,οψ,-50.0,-0.9404266666666666
24024,οψ,152.0,-0.9841
24024,οψ,172.0,-0.9867
24024,οψ,352.0,-0.9786999999999999
24024,οψ,425.0,-0.9803
24024,οψ,950.0,-0.9824
