id,word,year,mean_weighted_sentiment
24001,οψε,-249.0,-0.8585
24001,οψε,-50.0,-0.959
24001,οψε,150.0,-0.9495
24001,οψε,200.0,-0.9769749999999999
24001,οψε,352.0,-0.9895
24001,οψε,950.0,-0.7609222222222223
