id,word,year,mean_weighted_sentiment
24011,οψιος,-50.0,-0.9560500000000001
24011,οψιος,950.0,-0.98235
