id,word,year,mean_weighted_sentiment
24631,παρακαλεω,-266.0,-0.9796
24631,παρακαλεω,-50.0,-0.9228125
24631,παρακαλεω,49.0,-0.9076
24631,παρακαλεω,152.0,-0.8791
24631,παρακαλεω,425.0,-0.9227
24631,παρακαλεω,950.0,-0.736475
