id,word,year,mean_weighted_sentiment
24581,παραδοσις,-50.0,-0.9308444444444444
24581,παραδοσις,147.0,-0.924388888888889
24581,παραδοσις,200.0,-0.93055
24581,παραδοσις,425.0,-0.8991
