id,word,year,mean_weighted_sentiment
24415,παννυχιος,-550.0,-0.98865
24415,παννυχιος,-50.0,-0.9664999999999999
24415,παννυχιος,425.0,-0.9693
24415,παννυχιος,490.0,-0.8457
