id,word,year,mean_weighted_sentiment
24193,παλεω,-500.0,-0.9915
24193,παλεω,-50.0,-0.9632000000000001
24193,παλεω,150.0,-0.96815
24193,παλεω,200.0,-0.9833
24193,παλεω,311.0,-0.9671000000000001
24193,παλεω,950.0,-0.978225
24193,παλεω,1118.0,-0.9395
