id,word,year,mean_weighted_sentiment
24096,παιδευτικος,-50.0,-0.9411499999999999
24096,παιδευτικος,448.0,-0.9701500000000001
