id,word,year,mean_weighted_sentiment
25055,παρεχω,-353.0,-0.9732
25055,παρεχω,-50.0,-0.9378153846153846
25055,παρεχω,147.0,-0.8916666666666666
25055,παρεχω,447.0,-0.8385
25055,παρεχω,950.0,-0.9704625
