id,word,year,mean_weighted_sentiment
24917,παραυτικα,-353.0,-0.9896499999999999
24917,παραυτικα,-266.0,-0.9887
24917,παραυτικα,-50.0,-0.9467666666666666
24917,παραυτικα,425.0,-0.88375
24917,παραυτικα,950.0,-0.9836
