id,word,year,mean_weighted_sentiment
24428,πανοπλια,-266.0,-0.9206000000000001
24428,πανοπλια,-50.0,-0.95486
24428,πανοπλια,150.0,-0.8723
24428,πανοπλια,950.0,-0.9636
