id,word,year,mean_weighted_sentiment
24454,πανταπασι,-149.0,-0.9822
24454,πανταπασι,-50.0,-0.9563
24454,πανταπασι,150.0,-0.9389666666666666
24454,πανταπασι,172.0,-0.991
24454,πανταπασι,200.0,-0.9886
24454,πανταπασι,320.0,-0.9938
24454,πανταπασι,350.0,-0.9936
24454,πανταπασι,352.0,0.9906
24454,πανταπασι,425.0,-0.9376500000000001
24454,πανταπασι,448.0,-0.9723
24454,πανταπασι,490.0,-0.9271600000000001
24454,πανταπασι,1127.0,-0.9279
