id,word,year,mean_weighted_sentiment
24262,παλλας,-500.0,-0.9889
24262,παλλας,-450.0,-0.9889
24262,παλλας,-50.0,-0.9693266666666668
24262,παλλας,150.0,-0.9562999999999999
24262,παλλας,200.0,-0.9678500000000001
24262,παλλας,950.0,-0.9785999999999999
