id,word,year,mean_weighted_sentiment
25177,παρρησια,-353.0,0.007299999999999973
25177,παρρησια,-266.0,-0.9511
25177,παρρησια,-50.0,-0.9376444444444445
25177,παρρησια,15.0,-0.94
25177,παρρησια,150.0,-0.9282666666666667
25177,παρρησια,350.0,-0.92755
25177,παρρησια,425.0,-0.70406875
25177,παρρησια,1118.0,-0.9359
