id,word,year,mean_weighted_sentiment
25241,πατροκλος,-50.0,-0.8748491620111731
25241,πατροκλος,150.0,-0.9590333333333333
25241,πατροκλος,269.0,-0.69145
25241,πατροκλος,448.0,-0.9809
