id,word,year,mean_weighted_sentiment
24098,παιδευω,-266.0,-0.7678777777777779
24098,παιδευω,-50.0,-0.955
24098,παιδευω,15.0,-0.9725
24098,παιδευω,150.0,-0.8632
24098,παιδευω,152.0,-0.8836
24098,παιδευω,200.0,-0.99
24098,παιδευω,350.0,-0.9012000000000001
24098,παιδευω,425.0,-0.9008499999999999
24098,παιδευω,950.0,-0.9664666666666667
