id,word,year,mean_weighted_sentiment
25280,παχος,-415.0,-0.9808
25280,παχος,-266.0,-0.9917
25280,παχος,-50.0,-0.97866
25280,παχος,150.0,-0.92975
25280,παχος,172.0,-0.984525
25280,παχος,200.0,-0.9802
25280,παχος,249.0,-0.937
25280,παχος,950.0,-0.9838
