id,word,year,mean_weighted_sentiment
24475,παντοιος,-450.0,-0.8362
24475,παντοιος,-50.0,-0.9618500000000001
24475,παντοιος,15.0,-0.9846
24475,παντοιος,200.0,-0.9892
24475,παντοιος,350.0,-0.9607
24475,παντοιος,448.0,-0.9656666666666666
24475,παντοιος,490.0,-0.8821
24475,παντοιος,950.0,-0.9842500000000001
