id,word,year,mean_weighted_sentiment
25041,παρερχομαι,-550.0,-0.9328
25041,παρερχομαι,-266.0,-0.95615
25041,παρερχομαι,-50.0,-0.9465428571428571
25041,παρερχομαι,15.0,-0.7368
25041,παρερχομαι,49.0,-0.8166
25041,παρερχομαι,150.0,-0.991
25041,παρερχομαι,200.0,-0.9892
25041,παρερχομαι,350.0,-0.9338
25041,παρερχομαι,425.0,-0.9179
25041,παρερχομαι,490.0,-0.861
25041,παρερχομαι,950.0,-0.9926999999999999
