id,word,year,mean_weighted_sentiment
25278,παχνη,-266.0,-0.4583333333333333
25278,παχνη,-50.0,-0.9659500000000001
25278,παχνη,950.0,-0.9395749999999999
