id,word,year,mean_weighted_sentiment
24984,παρειμι,-450.0,-0.9913
24984,παρειμι,-149.0,-0.9924
24984,παρειμι,-50.0,-0.9554055555555555
24984,παρειμι,49.0,-0.9695
24984,παρειμι,150.0,-0.9375666666666667
24984,παρειμι,152.0,-0.93925
24984,παρειμι,350.0,-0.8316
24984,παρειμι,352.0,-0.9924
24984,παρειμι,425.0,-0.91825
24984,παρειμι,490.0,-0.9241999999999999
24984,παρειμι,950.0,-0.9716111111111112
