id,word,year,mean_weighted_sentiment
24495,παντως,-490.0,-0.8613
24495,παντως,-353.0,-0.9634
24495,παντως,-50.0,-0.9408299999999998
24495,παντως,15.0,-0.9443
24495,παντως,147.0,-0.9152
24495,παντως,150.0,-0.9481666666666667
24495,παντως,172.0,-0.9903
24495,παντως,200.0,-0.9481666666666667
24495,παντως,237.0,-0.91525
24495,παντως,311.0,-0.9534499999999999
24495,παντως,350.0,-0.9301666666666666
24495,παντως,352.0,-0.928
24495,παντως,490.0,-0.91025
24495,παντως,530.0,-0.9458
