id,word,year,mean_weighted_sentiment
25095,παριζω,-149.0,-0.9924
25095,παριζω,-50.0,-0.9578500000000001
25095,παριζω,150.0,-0.9316
25095,παριζω,425.0,-0.8889
25095,παριζω,950.0,-0.9762666666666666
