id,word,year,mean_weighted_sentiment
24139,παιζω,-500.0,-0.98785
24139,παιζω,-450.0,-0.9879
24139,παιζω,-266.0,-0.9381
24139,παιζω,-50.0,-0.9687749999999999
24139,παιζω,150.0,-0.9546
24139,παιζω,172.0,-0.9888
24139,παιζω,200.0,-0.8122333333333335
24139,παιζω,350.0,-0.8974666666666667
24139,παιζω,490.0,-0.9033
24139,παιζω,950.0,-0.9785727272727273
