id,word,year,mean_weighted_sentiment
24717,παραλληλος,-300.0,-0.9549000000000001
24717,παραλληλος,-249.0,-0.9569000000000001
24717,παραλληλος,-155.0,-0.8991
24717,παραλληλος,-50.0,-0.9774600000000001
24717,παραλληλος,150.0,-0.9601333333333334
24717,παραλληλος,200.0,-0.9784999999999999
24717,παραλληλος,320.0,-0.7594636363636365
24717,παραλληλος,350.0,-0.9475
24717,παραλληλος,950.0,-0.98506
