id,word,year,mean_weighted_sentiment
25272,παυω,-500.0,-0.9891
25272,παυω,-450.0,-0.0031999999999999806
25272,παυω,-353.0,-0.9552
25272,παυω,-266.0,-0.9857
25272,παυω,-50.0,-0.9841454545454545
25272,παυω,200.0,-0.9893
25272,παυω,237.0,-0.9425
25272,παυω,269.0,-0.936
25272,παυω,350.0,-0.9506
25272,παυω,950.0,-0.9927999999999999
