id,word,year,mean_weighted_sentiment
25263,παυρος,-450.0,-0.9927
25263,παυρος,-50.0,-0.9752000000000001
25263,παυρος,950.0,-0.9870000000000001
