id,word,year,mean_weighted_sentiment
24487,παντοτε,-50.0,-0.96735
24487,παντοτε,147.0,-0.93094
24487,παντοτε,150.0,-0.95755
24487,παντοτε,249.0,-0.9411444444444445
24487,παντοτε,425.0,-0.96098
24487,παντοτε,950.0,-0.982625
