id,word,year,mean_weighted_sentiment
24058,παγος,-490.0,-0.99175
24058,παγος,-353.0,-0.95585
24058,παγος,-149.0,-0.9914
24058,παγος,200.0,-0.98645
24058,παγος,950.0,-0.98455
