id,word,year,mean_weighted_sentiment
25234,πατρικος,-353.0,-0.973
25234,πατρικος,-50.0,-0.9640599999999999
25234,πατρικος,147.0,-0.97295
25234,πατρικος,150.0,-0.8653
25234,πατρικος,425.0,-0.9193
25234,πατρικος,950.0,-0.9589
25234,πατρικος,1127.0,-0.5147
