id,word,year,mean_weighted_sentiment
24149,παιω,-490.0,0.9967
24149,παιω,-450.0,-0.9911000000000001
24149,παιω,-353.0,-0.3231
24149,παιω,-266.0,-0.9705
24149,παιω,-50.0,-0.9557400000000001
24149,παιω,-34.0,-0.9567
24149,παιω,150.0,-0.966825
24149,παιω,152.0,-0.944825
24149,παιω,172.0,-0.9888
24149,παιω,200.0,-0.7542888888888889
24149,παιω,219.0,-0.9567
24149,παιω,350.0,-0.91295
24149,παιω,490.0,-0.9019999999999999
24149,παιω,950.0,-0.9779666666666668
