id,word,year,mean_weighted_sentiment
24472,παντοδαπος,-50.0,-0.9683
24472,παντοδαπος,150.0,-0.9346875000000001
24472,παντοδαπος,425.0,-0.8727
24472,παντοδαπος,490.0,-0.9033
24472,παντοδαπος,950.0,-0.9722999999999999
