id,word,year,mean_weighted_sentiment
24459,πανταχοθεν,-479.0,-0.9852
24459,πανταχοθεν,-50.0,-0.9599153846153846
24459,πανταχοθεν,150.0,-0.9096
24459,πανταχοθεν,200.0,-0.807
24459,πανταχοθεν,350.0,-0.8818
24459,πανταχοθεν,425.0,-0.9307
24459,πανταχοθεν,448.0,-0.9405
24459,πανταχοθεν,490.0,-0.8968
24459,πανταχοθεν,950.0,-0.9806285714285714
24459,πανταχοθεν,1118.0,-0.9649
