id,word,year,mean_weighted_sentiment
24888,παραταξις,-266.0,-0.96814
24888,παραταξις,-50.0,-0.9521333333333333
24888,παραταξις,425.0,-0.9115
24888,παραταξις,950.0,-0.9715
