id,word,year,mean_weighted_sentiment
25224,πατος,-50.0,-0.9665166666666667
25224,πατος,950.0,-0.9822000000000001
