id,word,year,mean_weighted_sentiment
25120,παροιθε,-490.0,-0.9929
25120,παροιθε,-50.0,-0.9740333333333333
25120,παροιθε,200.0,-0.9819
25120,παροιθε,530.0,-0.9899
25120,παροιθε,950.0,-0.9821500000000001
