id,word,year,mean_weighted_sentiment
25285,παχυς,-415.0,-0.9611333333333333
25285,παχυς,-353.0,-0.9714
25285,παχυς,-50.0,-0.97006
25285,παχυς,127.0,-0.9933
25285,παχυς,150.0,-0.92315
25285,παχυς,172.0,-0.9822833333333335
25285,παχυς,200.0,-0.9624571428571428
25285,παχυς,249.0,-0.937
25285,παχυς,447.0,-0.863
25285,παχυς,950.0,-0.9818833333333332
