id,word,year,mean_weighted_sentiment
25201,πασσαλος,-353.0,-0.8855
25201,πασσαλος,-266.0,-0.90718
25201,πασσαλος,-50.0,-0.9699500000000001
25201,πασσαλος,200.0,-0.9612
25201,πασσαλος,219.0,-0.9259
25201,πασσαλος,950.0,-0.98098
