id,word,year,mean_weighted_sentiment
25167,παρουσια,-450.0,-0.6881
25167,παρουσια,-50.0,-0.9561000000000001
25167,παρουσια,182.0,-0.872
25167,παρουσια,200.0,-0.6218833333333333
25167,παρουσια,219.0,-0.97315
