id,word,year,mean_weighted_sentiment
24288,παμπαν,-353.0,-0.87445
24288,παμπαν,-155.0,-0.9907
24288,παμπαν,-50.0,-0.9873
24288,παμπαν,172.0,-0.987625
24288,παμπαν,299.0,0.7783
24288,παμπαν,425.0,-0.8909
24288,παμπαν,550.0,-0.9623
24288,παμπαν,950.0,-0.9581
