id,word,year,mean_weighted_sentiment
24579,παραδοξος,-353.0,-0.9868
24579,παραδοξος,-266.0,0.8606
24579,παραδοξος,-50.0,-0.6444
24579,παραδοξος,152.0,-0.9793
24579,παραδοξος,172.0,-0.9837
24579,παραδοξος,200.0,-0.9726
24579,παραδοξος,219.0,-0.874
24579,παραδοξος,269.0,-0.9776
24579,παραδοξος,320.0,-0.9748333333333333
24579,παραδοξος,350.0,-0.8929
24579,παραδοξος,425.0,-0.9304
24579,παραδοξος,490.0,-0.84625
24579,παραδοξος,950.0,-0.8807
