id,word,year,mean_weighted_sentiment
24964,παρδαλεος,-50.0,-0.9817750000000001
24964,παρδαλεος,150.0,-0.9239333333333333
24964,παρδαλεος,425.0,-0.8478
