id,word,year,mean_weighted_sentiment
25221,πατεω,-450.0,-0.9862
25221,πατεω,-50.0,-0.963075
25221,πατεω,15.0,-0.9203
25221,πατεω,200.0,-0.9198
25221,πατεω,950.0,-0.9817333333333332
