id,word,year,mean_weighted_sentiment
25084,παρθενιος,-490.0,-0.6069
25084,παρθενιος,-415.0,0.9907
25084,παρθενιος,-266.0,-0.9589
25084,παρθενιος,-149.0,0.011050000000000004
25084,παρθενιος,-50.0,-0.7301124999999999
25084,παρθενιος,127.0,-0.9079999999999999
25084,παρθενιος,269.0,-0.8921
25084,παρθενιος,311.0,-0.8983800000000001
25084,παρθενιος,425.0,-0.8675333333333333
25084,παρθενιος,950.0,-0.98214
