id,word,year,mean_weighted_sentiment
25080,παρθενια,-490.0,-0.6069
25080,παρθενια,-415.0,0.9907
25080,παρθενια,-266.0,-0.9589
25080,παρθενια,-149.0,-0.9745
25080,παρθενια,-50.0,-0.9753
25080,παρθενια,127.0,-0.9079999999999999
25080,παρθενια,269.0,-0.8921
25080,παρθενια,311.0,-0.8983800000000001
25080,παρθενια,425.0,-0.8675333333333333
25080,παρθενια,950.0,-0.9831
