id,word,year,mean_weighted_sentiment
24037,παγη,-490.0,-0.9936
24037,παγη,-149.0,-0.9912
24037,παγη,-50.0,-0.9164000000000001
24037,παγη,200.0,-0.99205
24037,παγη,425.0,-0.9451999999999999
