id,word,year,mean_weighted_sentiment
24068,παθητικος,-479.0,-0.8695250000000001
24068,παθητικος,-353.0,-0.9813
24068,παθητικος,-50.0,-0.9516095238095239
24068,παθητικος,150.0,-0.9325
24068,παθητικος,182.0,-0.9755
24068,παθητικος,200.0,-0.9467666666666666
24068,παθητικος,205.0,-0.97525
24068,παθητικος,237.0,-0.9084
24068,παθητικος,350.0,-0.9769
24068,παθητικος,530.0,-0.9577999999999999
24068,παθητικος,550.0,-0.9878499999999999
24068,παθητικος,950.0,-0.9700500000000001
