id,word,year,mean_weighted_sentiment
25096,παριημι,-490.0,0.619
25096,παριημι,-450.0,-0.9907
25096,παριημι,-387.0,-0.9889
25096,παριημι,-266.0,-0.9682666666666666
25096,παριημι,-50.0,-0.8501894736842106
25096,παριημι,150.0,-0.8996
25096,παριημι,152.0,-0.9544
25096,παριημι,200.0,-0.95055
25096,παριημι,237.0,-0.8956500000000001
25096,παριημι,350.0,-0.9042
25096,παριημι,352.0,-0.9924
25096,παριημι,383.0,-0.9505
25096,παριημι,530.0,-0.9575
25096,παριημι,950.0,-0.9832705882352942
