id,word,year,mean_weighted_sentiment
24085,παιδαριον,-266.0,-0.9674499999999999
24085,παιδαριον,150.0,-0.8565999999999999
24085,παιδαριον,490.0,-0.934
24085,παιδαριον,950.0,-0.919
