id,word,year,mean_weighted_sentiment
24848,παρασκευαζω,-387.0,-0.9924
24848,παρασκευαζω,-353.0,-0.928
24848,παρασκευαζω,-50.0,-0.9622999999999999
24848,παρασκευαζω,15.0,0.7692
24848,παρασκευαζω,150.0,-0.9739
24848,παρασκευαζω,200.0,-0.9552
24848,παρασκευαζω,237.0,-0.9295
24848,παρασκευαζω,352.0,-0.749
24848,παρασκευαζω,490.0,-0.86695
24848,παρασκευαζω,1118.0,-0.952
