id,word,year,mean_weighted_sentiment
25257,πατρωος,-490.0,-0.9923
25257,πατρωος,-450.0,0.9908
25257,πατρωος,-353.0,-0.983
25257,πατρωος,-50.0,-0.9456
25257,πατρωος,15.0,-0.9399
25257,πατρωος,150.0,-0.9797
25257,πατρωος,200.0,-0.9834
25257,πατρωος,299.0,-0.9357
25257,πατρωος,350.0,-0.945225
25257,πατρωος,425.0,-0.9127000000000001
25257,πατρωος,950.0,-0.9777888888888889
