id,word,year,mean_weighted_sentiment
24402,πανημεριος,-50.0,-0.9740333333333333
24402,πανημεριος,269.0,-0.9879000000000001
24402,πανημεριος,425.0,-0.9693
