id,word,year,mean_weighted_sentiment
24141,παιονες,-50.0,-0.6423333333333333
24141,παιονες,127.0,-0.8939
24141,παιονες,150.0,-0.9925
24141,παιονες,490.0,-0.90865
24141,παιονες,950.0,-0.9859
