id,word,year,mean_weighted_sentiment
24073,παιαν,-50.0,-0.8308000000000001
24073,παιαν,150.0,-0.961
24073,παιαν,172.0,-0.9888
24073,παιαν,200.0,-0.59382
24073,παιαν,350.0,-0.8956
24073,παιαν,490.0,-0.9285
24073,παιαν,950.0,-0.9713
