id,word,year,mean_weighted_sentiment
24567,παραδεισος,-266.0,-0.5305249999999999
24567,παραδεισος,311.0,-0.9622999999999999
24567,παραδεισος,425.0,-0.9816
