id,word,year,mean_weighted_sentiment
24040,παγις,-500.0,-0.9882
24040,παγις,-266.0,-0.86698125
24040,παγις,200.0,-0.9611666666666667
