id,word,year,mean_weighted_sentiment
26092,πευκη,-149.0,-0.9921500000000001
26092,πευκη,-50.0,-0.9761875
26092,πευκη,127.0,-0.94905
26092,πευκη,200.0,-0.9920200000000001
