id,word,year,mean_weighted_sentiment
25555,περθω,-266.0,-0.862
25555,περθω,-50.0,-0.9498000000000001
25555,περθω,127.0,-0.9350666666666667
25555,περθω,150.0,-0.7983148148148148
25555,περθω,152.0,0.5338
25555,περθω,350.0,-0.7968500000000001
25555,περθω,425.0,-0.94654
25555,περθω,490.0,-0.91733
