id,word,year,mean_weighted_sentiment
25904,περιστασις,-353.0,-0.9907
25904,περιστασις,-50.0,-0.9743666666666666
25904,περιστασις,150.0,-0.93535
25904,περιστασις,200.0,-0.9704750000000001
