id,word,year,mean_weighted_sentiment
25689,περικεφαλαια,-266.0,-0.9034
25689,περικεφαλαια,-50.0,-0.9555894736842104
25689,περικεφαλαια,150.0,-0.992
25689,περικεφαλαια,950.0,-0.7120857142857143
