id,word,year,mean_weighted_sentiment
25369,πελαγος,-490.0,-0.9931
25369,πελαγος,-450.0,-0.99255
25369,πελαγος,-353.0,-0.5723999999999999
25369,πελαγος,-149.0,-0.9853
25369,πελαγος,-50.0,-0.9439833333333334
25369,πελαγος,15.0,-0.9578333333333333
25369,πελαγος,127.0,-0.9332333333333334
25369,πελαγος,150.0,-0.9399
25369,πελαγος,152.0,-0.8621
25369,πελαγος,425.0,-0.9082333333333333
25369,πελαγος,490.0,-0.8559
25369,πελαγος,950.0,-0.9817999999999999
