id,word,year,mean_weighted_sentiment
25370,πελαζω,-490.0,-0.9899
25370,πελαζω,-450.0,-0.3983666666666667
25370,πελαζω,-155.0,-0.9601
25370,πελαζω,-50.0,-0.790425
25370,πελαζω,-34.0,0.9967
25370,πελαζω,200.0,-0.9562352941176471
25370,πελαζω,425.0,-0.8586
25370,πελαζω,950.0,-0.9681500000000001
