id,word,year,mean_weighted_sentiment
25336,πειναω,-266.0,-0.97245
25336,πειναω,-50.0,-0.9442166666666666
25336,πειναω,15.0,-0.9391
25336,πειναω,200.0,-0.9916
25336,πειναω,950.0,-0.9823999999999998
