id,word,year,mean_weighted_sentiment
26037,περσεφονη,-50.0,-0.9230333333333333
26037,περσεφονη,150.0,-0.9582
26037,περσεφονη,490.0,-0.9216166666666665
