id,word,year,mean_weighted_sentiment
25389,πελεκαω,-266.0,-0.9895
25389,πελεκαω,-50.0,-0.9485750000000001
25389,πελεκαω,200.0,-0.9946
25389,πελεκαω,950.0,-0.9831000000000001
