id,word,year,mean_weighted_sentiment
25786,περιουσια,-149.0,-0.9925
25786,περιουσια,-50.0,-0.9255
25786,περιουσια,15.0,-0.8654999999999999
25786,περιουσια,150.0,-0.9764
25786,περιουσια,152.0,-0.948
25786,περιουσια,200.0,-0.2835666666666667
25786,περιουσια,350.0,-0.9368
