id,word,year,mean_weighted_sentiment
25307,πεδον,-490.0,0.33486666666666665
25307,πεδον,-450.0,-0.9915
25307,πεδον,-50.0,-0.9724600000000001
25307,πεδον,950.0,-0.979325
