id,word,year,mean_weighted_sentiment
25791,περιπατεω,-266.0,-0.981
25791,περιπατεω,-50.0,-0.9499500000000001
25791,περιπατεω,49.0,-0.9161
25791,περιπατεω,150.0,-0.8816999999999999
25791,περιπατεω,200.0,-0.9769
25791,περιπατεω,950.0,-0.9606
