id,word,year,mean_weighted_sentiment
25973,περιφερεια,-353.0,-0.9093
25973,περιφερεια,-300.0,-0.9503857142857142
25973,περιφερεια,-155.0,-0.9586
25973,περιφερεια,-50.0,-0.9310499999999999
25973,περιφερεια,150.0,-0.9491285714285713
25973,περιφερεια,172.0,-0.9913
25973,περιφερεια,320.0,-0.9481347826086958
25973,περιφερεια,950.0,-0.9906
