id,word,year,mean_weighted_sentiment
25342,πειραρ,-155.0,-0.8847999999999999
25342,πειραρ,-50.0,-0.980525
25342,πειραρ,147.0,-0.96165
25342,πειραρ,150.0,-0.9402333333333334
25342,πειραρ,172.0,-0.9911
25342,πειραρ,200.0,-0.9726333333333333
25342,πειραρ,350.0,-0.9799
25342,πειραρ,490.0,-0.822
25342,πειραρ,950.0,-0.9914
