id,word,year,mean_weighted_sentiment
26039,περσης,-266.0,-0.862
26039,περσης,-155.0,-0.8574999999999999
26039,περσης,-50.0,-0.9498000000000001
26039,περσης,127.0,-0.9350666666666667
26039,περσης,150.0,-0.8049321428571428
26039,περσης,152.0,0.5338
26039,περσης,350.0,-0.7968500000000001
26039,περσης,425.0,-0.94654
26039,περσης,490.0,-0.91733
