id,word,year,mean_weighted_sentiment
25436,πενθεω,-266.0,-0.9875333333333334
25436,πενθεω,-50.0,-0.9525
25436,πενθεω,152.0,-0.9442
25436,πενθεω,350.0,-0.9574499999999999
25436,πενθεω,950.0,-0.9765
25436,πενθεω,1118.0,-0.9684
