id,word,year,mean_weighted_sentiment
25393,πελεκυς,-353.0,-0.8771
25393,πελεκυς,-266.0,-0.9895
25393,πελεκυς,-50.0,-0.9532615384615384
25393,πελεκυς,200.0,-0.9872799999999999
25393,πελεκυς,950.0,-0.9911
