id,word,year,mean_weighted_sentiment
26082,πετρος,-550.0,-0.9864
26082,πετρος,-500.0,-0.991
26082,πετρος,-450.0,-0.9884
26082,πετρος,-353.0,-0.898
26082,πετρος,-266.0,-0.9509000000000001
26082,πετρος,-50.0,-0.9565
26082,πετρος,152.0,-0.9184
26082,πετρος,182.0,-0.9243666666666667
26082,πετρος,200.0,0.6009
26082,πετρος,219.0,-0.96585
26082,πετρος,335.0,-0.8901
26082,πετρος,425.0,-0.9183090909090909
26082,πετρος,950.0,-0.9785833333333334
26082,πετρος,1118.0,-0.9679333333333334
