id,word,year,mean_weighted_sentiment
25380,πελας,-490.0,-0.9928
25380,πελας,-450.0,-0.23294285714285712
25380,πελας,-34.0,0.9967
25380,πελας,200.0,-0.95393125
