id,word,year,mean_weighted_sentiment
25414,πελωρος,-50.0,-0.46368750000000003
25414,πελωρος,205.0,-0.9775
25414,πελωρος,950.0,-0.9912666666666666
