id,word,year,mean_weighted_sentiment
25767,περιοδος,-550.0,-0.9845
25767,περιοδος,-149.0,-0.9403
25767,περιοδος,-50.0,-0.7443444444444444
25767,περιοδος,147.0,-0.9581333333333334
25767,περιοδος,150.0,-0.9801
25767,περιοδος,182.0,-0.8807
25767,περιοδος,448.0,-0.9367500000000001
25767,περιοδος,530.0,-0.9781
25767,περιοδος,950.0,-0.982325
