id,word,year,mean_weighted_sentiment
25671,περιιστημι,-353.0,-0.9907
25671,περιιστημι,-50.0,-0.9763428571428571
25671,περιιστημι,150.0,-0.9659
25671,περιιστημι,200.0,-0.9598999999999999
25671,περιιστημι,350.0,-0.9402999999999999
25671,περιιστημι,490.0,-0.9017
