id,word,year,mean_weighted_sentiment
25793,περιπατος,-266.0,-0.9696
25793,περιπατος,-50.0,-0.9125
25793,περιπατος,147.0,-0.9366
25793,περιπατος,150.0,-0.8976666666666667
25793,περιπατος,200.0,-0.9769
25793,περιπατος,352.0,0.6822
25793,περιπατος,950.0,-0.95975
