id,word,year,mean_weighted_sentiment
25974,περιφερης,-353.0,-0.9872
25974,περιφερης,-300.0,-0.8171
25974,περιφερης,-50.0,-0.9601416666666668
25974,περιφερης,150.0,-0.9385
25974,περιφερης,352.0,-0.97205
25974,περιφερης,950.0,-0.979
