id,word,year,mean_weighted_sentiment
25745,περιμετρον,-266.0,-0.9851
25745,περιμετρον,-50.0,-0.9458
25745,περιμετρον,150.0,-0.9470666666666667
25745,περιμετρον,249.0,-0.9704
25745,περιμετρον,320.0,-0.8734666666666667
