id,word,year,mean_weighted_sentiment
25294,πεδιας,-490.0,-0.9772
25294,πεδιας,-450.0,-0.9865666666666666
25294,πεδιας,-266.0,-0.33143333333333336
25294,πεδιας,-149.0,-0.992
25294,πεδιας,-50.0,-0.9586
25294,πεδιας,127.0,-0.9729
25294,πεδιας,950.0,-0.99275
