id,word,year,mean_weighted_sentiment
25367,πελαγιος,-149.0,-0.99035
25367,πελαγιος,-50.0,-0.952
25367,πελαγιος,150.0,-0.94275
25367,πελαγιος,425.0,-0.03310000000000002
