id,word,year,mean_weighted_sentiment
25898,περισσος,-479.0,-0.9578500000000001
25898,περισσος,-450.0,-0.9927
25898,περισσος,-353.0,-0.9275
25898,περισσος,-266.0,-0.95975
25898,περισσος,-50.0,-0.809676923076923
25898,περισσος,-34.0,-0.979
25898,περισσος,15.0,-0.9496
25898,περισσος,90.0,-0.97065
25898,περισσος,200.0,-0.9777374999999999
25898,περισσος,350.0,-0.9068
25898,περισσος,359.0,-0.9898
25898,περισσος,425.0,-0.8987
25898,περισσος,550.0,-0.9223
25898,περισσος,950.0,-0.9769888888888888
