id,word,year,mean_weighted_sentiment
25526,πεπλος,-500.0,-0.9906
25526,πεπλος,-50.0,-0.95234
25526,πεπλος,200.0,-0.9907
25526,πεπλος,269.0,-0.9697
25526,πεπλος,311.0,-0.9794
25526,πεπλος,950.0,-0.986025
