id,word,year,mean_weighted_sentiment
25446,πενθος,-500.0,-0.9909
25446,πενθος,-450.0,-0.989
25446,πενθος,-266.0,-0.9662857142857142
25446,πενθος,-50.0,-0.968004347826087
25446,πενθος,150.0,-0.9207666666666667
25446,πενθος,490.0,-0.8861
25446,πενθος,950.0,-0.9765
25446,πενθος,1118.0,-0.95
