id,word,year,mean_weighted_sentiment
25341,πειρα,-500.0,-0.9909
25341,πειρα,-450.0,-0.9898
25341,πειρα,-50.0,-0.9648666666666667
25341,πειρα,147.0,-0.96165
25341,πειρα,150.0,-0.905425
25341,πειρα,172.0,-0.9919
25341,πειρα,200.0,-0.9618916666666668
25341,πειρα,299.0,-0.8623
25341,πειρα,350.0,-0.9799
25341,πειρα,425.0,-0.9060666666666668
25341,πειρα,490.0,-0.822
25341,πειρα,550.0,-0.941
25341,πειρα,950.0,-0.9649444444444444
