id,word,year,mean_weighted_sentiment
25348,πειρατης,-155.0,-0.8847999999999999
25348,πειρατης,-50.0,-0.95666
25348,πειρατης,150.0,-0.9673
25348,πειρατης,350.0,-0.8749
25348,πειρατης,550.0,-0.8989
25348,πειρατης,950.0,-0.9923
