id,word,year,mean_weighted_sentiment
25402,πελοποννησος,-149.0,-0.9435399999999999
25402,πελοποννησος,-50.0,-0.9624166666666666
25402,πελοποννησος,127.0,-0.9543333333333334
25402,πελοποννησος,150.0,-0.9521600000000001
