id,word,year,mean_weighted_sentiment
25288,πεδαω,-490.0,0.0014875000000000305
25288,πεδαω,-450.0,-0.9844
25288,πεδαω,-266.0,-0.9652913043478262
25288,πεδαω,-50.0,-0.785754716981132
25288,πεδαω,147.0,-0.9565
25288,πεδαω,150.0,-0.9810714285714287
25288,πεδαω,172.0,-0.9884
25288,πεδαω,200.0,-0.980675
25288,πεδαω,269.0,-0.98735
25288,πεδαω,448.0,-0.9418
25288,πεδαω,490.0,-0.9172
25288,πεδαω,950.0,-0.9087392857142857
