id,word,year,mean_weighted_sentiment
26070,πετρα,-550.0,-0.9864
26070,πετρα,-500.0,-0.9869
26070,πετρα,-490.0,-0.9919833333333333
26070,πετρα,-353.0,-0.9636250000000001
26070,πετρα,-266.0,-0.7516941176470587
26070,πετρα,-50.0,-0.8454875000000001
26070,πετρα,49.0,-0.9359
26070,πετρα,127.0,-0.96678
26070,πετρα,150.0,-0.9622
26070,πετρα,152.0,-0.9184
26070,πετρα,200.0,-0.8668
26070,πετρα,269.0,-0.994
26070,πετρα,950.0,-0.9834923076923074
26070,πετρα,1118.0,-0.9697
