id,word,year,mean_weighted_sentiment
25335,πεινα,-50.0,-0.94743
25335,πεινα,200.0,-0.9916
25335,πεινα,950.0,-0.9804999999999999
