id,word,year,mean_weighted_sentiment
25411,πελω,-500.0,-0.9916
25411,πελω,-490.0,-0.9894000000000001
25411,πελω,-155.0,-0.99295
25411,πελω,-50.0,-0.8529611111111112
25411,πελω,127.0,-0.8507
25411,πελω,150.0,-0.9069666666666668
25411,πελω,200.0,-0.9918
25411,πελω,269.0,-0.99135
25411,πελω,299.0,-0.9899
25411,πελω,335.0,-0.9883
25411,πελω,950.0,-0.9829714285714285
