id,word,year,mean_weighted_sentiment
25530,πεπων,-50.0,-0.9165266666666667
25530,πεπων,172.0,-0.9904
25530,πεπων,950.0,-0.9607249999999999
