id,word,year,mean_weighted_sentiment
25591,περιβολος,-266.0,0.009050000000000002
25591,περιβολος,-50.0,-0.9748333333333333
25591,περιβολος,425.0,-0.90415
25591,περιβολος,950.0,-0.9682
