id,word,year,mean_weighted_sentiment
25413,πελωρον,-50.0,-0.46368750000000003
25413,πελωρον,205.0,-0.9775
25413,πελωρον,950.0,-0.9912666666666666
