id,word,year,mean_weighted_sentiment
26041,περσικος,-149.0,-0.9916
26041,περσικος,127.0,-0.9761000000000001
26041,περσικος,150.0,-0.9349999999999999
26041,περσικος,425.0,-0.9153
