id,word,year,mean_weighted_sentiment
25502,πεντηκοντα,-353.0,-0.9827
25502,πεντηκοντα,-149.0,-0.9716999999999999
25502,πεντηκοντα,-50.0,-0.9536999999999999
25502,πεντηκοντα,150.0,-0.8565
25502,πεντηκοντα,425.0,-0.9253
25502,πεντηκοντα,950.0,-0.9923
