id,word,year,mean_weighted_sentiment
25379,πελασγος,-149.0,-0.99075
25379,πελασγος,-50.0,-0.9422499999999999
25379,πελασγος,150.0,-0.9513
