id,word,year,mean_weighted_sentiment
25310,πεζα,-353.0,-0.9221199999999999
25310,πεζα,-266.0,-0.970975
25310,πεζα,-50.0,-0.95856
25310,πεζα,127.0,-0.9903
25310,πεζα,150.0,-0.9318
25310,πεζα,172.0,-0.99
25310,πεζα,200.0,-0.9175
25310,πεζα,269.0,-0.9734
25310,πεζα,490.0,-0.8817999999999999
25310,πεζα,950.0,-0.9746833333333332
