id,word,year,mean_weighted_sentiment
26036,περσευς,-155.0,-0.9109791666666668
26036,περσευς,-50.0,-0.9631399999999999
26036,περσευς,127.0,-0.9272
26036,περσευς,150.0,-0.76716
26036,περσευς,152.0,0.5338
26036,περσευς,350.0,-0.6213
26036,περσευς,490.0,-0.9193
