id,word,year,mean_weighted_sentiment
26084,πετροω,-550.0,-0.9864
26084,πετροω,-450.0,-0.9884
26084,πετροω,-353.0,-0.898
26084,πετροω,-266.0,-0.9509000000000001
26084,πετροω,-50.0,-0.9507
26084,πετροω,152.0,-0.9184
26084,πετροω,200.0,0.6009
26084,πετροω,425.0,-0.9228666666666667
26084,πετροω,950.0,-0.9777800000000001
26084,πετροω,1118.0,-0.9679333333333334
