id,word,year,mean_weighted_sentiment
26033,περ,-500.0,-0.4604
26033,περ,-450.0,-0.9881
26033,περ,-353.0,-0.9662
26033,περ,-155.0,-0.9788857142857142
26033,περ,-50.0,-0.9185909090909091
26033,περ,15.0,-0.9907
26033,περ,150.0,-0.9127
26033,περ,172.0,-0.9892333333333333
26033,περ,269.0,-0.8201583333333332
26033,περ,950.0,-0.9659125
