id,word,year,mean_weighted_sentiment
25289,πεδη,-490.0,-0.49600000000000005
25289,πεδη,-266.0,-0.9757142857142858
25289,πεδη,150.0,-0.9705
25289,πεδη,950.0,-0.981375
