id,word,year,mean_weighted_sentiment
25553,περδιξ,-266.0,-0.9651
25553,περδιξ,150.0,-0.9916
25553,περδιξ,200.0,-0.7800499999999999
25553,περδιξ,950.0,-0.9899333333333334
