id,word,year,mean_weighted_sentiment
25331,πειθος,-50.0,-0.9569666666666665
25331,πειθος,150.0,-0.95065
25331,πειθος,200.0,-0.962
25331,πειθος,237.0,-0.8779
25331,πειθος,311.0,-0.9494
25331,πειθος,350.0,-0.9618500000000001
25331,πειθος,425.0,-0.901
25331,πειθος,950.0,-0.9870833333333332
