id,word,year,mean_weighted_sentiment
25768,περιοιδα,-479.0,-0.9578500000000001
25768,περιοιδα,-50.0,-0.9140750000000001
25768,περιοιδα,-34.0,-0.979
25768,περιοιδα,350.0,-0.9068
25768,περιοιδα,425.0,-0.8987
25768,περιοιδα,550.0,-0.9223
25768,περιοιδα,950.0,-0.9699666666666666
