id,word,year,mean_weighted_sentiment
26133,πηλος,-500.0,-0.9825
26133,πηλος,-353.0,0.7227
26133,πηλος,-266.0,-0.9584666666666667
26133,πηλος,-50.0,-0.9520666666666667
26133,πηλος,150.0,-0.9478500000000001
26133,πηλος,200.0,-0.21189999999999998
26133,πηλος,350.0,-0.8374
26133,πηλος,352.0,-0.9913
26133,πηλος,950.0,-0.9722230769230769
