id,word,year,mean_weighted_sentiment
26104,πηγας,-266.0,-0.962875
26104,πηγας,-50.0,-0.918725
26104,πηγας,150.0,-0.96485
26104,πηγας,350.0,-0.9566
26104,πηγας,425.0,-0.9479
