id,word,year,mean_weighted_sentiment
26108,πηγνυμι,-479.0,-0.9877
26108,πηγνυμι,-415.0,-0.9841
26108,πηγνυμι,-387.0,-0.993
26108,πηγνυμι,-353.0,-0.9707
26108,πηγνυμι,-266.0,-0.6821
26108,πηγνυμι,-50.0,-0.9508833333333335
26108,πηγνυμι,49.0,-0.8882
26108,πηγνυμι,150.0,-0.9324
26108,πηγνυμι,200.0,-0.9684499999999999
26108,πηγνυμι,269.0,-0.9856
26108,πηγνυμι,350.0,-0.8769
26108,πηγνυμι,425.0,-0.96305
26108,πηγνυμι,530.0,-0.9605
26108,πηγνυμι,950.0,-0.9800095238095236
