id,word,year,mean_weighted_sentiment
26164,πηχυς,-155.0,-0.8822
26164,πηχυς,-50.0,-0.96114
26164,πηχυς,127.0,-0.9933
26164,πηχυς,150.0,-0.9325863636363639
26164,πηχυς,269.0,0.9711
26164,πηχυς,447.0,-0.863
26164,πηχυς,950.0,-0.972725
