id,word,year,mean_weighted_sentiment
26143,πημονη,-490.0,-0.9582799999999999
26143,πημονη,200.0,-0.9857499999999999
