id,word,year,mean_weighted_sentiment
26142,πημα,-490.0,-0.954175
26142,πημα,-450.0,-0.8827
26142,πημα,-50.0,-0.9690600000000001
26142,πημα,269.0,-0.9821
26142,πημα,950.0,-0.988
