id,word,year,mean_weighted_sentiment
26106,πηγη,-490.0,-0.9914499999999999
26106,πηγη,-479.0,-0.9877
26106,πηγη,-415.0,-0.9841
26106,πηγη,-266.0,-0.7845818181818182
26106,πηγη,-149.0,-0.9912
26106,πηγη,-50.0,-0.9323100000000002
26106,πηγη,49.0,-0.8882
26106,πηγη,127.0,-0.9901
26106,πηγη,150.0,-0.9274555555555555
26106,πηγη,200.0,-0.9920199999999999
26106,πηγη,299.0,-0.16595000000000004
26106,πηγη,350.0,-0.9566
26106,πηγη,425.0,-0.9458749999999999
26106,πηγη,950.0,-0.9791500000000001
