id,word,year,mean_weighted_sentiment
26186,πιθανος,-50.0,-0.9426655172413793
26186,πιθανος,150.0,-0.9174000000000001
26186,πιθανος,350.0,-0.8135
26186,πιθανος,448.0,-0.9667
26186,πιθανος,950.0,-0.9891
