id,word,year,mean_weighted_sentiment
26267,πιστος,-490.0,-0.9907
26267,πιστος,-266.0,-0.7161066666666667
26267,πιστος,-50.0,-0.9597857142857145
26267,πιστος,49.0,-0.95465
26267,πιστος,80.0,-0.9471
26267,πιστος,147.0,-0.9034
26267,πιστος,150.0,-0.96395
26267,πιστος,152.0,-0.9779
26267,πιστος,172.0,0.8232
26267,πιστος,182.0,-0.9606333333333333
26267,πιστος,219.0,-0.9087
26267,πιστος,299.0,-0.9889
26267,πιστος,352.0,-0.9908
26267,πιστος,425.0,-0.8391777777777778
26267,πιστος,490.0,-0.8696
