id,word,year,mean_weighted_sentiment
26190,πιθηκος,150.0,-0.9915
26190,πιθηκος,200.0,-0.92455
26190,πιθηκος,950.0,-0.9895999999999999
