id,word,year,mean_weighted_sentiment
26210,πιλος,-50.0,-0.976025
26210,πιλος,950.0,-0.9834499999999999
