id,word,year,mean_weighted_sentiment
26235,πινος,-50.0,-0.9577
26235,πινος,15.0,-0.9923
26235,πινος,200.0,-0.9834800000000001
26235,πινος,950.0,-0.9883833333333335
