id,word,year,mean_weighted_sentiment
26287,πιων,-353.0,-0.9403
26287,πιων,-266.0,-0.9336000000000001
26287,πιων,-50.0,-0.9779333333333332
26287,πιων,950.0,-0.9792500000000001
