id,word,year,mean_weighted_sentiment
26193,πιθος,-490.0,0.9953
26193,πιθος,-50.0,-0.9666700000000003
26193,πιθος,150.0,-0.9655333333333335
26193,πιθος,200.0,-0.48195
26193,πιθος,448.0,-0.96
26193,πιθος,950.0,-0.9788999999999998
