id,word,year,mean_weighted_sentiment
26243,πιος,-266.0,-0.9827
26243,πιος,-50.0,-0.9772666666666666
26243,πιος,150.0,-0.9889
26243,πιος,950.0,-0.9806888888888889
