id,word,year,mean_weighted_sentiment
26167,πιαρ,-353.0,-0.9857499999999999
26167,πιαρ,-50.0,-0.9044333333333334
