id,word,year,mean_weighted_sentiment
26262,πιστευω,-353.0,-0.9898
26262,πιστευω,-266.0,-0.9454166666666667
26262,πιστευω,-50.0,-0.9431
26262,πιστευω,15.0,0.9918
26262,πιστευω,150.0,-0.8877999999999999
26262,πιστευω,152.0,-0.9243
26262,πιστευω,200.0,-0.6428166666666667
26262,πιστευω,219.0,-0.9069
26262,πιστευω,311.0,-0.8943
26262,πιστευω,335.0,-0.9166
26262,πιστευω,425.0,-0.9396666666666667
26262,πιστευω,490.0,-0.9426
