id,word,year,mean_weighted_sentiment
26215,πιμελης,-353.0,-0.34813333333333335
26215,πιμελης,-50.0,-0.9451499999999999
26215,πιμελης,200.0,-0.962
26215,πιμελης,950.0,-0.9873
