id,word,year,mean_weighted_sentiment
26255,πισσα,-353.0,0.997
26255,πισσα,-266.0,-0.94385
26255,πισσα,-50.0,-0.9643999999999999
26255,πισσα,950.0,-0.9549500000000001
