id,word,year,mean_weighted_sentiment
26172,πιδαξ,-50.0,-0.9652636363636362
26172,πιδαξ,950.0,-0.9717666666666668
