id,word,year,mean_weighted_sentiment
26214,πιμελη,-353.0,-0.471075
26214,πιμελη,-50.0,-0.9615600000000001
26214,πιμελη,200.0,-0.962
26214,πιμελη,950.0,-0.98925
