id,word,year,mean_weighted_sentiment
26310,πλανης,-490.0,-0.9904999999999999
26310,πλανης,-50.0,-0.9566666666666667
26310,πλανης,147.0,-0.84505
26310,πλανης,150.0,-0.9772000000000001
26310,πλανης,269.0,-0.9739
26310,πλανης,299.0,-0.9884
26310,πλανης,425.0,-0.8035333333333333
26310,πλανης,950.0,-0.9635
