id,word,year,mean_weighted_sentiment
26444,πλινθιον,-155.0,-0.9192999999999999
26444,πλινθιον,-50.0,-0.9754999999999999
26444,πλινθιον,150.0,-0.9476
26444,πλινθιον,249.0,-0.9461
26444,πλινθιον,950.0,-0.984025
