id,word,year,mean_weighted_sentiment
26405,πληγη,-450.0,-0.9931000000000001
26405,πληγη,-415.0,-0.9739
26405,πληγη,-266.0,-0.9666222222222223
26405,πληγη,-50.0,-0.9595451612903226
26405,πληγη,15.0,-0.9515
26405,πληγη,49.0,-0.9893
26405,πληγη,150.0,-0.94765
26405,πληγη,152.0,-0.9266
26405,πληγη,172.0,-0.9917666666666666
26405,πληγη,269.0,-0.9579
26405,πληγη,350.0,-0.937925
26405,πληγη,425.0,-0.97655
26405,πληγη,490.0,-0.9038
26405,πληγη,950.0,-0.9841000000000001
