id,word,year,mean_weighted_sentiment
26463,πλοος,-149.0,-0.5833999999999999
26463,πλοος,-50.0,-0.9608555555555556
26463,πλοος,150.0,-0.9085000000000001
26463,πλοος,152.0,-0.9725333333333334
26463,πλοος,299.0,-0.9899
26463,πλοος,950.0,-0.985225
