id,word,year,mean_weighted_sentiment
26290,πλαγιος,-415.0,-0.9723
26290,πλαγιος,-50.0,-0.9641933333333331
26290,πλαγιος,127.0,-0.9645
26290,πλαγιος,150.0,-0.92845
26290,πλαγιος,172.0,-0.9861
26290,πλαγιος,448.0,-0.9761
26290,πλαγιος,950.0,-0.9837142857142857
