id,word,year,mean_weighted_sentiment
26429,πληροω,-266.0,-0.7909
26429,πληροω,-50.0,-0.7897923076923077
26429,πληροω,237.0,-0.8896
26429,πληροω,352.0,-0.9229
26429,πληροω,425.0,-0.8834
26429,πληροω,490.0,-0.8658
26429,πληροω,530.0,-0.9837
26429,πληροω,950.0,-0.977475
