id,word,year,mean_weighted_sentiment
26411,πληθω,-353.0,-0.9628749999999999
26411,πληθω,-266.0,-0.97324
26411,πληθω,-249.0,-0.95695
26411,πληθω,-155.0,-0.8504
26411,πληθω,-50.0,-0.9484266666666665
26411,πληθω,237.0,-0.9084
26411,πληθω,249.0,-0.9513
26411,πληθω,269.0,-0.9837
26411,πληθω,950.0,-0.97746
