id,word,year,mean_weighted_sentiment
26457,πλοιον,-266.0,-0.9602250000000001
26457,πλοιον,-50.0,-0.92615
26457,πλοιον,150.0,-0.8723000000000001
26457,πλοιον,200.0,-0.974975
26457,πλοιον,350.0,-0.92935
26457,πλοιον,490.0,-0.8865000000000001
26457,πλοιον,950.0,-0.9849729166666666
26457,πλοιον,1118.0,-0.9468
