id,word,year,mean_weighted_sentiment
26440,πλησσω,-450.0,-0.9931000000000001
26440,πλησσω,-353.0,0.7227
26440,πλησσω,-266.0,-0.9666666666666668
26440,πλησσω,-50.0,-0.956932857142857
26440,πλησσω,49.0,-0.9893
26440,πλησσω,150.0,-0.96334
26440,πλησσω,152.0,-0.9266
26440,πλησσω,172.0,-0.9895
26440,πλησσω,350.0,-0.9204333333333334
26440,πλησσω,359.0,-0.9768
26440,πλησσω,425.0,-0.99
26440,πλησσω,448.0,-0.9509
26440,πλησσω,490.0,-0.88455
26440,πλησσω,950.0,-0.98178
