id,word,year,mean_weighted_sentiment
26477,πλουτος,-450.0,-0.9911
26477,πλουτος,-387.0,-0.6853
26477,πλουτος,-353.0,-0.9655
26477,πλουτος,-266.0,-0.734625
26477,πλουτος,-50.0,-0.9906
26477,πλουτος,15.0,-0.9688
26477,πλουτος,150.0,-0.4793
26477,πλουτος,200.0,-0.9852
26477,πλουτος,350.0,-0.95095
26477,πλουτος,950.0,-0.9621333333333334
