id,word,year,mean_weighted_sentiment
26392,πλεονεξια,-415.0,-0.9704
26392,πλεονεξια,-353.0,-0.9804
26392,πλεονεξια,150.0,-0.9675499999999999
26392,πλεονεξια,200.0,-0.9604666666666667
26392,πλεονεξια,425.0,-0.9393
26392,πλεονεξια,490.0,-0.8358
26392,πλεονεξια,950.0,-0.9788333333333333
