id,word,year,mean_weighted_sentiment
26323,πλασσω,-353.0,0.7227
26323,πλασσω,-266.0,0.29996666666666666
26323,πλασσω,-50.0,-0.65312
26323,πλασσω,150.0,-0.9792666666666667
26323,πλασσω,200.0,-0.9925
26323,πλασσω,359.0,-0.9768
26323,πλασσω,448.0,-0.9509
26323,πλασσω,950.0,-0.97858
