id,word,year,mean_weighted_sentiment
26426,πληρης,-450.0,-0.9933
26426,πληρης,-353.0,-0.9394666666666667
26426,πληρης,-266.0,-0.90122
26426,πληρης,-50.0,-0.8706464285714285
26426,πληρης,147.0,-0.9377571428571427
26426,πληρης,200.0,-0.9587857142857142
26426,πληρης,269.0,-0.9868
26426,πληρης,311.0,-0.9244
26426,πληρης,352.0,-0.9229
26426,πληρης,359.0,-0.9907
26426,πληρης,425.0,-0.8871
26426,πληρης,530.0,-0.9605
26426,πληρης,950.0,-0.97905
