id,word,year,mean_weighted_sentiment
26479,πλουτων,-490.0,-0.9918
26479,πλουτων,-266.0,-0.928
26479,πλουτων,-50.0,-0.9273
26479,πλουτων,150.0,-0.45775000000000005
26479,πλουτων,200.0,-0.9852
26479,πλουτων,350.0,-0.9502
26479,πλουτων,950.0,-0.9621333333333334
