id,word,year,mean_weighted_sentiment
26333,πλαταια,-50.0,-0.97445
26333,πλαταια,150.0,-0.9187000000000001
26333,πλαταια,950.0,-0.9896
