id,word,year,mean_weighted_sentiment
26467,πλουτεω,-550.0,0.9902
26467,πλουτεω,-490.0,-0.9867
26467,πλουτεω,-450.0,-0.9883500000000001
26467,πλουτεω,-353.0,-0.9412
26467,πλουτεω,-266.0,-0.6809923076923077
26467,πλουτεω,-50.0,-0.707525
26467,πλουτεω,150.0,-0.63115
26467,πλουτεω,200.0,-0.97584
26467,πλουτεω,219.0,-0.9661
26467,πλουτεω,350.0,-0.9093
26467,πλουτεω,490.0,-0.8461
26467,πλουτεω,950.0,-0.9761833333333334
