id,word,year,mean_weighted_sentiment
26291,πλαγιοω,-415.0,-0.9723
26291,πλαγιοω,-50.0,-0.9701857142857143
26291,πλαγιοω,150.0,-0.9851
26291,πλαγιοω,950.0,-0.9753333333333333
