id,word,year,mean_weighted_sentiment
26375,πλειων,-490.0,-0.816
26375,πλειων,-353.0,-0.956
26375,πλειων,-50.0,-0.9736800000000001
26375,πλειων,219.0,-0.9444
26375,πλειων,350.0,-0.8552
26375,πλειων,950.0,-0.98715
