id,word,year,mean_weighted_sentiment
26465,πλουσιος,-387.0,-0.9911
26465,πλουσιος,-353.0,-0.9602499999999999
26465,πλουσιος,-266.0,-0.8636894736842106
26465,πλουσιος,-50.0,-0.9372222222222223
26465,πλουσιος,15.0,-0.9446666666666667
26465,πλουσιος,49.0,-0.9236
26465,πλουσιος,127.0,-0.9619
26465,πλουσιος,147.0,-0.9458
26465,πλουσιος,150.0,-0.9484749999999998
26465,πλουσιος,152.0,-0.9558
26465,πλουσιος,200.0,-0.943725
26465,πλουσιος,350.0,-0.7951357142857143
