id,word,year,mean_weighted_sentiment
26308,πλανη,-490.0,-0.9819400000000001
26308,πλανη,-266.0,-0.9788
26308,πλανη,-149.0,-0.9932
26308,πλανη,-50.0,-0.9576600000000001
26308,πλανη,147.0,-0.8592
26308,πλανη,150.0,-0.9722333333333334
26308,πλανη,182.0,-0.9268
26308,πλανη,200.0,-0.9728
26308,πλανη,219.0,-0.9264
26308,πλανη,269.0,-0.9929
26308,πλανη,299.0,-0.9884
26308,πλανη,425.0,-0.89705
26308,πλανη,950.0,-0.9916333333333333
