id,word,year,mean_weighted_sentiment
26398,πλευρον,-450.0,-0.9945
26398,πλευρον,-353.0,-0.8784
26398,πλευρον,-266.0,-0.9915
26398,πλευρον,-249.0,-0.9801
26398,πλευρον,-155.0,-0.8577
26398,πλευρον,-50.0,-0.9619857142857143
26398,πλευρον,150.0,-0.9565555555555556
26398,πλευρον,172.0,-0.9712
26398,πλευρον,249.0,-0.7635200000000001
26398,πλευρον,320.0,-0.9325800000000001
26398,πλευρον,425.0,-0.9349
26398,πλευρον,950.0,-0.9881666666666667
