id,word,year,mean_weighted_sentiment
26506,πνυξ,-415.0,-0.9839
26506,πνυξ,-353.0,-0.9149
26506,πνυξ,-50.0,-0.9656499999999999
26506,πνυξ,172.0,-0.985
26506,πνυξ,950.0,-0.9551999999999999
