id,word,year,mean_weighted_sentiment
26496,πνεω,-353.0,-0.9184
26496,πνεω,-50.0,-0.9654999999999999
26496,πνεω,15.0,-0.9897
26496,πνεω,200.0,-0.9444
26496,πνεω,237.0,-0.8668
26496,πνεω,269.0,-0.9344
26496,πνεω,950.0,-0.9857750000000001
