id,word,year,mean_weighted_sentiment
26551,ποιημα,-550.0,-0.97885
26551,ποιημα,-266.0,0.009699999999999986
26551,ποιημα,-155.0,-0.98675
26551,ποιημα,-50.0,-0.9913
26551,ποιημα,425.0,-0.9177500000000001
26551,ποιημα,950.0,-0.9751181818181819
