id,word,year,mean_weighted_sentiment
27189,ποτης,-450.0,-0.8068692307692308
27189,ποτης,-415.0,-0.987
27189,ποτης,-300.0,-0.9396
27189,ποτης,-266.0,-0.9674
27189,ποτης,-249.0,-0.9133576923076923
27189,ποτης,-50.0,-0.9721857142857141
27189,ποτης,80.0,-0.9123
27189,ποτης,150.0,-0.9691000000000001
27189,ποτης,172.0,-0.9931
27189,ποτης,490.0,-0.9332
27189,ποτης,950.0,-0.9851333333333332
