id,word,year,mean_weighted_sentiment
26620,ποκος,-266.0,-0.9514
26620,ποκος,-50.0,-0.9894499999999999
26620,ποκος,200.0,-0.962925
26620,ποκος,950.0,-0.9627333333333333
