id,word,year,mean_weighted_sentiment
26507,ποαζω,-450.0,-0.9868
26507,ποαζω,-353.0,-0.8926
26507,ποαζω,-50.0,-0.9682666666666666
26507,ποαζω,172.0,-0.972975
26507,ποαζω,200.0,-0.9907
26507,ποαζω,490.0,-0.8814
26507,ποαζω,950.0,-0.9818166666666667
