id,word,year,mean_weighted_sentiment
26603,ποιναω,-490.0,-0.9876999999999999
26603,ποιναω,-50.0,-0.96114
26603,ποιναω,950.0,-0.9831333333333333
