id,word,year,mean_weighted_sentiment
26541,ποθεω,-50.0,-0.9533399999999999
26541,ποθεω,15.0,-0.9926
26541,ποθεω,150.0,-0.98305
26541,ποθεω,182.0,-0.9827
26541,ποθεω,200.0,-0.9578500000000001
26541,ποθεω,299.0,-0.9864
26541,ποθεω,350.0,-0.9734
26541,ποθεω,425.0,-0.9366333333333333
26541,ποθεω,950.0,-0.988825
