id,word,year,mean_weighted_sentiment
26661,πολιος,-450.0,-0.9934
26661,πολιος,-266.0,0.0010000000000000009
26661,πολιος,-50.0,-0.8130719999999999
26661,πολιος,150.0,-0.9932
26661,πολιος,172.0,-0.9475166666666667
26661,πολιος,200.0,-0.9922
26661,πολιος,269.0,-0.9924
26661,πολιος,425.0,-0.9347
26661,πολιος,950.0,-0.9826999999999999
