id,word,year,mean_weighted_sentiment
26974,πολυτελης,-50.0,-0.9523999999999999
26974,πολυτελης,15.0,-0.9286
26974,πολυτελης,150.0,-0.9557
26974,πολυτελης,200.0,-0.9825
26974,πολυτελης,350.0,-0.9319
26974,πολυτελης,490.0,-0.8428
26974,πολυτελης,950.0,-0.97965
