id,word,year,mean_weighted_sentiment
26598,ποιμνιον,-450.0,-0.6899
26598,ποιμνιον,-266.0,-0.9095666666666666
26598,ποιμνιον,-50.0,-0.9595
26598,ποιμνιον,200.0,0.025550000000000017
26598,ποιμνιον,350.0,-0.9269
26598,ποιμνιον,950.0,-0.98035
