id,word,year,mean_weighted_sentiment
26542,ποθη,-450.0,-0.8322666666666666
26542,ποθη,-50.0,-0.9885666666666667
26542,ποθη,150.0,-0.9862333333333333
26542,ποθη,200.0,-0.9578500000000001
26542,ποθη,350.0,-0.9734
26542,ποθη,425.0,-0.926
26542,ποθη,950.0,-0.9866
