id,word,year,mean_weighted_sentiment
26650,πολιζω,-266.0,-0.9735
26650,πολιζω,-50.0,-0.8145416666666666
26650,πολιζω,150.0,-0.9932
26650,πολιζω,200.0,-0.9922
26650,πολιζω,950.0,0.0021999999999999797
