id,word,year,mean_weighted_sentiment
26548,ποθος,-450.0,-0.8322666666666666
26548,ποθος,-50.0,-0.9304545454545455
26548,ποθος,150.0,-0.9789833333333333
26548,ποθος,152.0,-0.9796
26548,ποθος,182.0,-0.9827
26548,ποθος,200.0,-0.9673666666666668
26548,ποθος,350.0,-0.9734
26548,ποθος,425.0,-0.926
26548,ποθος,448.0,-0.9888
26548,ποθος,950.0,-0.988825
