id,word,year,mean_weighted_sentiment
26673,πολιτης,-353.0,-0.9456000000000001
26673,πολιτης,-149.0,-0.9881
26673,πολιτης,-50.0,-0.8780153846153845
26673,πολιτης,15.0,-0.9606333333333333
26673,πολιτης,150.0,-0.9320666666666666
26673,πολιτης,350.0,-0.8271461538461539
26673,πολιτης,490.0,-0.7521
26673,πολιτης,950.0,-0.9796874999999999
26673,πολιτης,1127.0,-0.9617
