id,word,year,mean_weighted_sentiment
26597,ποιμνη,-450.0,-0.9913
26597,ποιμνη,-50.0,-0.9054
26597,ποιμνη,15.0,-0.9543999999999999
26597,ποιμνη,150.0,-0.96185
26597,ποιμνη,200.0,-0.7568142857142857
26597,ποιμνη,425.0,-0.8727
26597,ποιμνη,950.0,-0.9841
