id,word,year,mean_weighted_sentiment
27122,πορος,-490.0,-0.31325454545454545
27122,πορος,-450.0,-0.9936
27122,πορος,-353.0,-0.04535
27122,πορος,-266.0,-0.9314
27122,πορος,-149.0,-0.9899749999999999
27122,πορος,-50.0,-0.77624
27122,πορος,172.0,-0.9915499999999999
27122,πορος,200.0,-0.9874375
27122,πορος,237.0,-0.9063666666666667
27122,πορος,269.0,-0.982
27122,πορος,425.0,-0.08675
27122,πορος,447.0,-0.8959666666666668
27122,πορος,530.0,-0.9555250000000001
27122,πορος,950.0,-0.982125
