id,word,year,mean_weighted_sentiment
26690,πολλαχως,-479.0,-0.9464666666666667
26690,πολλαχως,-353.0,-0.9874499999999999
26690,πολλαχως,-50.0,-0.9443
26690,πολλαχως,182.0,-0.9864
26690,πολλαχως,200.0,-0.807123076923077
26690,πολλαχως,352.0,0.6489
26690,πολλαχως,530.0,-0.8248
26690,πολλαχως,550.0,-0.8560125000000001
26690,πολλαχως,1127.0,-0.9211499999999999
