id,word,year,mean_weighted_sentiment
26629,πολεμιζω,-266.0,-0.951875
26629,πολεμιζω,-50.0,-0.9602614285714286
26629,πολεμιζω,15.0,-0.9236500000000001
26629,πολεμιζω,150.0,-0.9548416666666666
26629,πολεμιζω,152.0,-0.9935
26629,πολεμιζω,200.0,-0.9914000000000001
26629,πολεμιζω,269.0,-0.9784333333333333
26629,πολεμιζω,350.0,-0.9596750000000001
26629,πολεμιζω,425.0,-0.90062
26629,πολεμιζω,490.0,-0.9154875
26629,πολεμιζω,550.0,-0.9085
26629,πολεμιζω,950.0,-0.976624
