id,word,year,mean_weighted_sentiment
27143,πορφυρω,-500.0,-0.98735
27143,πορφυρω,-266.0,-0.9563
27143,πορφυρω,-50.0,-0.9739
27143,πορφυρω,200.0,-0.928275
27143,πορφυρω,269.0,-0.9675
27143,πορφυρω,425.0,-0.8589
27143,πορφυρω,448.0,-0.9779
27143,πορφυρω,950.0,-0.9738416666666665
