id,word,year,mean_weighted_sentiment
27115,πορνη,-266.0,-0.9693666666666667
27115,πορνη,150.0,-0.9913
27115,πορνη,182.0,-0.881
27115,πορνη,219.0,-0.9011333333333335
27115,πορνη,350.0,-0.9225
27115,πορνη,950.0,-0.98863
