id,word,year,mean_weighted_sentiment
27186,ποτη,-450.0,-0.8068692307692308
27186,ποτη,-415.0,-0.987
27186,ποτη,-50.0,-0.9354
27186,ποτη,80.0,-0.9123
27186,ποτη,150.0,-0.942
27186,ποτη,950.0,-0.9902000000000001
