id,word,year,mean_weighted_sentiment
27093,πορευω,-266.0,-0.4908125
27093,πορευω,-50.0,-0.9236599999999999
27093,πορευω,219.0,-0.959
27093,πορευω,950.0,-0.9602999999999999
