id,word,year,mean_weighted_sentiment
27159,ποσις,-415.0,-0.9277
27159,ποσις,-353.0,-0.472975
27159,ποσις,-266.0,-0.9719428571428571
27159,ποσις,-155.0,-0.9365111111111113
27159,ποσις,-50.0,-0.903836842105263
27159,ποσις,150.0,-0.9563166666666668
27159,ποσις,172.0,-0.9853
27159,ποσις,200.0,-0.6146
27159,ποσις,269.0,-0.9272
27159,ποσις,350.0,-0.8868
27159,ποσις,352.0,-0.9902
27159,ποσις,425.0,-0.9426
27159,ποσις,448.0,-0.8534
27159,ποσις,490.0,-0.92275
