id,word,year,mean_weighted_sentiment
27088,πορεια,-490.0,-0.9886
27088,πορεια,-387.0,-0.9869
27088,πορεια,-353.0,-0.8987
27088,πορεια,-266.0,-0.9751
27088,πορεια,-50.0,-0.9644
27088,πορεια,150.0,-0.9734
27088,πορεια,219.0,-0.9707
27088,πορεια,269.0,-0.9483
27088,πορεια,425.0,-0.8245
27088,πορεια,490.0,-0.93955
27088,πορεια,950.0,-0.9622999999999999
27088,πορεια,1150.0,-0.9638
