id,word,year,mean_weighted_sentiment
27134,πορφυρεος,-500.0,-0.98735
27134,πορφυρεος,-266.0,-0.9563
27134,πορφυρεος,-50.0,-0.9761600000000001
27134,πορφυρεος,200.0,-0.9064333333333333
27134,πορφυρεος,950.0,-0.9741875
