id,word,year,mean_weighted_sentiment
26554,ποιησις,-550.0,-0.9777
26554,ποιησις,-353.0,-0.5225500000000001
26554,ποιησις,-266.0,-0.76469
26554,ποιησις,-50.0,-0.9367043478260868
26554,ποιησις,147.0,-0.9366
26554,ποιησις,150.0,-0.9756
26554,ποιησις,200.0,-0.9482285714285714
26554,ποιησις,237.0,-0.94184
26554,ποιησις,269.0,-0.9811
26554,ποιησις,448.0,-0.9357923076923077
26554,ποιησις,490.0,-0.7908
26554,ποιησις,530.0,-0.9318
26554,ποιησις,550.0,-0.8916
26554,ποιησις,1127.0,-0.9199
