id,word,year,mean_weighted_sentiment
26564,ποικιλλω,-479.0,-0.9049
26564,ποικιλλω,-353.0,0.8653
26564,ποικιλλω,-266.0,-0.9917
26564,ποικιλλω,-249.0,-0.9591
26564,ποικιλλω,-50.0,-0.9329777777777779
26564,ποικιλλω,15.0,-0.95285
26564,ποικιλλω,147.0,-0.96915
26564,ποικιλλω,150.0,-0.9405
26564,ποικιλλω,172.0,-0.8294
26564,ποικιλλω,200.0,-0.9425714285714285
26564,ποικιλλω,311.0,-0.8496
26564,ποικιλλω,350.0,-0.9136
26564,ποικιλλω,448.0,-0.9676
26564,ποικιλλω,950.0,-0.9800777777777778
