id,word,year,mean_weighted_sentiment
27078,ποντος,-550.0,-0.987
27078,ποντος,-500.0,-0.9832
27078,ποντος,-490.0,-0.76665
27078,ποντος,-450.0,-0.9932
27078,ποντος,-149.0,-0.9913666666666666
27078,ποντος,-50.0,-0.9614379310344828
27078,ποντος,127.0,-0.9530846153846154
27078,ποντος,150.0,-0.94384
27078,ποντος,172.0,-0.98735
27078,ποντος,200.0,-0.98285
27078,ποντος,269.0,-0.9912666666666666
27078,ποντος,490.0,-0.9214000000000001
27078,ποντος,950.0,-0.9786090909090909
