id,word,year,mean_weighted_sentiment
26647,πολια,-450.0,-0.9934
26647,πολια,-266.0,0.0010000000000000009
26647,πολια,-50.0,-0.7575333333333334
26647,πολια,150.0,-0.9932
26647,πολια,200.0,-0.9922
26647,πολια,425.0,-0.9347
26647,πολια,950.0,-0.9826999999999999
