id,word,year,mean_weighted_sentiment
26680,πολλαπλασιος,90.0,-0.9400000000000001
26680,πολλαπλασιος,200.0,-0.9340999999999999
26680,πολλαπλασιος,249.0,-0.9746
26680,πολλαπλασιος,320.0,-0.06790000000000002
26680,πολλαπλασιος,425.0,-0.9053
26680,πολλαπλασιος,1118.0,-0.9361
