id,word,year,mean_weighted_sentiment
27152,ποσειδων,-550.0,-0.8351
27152,ποσειδων,-490.0,-0.9919
27152,ποσειδων,-149.0,0.9927
27152,ποσειδων,-50.0,-0.8980354430379749
27152,ποσειδων,127.0,-0.84265
27152,ποσειδων,150.0,-0.9540875
27152,ποσειδων,200.0,-0.9752333333333333
27152,ποσειδων,350.0,-0.9263
