id,word,year,mean_weighted_sentiment
26973,πολυτελεια,-50.0,-0.9590000000000001
26973,πολυτελεια,350.0,-0.9561
26973,πολυτελεια,490.0,-0.8997
26973,πολυτελεια,950.0,-0.9872333333333332
