id,word,year,mean_weighted_sentiment
27162,ποσοω,-479.0,-0.7341666666666666
27162,ποσοω,-353.0,-0.96828
27162,ποσοω,-50.0,-0.9772666666666666
27162,ποσοω,90.0,-0.9721500000000001
27162,ποσοω,147.0,-0.9653999999999999
27162,ποσοω,150.0,-0.9390799999999999
27162,ποσοω,172.0,-0.989
27162,ποσοω,200.0,-0.9410499999999999
27162,ποσοω,350.0,-0.9815
27162,ποσοω,448.0,-0.962
27162,ποσοω,530.0,-0.9138
27162,ποσοω,550.0,-0.9750571428571428
