id,word,year,mean_weighted_sentiment
28375,προστασσω,-353.0,-0.9637
28375,προστασσω,-149.0,-0.7424
28375,προστασσω,-50.0,-0.9507199999999999
28375,προστασσω,15.0,-0.7403
28375,προστασσω,150.0,-0.8632
28375,προστασσω,425.0,-0.87175
28375,προστασσω,490.0,-0.86125
