id,word,year,mean_weighted_sentiment
27439,προγραφω,-249.0,-0.9771
27439,προγραφω,150.0,-0.88425
27439,προγραφω,172.0,-0.9819749999999999
27439,προγραφω,320.0,-0.9049499999999999
27439,προγραφω,950.0,-0.9779
