id,word,year,mean_weighted_sentiment
28419,προσφατος,-353.0,-0.9346
28419,προσφατος,-50.0,-0.9387666666666666
28419,προσφατος,172.0,-0.7317499999999999
28419,προσφατος,200.0,-0.9740666666666665
