id,word,year,mean_weighted_sentiment
27989,προσδοκια,-387.0,0.9953
27989,προσδοκια,-266.0,-0.9845999999999999
27989,προσδοκια,-50.0,-0.9521
27989,προσδοκια,200.0,-0.9904
27989,προσδοκια,350.0,-0.9562999999999999
