id,word,year,mean_weighted_sentiment
27270,πρεσβεια,-353.0,-0.9911
27270,πρεσβεια,-50.0,-0.9705083333333332
27270,πρεσβεια,15.0,-0.9877
27270,πρεσβεια,150.0,-0.9847
27270,πρεσβεια,350.0,-0.9129
27270,πρεσβεια,425.0,-0.98565
27270,πρεσβεια,490.0,-0.87234
