id,word,year,mean_weighted_sentiment
28095,προσεχης,-479.0,0.9748
28095,προσεχης,-266.0,-0.8978999999999999
28095,προσεχης,-149.0,-0.98965
28095,προσεχης,200.0,-0.9475
28095,προσεχης,249.0,-0.9377
28095,προσεχης,352.0,-0.9482999999999999
28095,προσεχης,490.0,-0.8705
28095,προσεχης,530.0,-0.933225
28095,προσεχης,550.0,-0.97475
