id,word,year,mean_weighted_sentiment
28539,προφασις,-415.0,-0.9793
28539,προφασις,-50.0,-0.9115714285714286
28539,προφασις,150.0,-0.966
28539,προφασις,172.0,-0.992
28539,προφασις,200.0,-0.9722500000000001
28539,προφασις,335.0,-0.8987
28539,προφασις,425.0,-0.9154
