id,word,year,mean_weighted_sentiment
27400,προβατον,-353.0,-0.9653333333333333
27400,προβατον,-266.0,-0.9666086956521738
27400,προβατον,-50.0,-0.9573909090909091
27400,προβατον,150.0,-0.9144
27400,προβατον,172.0,-0.9905999999999999
27400,προβατον,200.0,-0.842175
27400,προβατον,269.0,-0.9457
27400,προβατον,352.0,-0.9948
27400,προβατον,425.0,-0.8992857142857142
27400,προβατον,490.0,-0.9911
27400,προβατον,950.0,-0.9791125
