id,word,year,mean_weighted_sentiment
27684,προκοπτω,-266.0,-0.9865
27684,προκοπτω,90.0,-0.9283
27684,προκοπτω,147.0,-0.94555
27684,προκοπτω,150.0,-0.9616
27684,προκοπτω,200.0,-0.9852
27684,προκοπτω,219.0,-0.9425
27684,προκοπτω,950.0,-0.9730500000000001
