id,word,year,mean_weighted_sentiment
28603,πρωην,-50.0,-0.9662250000000001
28603,πρωην,127.0,-0.8804
28603,πρωην,200.0,-0.994
28603,πρωην,350.0,-0.89305
28603,πρωην,425.0,-0.9649
28603,πρωην,950.0,-0.9577666666666667
