id,word,year,mean_weighted_sentiment
28367,προσταγμα,-266.0,-0.8538214285714287
28367,προσταγμα,-50.0,-0.96635
28367,προσταγμα,150.0,-0.9639
28367,προσταγμα,219.0,-0.9213
28367,προσταγμα,350.0,-0.8773
28367,προσταγμα,359.0,-0.9907
28367,προσταγμα,425.0,-0.9377
