id,word,year,mean_weighted_sentiment
28608,πρωιος,-353.0,-0.9699
28608,πρωιος,-266.0,-0.62876
28608,πρωιος,-50.0,-0.9635250000000001
28608,πρωιος,127.0,-0.8804
28608,πρωιος,147.0,-0.9445
28608,πρωιος,200.0,-0.39526666666666666
28608,πρωιος,350.0,-0.89305
28608,πρωιος,425.0,-0.9649
28608,πρωιος,530.0,-0.9884
28608,πρωιος,950.0,-0.9742142857142858
28608,πρωιος,1127.0,-0.9464
