id,word,year,mean_weighted_sentiment
27462,προδιδωμι,-450.0,-0.9944
27462,προδιδωμι,-50.0,-0.9502999999999999
27462,προδιδωμι,150.0,-0.8920333333333333
27462,προδιδωμι,152.0,-0.8777
27462,προδιδωμι,172.0,-0.9877
27462,προδιδωμι,950.0,-0.9743750000000001
