id,word,year,mean_weighted_sentiment
27407,προβλημα,-450.0,-0.9924
27407,προβλημα,-353.0,-0.93234
27407,προβλημα,-266.0,-0.9923500000000001
27407,προβλημα,150.0,-0.9413
27407,προβλημα,200.0,-0.912393103448276
27407,προβλημα,320.0,-0.9511666666666666
27407,προβλημα,352.0,-0.9766500000000001
27407,προβλημα,950.0,-0.9693
