id,word,year,mean_weighted_sentiment
27241,πραοτης,-353.0,-0.9687666666666667
27241,πραοτης,-266.0,-0.9243
27241,πραοτης,-50.0,-0.9597000000000001
27241,πραοτης,80.0,-0.8990499999999999
27241,πραοτης,425.0,-0.8613500000000001
27241,πραοτης,950.0,-0.945
