id,word,year,mean_weighted_sentiment
28609,πρωι,-490.0,-0.9931
28609,πρωι,-266.0,-0.669148
28609,πρωι,-50.0,-0.98066
28609,πρωι,150.0,-0.9651
28609,πρωι,950.0,-0.9873857142857142
