id,word,year,mean_weighted_sentiment
28589,πρυμνα,-155.0,-0.94228
28589,πρυμνα,-50.0,-0.965490909090909
28589,πρυμνα,150.0,-0.84625
28589,πρυμνα,950.0,-0.965725
