id,word,year,mean_weighted_sentiment
28096,προσεχω,-266.0,-0.93295
28096,προσεχω,-149.0,-0.98965
28096,προσεχω,-50.0,-0.9664
28096,προσεχω,127.0,-0.8762
28096,προσεχω,200.0,-0.9475
28096,προσεχω,249.0,-0.9377
28096,προσεχω,350.0,-0.8897
28096,προσεχω,352.0,-0.9482999999999999
28096,προσεχω,490.0,-0.8705
28096,προσεχω,530.0,-0.93265
28096,προσεχω,550.0,-0.9733
