id,word,year,mean_weighted_sentiment
28119,προσθεν,-500.0,-0.9883
28119,προσθεν,-450.0,-0.8348
28119,προσθεν,-353.0,-0.9460666666666667
28119,προσθεν,-50.0,-0.96168
28119,προσθεν,90.0,-0.94875
28119,προσθεν,150.0,-0.9535666666666667
28119,προσθεν,172.0,-0.9888375
28119,προσθεν,311.0,-0.916
28119,προσθεν,425.0,-0.9056666666666665
