id,word,year,mean_weighted_sentiment
28536,προφανης,-50.0,-0.9419500000000001
28536,προφανης,150.0,-0.9694
28536,προφανης,425.0,-0.9064714285714286
28536,προφανης,490.0,-0.799
28536,προφανης,530.0,-0.8927
