id,word,year,mean_weighted_sentiment
28602,πρυτανις,-353.0,-0.65198
28602,πρυτανις,350.0,-0.8848
28602,πρυτανις,425.0,-0.8684666666666666
28602,πρυτανις,950.0,-0.9677666666666666
