id,word,year,mean_weighted_sentiment
28439,προσφορος,-353.0,-0.9244
28439,προσφορος,-266.0,-0.9908
28439,προσφορος,-50.0,-0.9594499999999999
28439,προσφορος,150.0,-0.9936
28439,προσφορος,425.0,-0.9057333333333334
