id,word,year,mean_weighted_sentiment
27330,προαιρεσις,-387.0,0.9712
27330,προαιρεσις,-353.0,-0.9657
27330,προαιρεσις,-149.0,-0.9891
27330,προαιρεσις,-50.0,-0.95374
27330,προαιρεσις,150.0,-0.9243
27330,προαιρεσις,200.0,-0.8124230769230768
27330,προαιρεσις,237.0,-0.92435
27330,προαιρεσις,350.0,-0.8636
27330,προαιρεσις,425.0,-0.6103
27330,προαιρεσις,490.0,-0.9451
27330,προαιρεσις,550.0,0.8515
