id,word,year,mean_weighted_sentiment
28600,πρυτανειον,-353.0,-0.9745333333333334
28600,πρυτανειον,350.0,-0.8777
28600,πρυτανειον,950.0,-0.9828714285714286
