id,word,year,mean_weighted_sentiment
27275,πρεσβευτης,-353.0,-0.9825
27275,πρεσβευτης,-266.0,-0.9551333333333334
27275,πρεσβευτης,-50.0,-0.96415
27275,πρεσβευτης,150.0,0.05329999999999996
27275,πρεσβευτης,425.0,-0.9413
