id,word,year,mean_weighted_sentiment
27599,προθυμια,-490.0,0.9433
27599,προθυμια,-450.0,-0.962
27599,προθυμια,-50.0,-0.8449297872340429
27599,προθυμια,350.0,-0.9827
27599,προθυμια,425.0,-0.9311333333333334
27599,προθυμια,950.0,-0.9680363636363635
