id,word,year,mean_weighted_sentiment
28545,προφητης,-266.0,-0.9583277777777778
28545,προφητης,15.0,-0.90455
28545,προφητης,49.0,-0.8495944444444444
28545,προφητης,147.0,-0.9342
28545,προφητης,182.0,-0.9467
28545,προφητης,299.0,-0.97
28545,προφητης,425.0,-0.96195
28545,προφητης,448.0,-0.9379
28545,προφητης,950.0,-0.9621000000000001
