id,word,year,mean_weighted_sentiment
27587,προθεσις,-266.0,-0.917
27587,προθεσις,-50.0,-0.9583136842105264
27587,προθεσις,-34.0,-0.9873
27587,προθεσις,150.0,-0.8769
27587,προθεσις,200.0,-0.3517333333333334
27587,προθεσις,269.0,-0.9864
27587,προθεσις,425.0,-0.9135
27587,προθεσις,448.0,-0.9033666666666665
27587,προθεσις,1127.0,-0.9647
