id,word,year,mean_weighted_sentiment
28474,προσω,-450.0,-0.9387
28474,προσω,-353.0,-0.8552
28474,προσω,-300.0,-0.484875
28474,προσω,-266.0,-0.972
28474,προσω,-50.0,-0.9756875
28474,προσω,150.0,-0.954
28474,προσω,200.0,-0.9777
28474,προσω,237.0,-0.9843666666666667
28474,προσω,352.0,-0.9876
28474,προσω,490.0,-0.8618666666666667
28474,προσω,550.0,-0.9211
28474,προσω,950.0,-0.9903000000000001
28474,προσω,1118.0,-0.907
