id,word,year,mean_weighted_sentiment
28555,προφρων,-50.0,-0.9584499999999999
28555,προφρων,150.0,0.5749
28555,προφρων,950.0,-0.98075
