id,word,year,mean_weighted_sentiment
28124,προσθηκη,-50.0,-0.9611333333333333
28124,προσθηκη,150.0,-0.96915
28124,προσθηκη,200.0,-0.9444
28124,προσθηκη,350.0,-0.9293666666666667
28124,προσθηκη,490.0,-0.8329
28124,προσθηκη,530.0,-0.9834
28124,προσθηκη,550.0,-0.8256
