id,word,year,mean_weighted_sentiment
28567,προχειρος,-50.0,-0.95174
28567,προχειρος,150.0,-0.9507
28567,προχειρος,320.0,-0.9711
28567,προχειρος,352.0,-0.9856
28567,προχειρος,425.0,-0.8538
28567,προχειρος,530.0,-0.9836
28567,προχειρος,950.0,-0.9837000000000001
