id,word,year,mean_weighted_sentiment
27731,προμηθης,-490.0,-0.9900333333333333
27731,προμηθης,-50.0,-0.9485
27731,προμηθης,127.0,-0.009899999999999964
27731,προμηθης,150.0,-0.9769
27731,προμηθης,200.0,-0.96315
