id,word,year,mean_weighted_sentiment
27388,προβαινω,-266.0,-0.9292428571428571
27388,προβαινω,-50.0,-0.95756875
27388,προβαινω,172.0,-0.9911
27388,προβαινω,200.0,-0.9759375
27388,προβαινω,269.0,-0.9856
27388,προβαινω,299.0,-0.861
27388,προβαινω,350.0,-0.9656
27388,προβαινω,352.0,-0.9948
27388,προβαινω,425.0,-0.8748799999999999
27388,προβαινω,447.0,-0.9538
27388,προβαινω,490.0,-0.9203
27388,προβαινω,950.0,-0.9762739130434784
