id,word,year,mean_weighted_sentiment
28487,προτασις,-353.0,-0.8051416666666666
28487,προτασις,-50.0,-0.92605
28487,προτασις,200.0,-0.81843
28487,προτασις,350.0,-0.9407
28487,προτασις,352.0,-0.9289555555555555
