id,word,year,mean_weighted_sentiment
27721,προμαχος,-500.0,-0.9485666666666667
27721,προμαχος,-50.0,-0.8186846153846155
27721,προμαχος,425.0,-0.9242333333333334
27721,προμαχος,950.0,-0.9859
