id,word,year,mean_weighted_sentiment
27771,προξενεω,-353.0,-0.9632333333333333
27771,προξενεω,950.0,-0.9823333333333334
