id,word,year,mean_weighted_sentiment
28450,προσχεω,-149.0,-0.98965
28450,προσχεω,-50.0,-0.9898
28450,προσχεω,200.0,-0.9684
28450,προσχεω,249.0,-0.9377
28450,προσχεω,352.0,-0.9482999999999999
