id,word,year,mean_weighted_sentiment
27436,προγονος,-450.0,-0.24395
27436,προγονος,-266.0,-0.9856
27436,προγονος,-50.0,-0.93755
27436,προγονος,-34.0,0.9921
27436,προγονος,15.0,-0.8904000000000001
27436,προγονος,150.0,-0.9533999999999999
27436,προγονος,152.0,-0.9367
27436,προγονος,200.0,-0.9394
27436,προγονος,269.0,-0.9774
27436,προγονος,350.0,0.9758
27436,προγονος,425.0,-0.9208999999999999
27436,προγονος,950.0,-0.9754750000000001
