id,word,year,mean_weighted_sentiment
27280,πρεσβος,-50.0,0.0023000000000000242
27280,πρεσβος,425.0,-0.9112
27280,πρεσβος,490.0,-0.91195
