id,word,year,mean_weighted_sentiment
27232,πρακτικος,-550.0,-0.936
27232,πρακτικος,-387.0,0.9712
27232,πρακτικος,-353.0,-0.9392333333333333
27232,πρακτικος,-50.0,-0.9591888888888889
27232,πρακτικος,147.0,-0.9163529411764707
27232,πρακτικος,150.0,-0.8791666666666668
27232,πρακτικος,200.0,-0.30853333333333327
27232,πρακτικος,550.0,-0.9632
27232,πρακτικος,950.0,-0.98695
