id,word,year,mean_weighted_sentiment
28077,προσερεσθαι,-479.0,0.9311499999999999
28077,προσερεσθαι,-50.0,-0.9499500000000001
28077,προσερεσθαι,150.0,-0.9519
28077,προσερεσθαι,200.0,-0.9297
28077,προσερεσθαι,269.0,-0.9932
28077,προσερεσθαι,425.0,-0.8908
28077,προσερεσθαι,448.0,-0.9564
28077,προσερεσθαι,530.0,-0.9849
28077,προσερεσθαι,550.0,-0.9336
28077,προσερεσθαι,950.0,-0.9631833333333333
