id,word,year,mean_weighted_sentiment
27612,προιστημι,-266.0,0.9946
27612,προιστημι,-50.0,-0.9887
27612,προιστημι,147.0,-0.8563000000000001
27612,προιστημι,150.0,-0.9372
27612,προιστημι,200.0,-0.9721
27612,προιστημι,425.0,-0.9277500000000001
27612,προιστημι,448.0,-0.971
