id,word,year,mean_weighted_sentiment
27224,πραγματικος,-550.0,-0.9728
27224,πραγματικος,-34.0,-0.9448
27224,πραγματικος,350.0,0.9961000000000001
27224,πραγματικος,448.0,-0.16099999999999998
