id,word,year,mean_weighted_sentiment
27698,προλαμβανω,-479.0,-0.9225
27698,προλαμβανω,-353.0,-0.9354
27698,προλαμβανω,-50.0,-0.9353
27698,προλαμβανω,150.0,-0.9487
27698,προλαμβανω,172.0,-0.9934
27698,προλαμβανω,200.0,-0.9729666666666668
27698,προλαμβανω,490.0,-0.8316
27698,προλαμβανω,530.0,-0.9547749999999999
27698,προλαμβανω,550.0,-0.9417199999999999
