id,word,year,mean_weighted_sentiment
28617,πρωρευς,-155.0,-0.95625
28617,πρωρευς,150.0,-0.9099
28617,πρωρευς,200.0,-0.9927
28617,πρωρευς,950.0,-0.9866333333333334
