id,word,year,mean_weighted_sentiment
27777,προοιμιον,-50.0,-0.96015
27777,προοιμιον,127.0,-0.9823
27777,προοιμιον,150.0,-0.91205
27777,προοιμιον,299.0,-0.9538
27777,προοιμιον,350.0,-0.54115
27777,προοιμιον,448.0,-0.8769
27777,προοιμιον,490.0,-0.8208
27777,προοιμιον,950.0,-0.9875499999999999
