id,word,year,mean_weighted_sentiment
28093,προσευχομαι,-490.0,0.9888
28093,προσευχομαι,-266.0,-0.37771875000000005
28093,προσευχομαι,80.0,-0.9225
28093,προσευχομαι,150.0,-0.9822
28093,προσευχομαι,425.0,-0.83165
