id,word,year,mean_weighted_sentiment
27717,προμαχεω,-500.0,-0.9485666666666667
27717,προμαχεω,-50.0,-0.9669333333333333
27717,προμαχεω,425.0,-0.9280999999999999
