id,word,year,mean_weighted_sentiment
28436,προσφορα,-353.0,-0.9244
28436,προσφορα,-266.0,-0.9863333333333334
28436,προσφορα,-50.0,-0.9662
28436,προσφορα,150.0,-0.9936
28436,προσφορα,425.0,-0.9057333333333334
