id,word,year,mean_weighted_sentiment
28628,πρωτιστος,-50.0,-0.9469333333333333
28628,πρωτιστος,90.0,-0.8796999999999999
28628,πρωτιστος,127.0,-0.9933
28628,πρωτιστος,448.0,-0.8405
28628,πρωτιστος,550.0,-0.8527
