id,word,year,mean_weighted_sentiment
27268,πρεπω,-550.0,-0.901
27268,πρεπω,-100.0,-0.9598
27268,πρεπω,-50.0,-0.9449444444444445
27268,πρεπω,-34.0,-0.8685499999999999
27268,πρεπω,49.0,-0.9326
27268,πρεπω,80.0,-0.861
27268,πρεπω,150.0,-0.9407
27268,πρεπω,200.0,-0.9906
27268,πρεπω,425.0,-0.92715
27268,πρεπω,950.0,-0.9846
