id,word,year,mean_weighted_sentiment
27437,προγραμμα,-353.0,-0.9757666666666668
27437,προγραμμα,490.0,-0.8584499999999999
27437,προγραμμα,950.0,-0.9901
