id,word,year,mean_weighted_sentiment
28092,προσευχη,-266.0,-0.578545
28092,προσευχη,49.0,-0.9613
28092,προσευχη,80.0,-0.935
28092,προσευχη,150.0,-0.9822
28092,προσευχη,200.0,-0.9314
28092,προσευχη,219.0,-0.925
28092,προσευχη,425.0,-0.859925
