id,word,year,mean_weighted_sentiment
27572,προεχω,-50.0,-0.9531777777777778
27572,προεχω,200.0,-0.98455
27572,προεχω,950.0,-0.9419
