id,word,year,mean_weighted_sentiment
28710,πτωμα,-266.0,-0.9902500000000001
28710,πτωμα,-50.0,-0.9096400000000001
28710,πτωμα,15.0,-0.8605
28710,πτωμα,200.0,-0.9944
28710,πτωμα,219.0,-0.9766
28710,πτωμα,950.0,-0.9889
