id,word,year,mean_weighted_sentiment
28683,πτιλον,-50.0,-0.9601666666666665
28683,πτιλον,127.0,-0.9456
28683,πτιλον,150.0,-0.9649333333333333
28683,πτιλον,152.0,-0.9612
28683,πτιλον,299.0,-0.9607
28683,πτιλον,490.0,-0.8611
28683,πτιλον,950.0,-0.9703545454545455
