id,word,year,mean_weighted_sentiment
28713,πτωσις,-479.0,-0.9609
28713,πτωσις,-266.0,-0.9711857142857142
28713,πτωσις,-50.0,-0.9532600000000001
28713,πτωσις,147.0,-0.9639
28713,πτωσις,200.0,-0.8060384615384616
