id,word,year,mean_weighted_sentiment
28670,πτεροω,-353.0,-0.9009999999999999
28670,πτεροω,-50.0,-0.9542666666666667
28670,πτεροω,200.0,-0.9857333333333335
28670,πτεροω,350.0,-0.9115
28670,πτεροω,950.0,-0.9733999999999999
