id,word,year,mean_weighted_sentiment
28722,πτωχος,-266.0,-0.8687
28722,πτωχος,-50.0,-0.9923
28722,πτωχος,150.0,-0.9845
28722,πτωχος,200.0,-0.9579500000000001
28722,πτωχος,219.0,-0.9697
28722,πτωχος,950.0,-0.9780142857142857
