id,word,year,mean_weighted_sentiment
28663,πτερον,-479.0,-0.9857
28663,πτερον,-353.0,-0.9033500000000001
28663,πτερον,-50.0,-0.9650888888888889
28663,πτερον,150.0,-0.9362999999999999
28663,πτερον,200.0,-0.9557857142857141
28663,πτερον,269.0,-0.9866
28663,πτερον,350.0,-0.9115
28663,πτερον,950.0,-0.9718714285714285
