id,word,year,mean_weighted_sentiment
28680,πτηνος,-490.0,-0.9911
28680,πτηνος,-479.0,-0.9444
28680,πτηνος,-450.0,-0.993
28680,πτηνος,-353.0,-0.9060333333333332
28680,πτηνος,-50.0,-0.9457249999999999
28680,πτηνος,15.0,-0.9188000000000001
28680,πτηνος,150.0,-0.9528333333333334
28680,πτηνος,200.0,-0.753825
28680,πτηνος,550.0,-0.8769
28680,πτηνος,950.0,-0.9656875
