id,word,year,mean_weighted_sentiment
28791,πυλαι,-450.0,-0.9923
28791,πυλαι,-266.0,-0.8084066666666665
28791,πυλαι,-50.0,-0.9610830508474577
28791,πυλαι,15.0,-0.9571
28791,πυλαι,127.0,-0.9872
28791,πυλαι,150.0,-0.9511200000000001
28791,πυλαι,200.0,-0.9914
28791,πυλαι,219.0,-0.9453
28791,πυλαι,269.0,-0.9848
28791,πυλαι,299.0,-0.9898
28791,πυλαι,425.0,-0.8939
28791,πυλαι,490.0,-0.966
28791,πυλαι,950.0,-0.9828857142857144
