id,word,year,mean_weighted_sentiment
28847,πυρετος,-415.0,-0.9839000000000001
28847,πυρετος,-50.0,-0.9607666666666667
28847,πυρετος,172.0,-0.9091155555555555
28847,πυρετος,447.0,-0.9728
28847,πυρετος,550.0,-0.8508
28847,πυρετος,950.0,-0.9756333333333332
