id,word,year,mean_weighted_sentiment
28775,πυκνος,-415.0,-0.9839
28775,πυκνος,-353.0,-0.9130666666666668
28775,πυκνος,-50.0,-0.8274918918918918
28775,πυκνος,150.0,-0.9096
28775,πυκνος,172.0,-0.985
28775,πυκνος,200.0,-0.9563
28775,πυκνος,269.0,-0.9937
28775,πυκνος,530.0,-0.9217666666666666
28775,πυκνος,950.0,-0.9748428571428571
