id,word,year,mean_weighted_sentiment
28739,πυθαγορας,-50.0,-0.9495857142857143
28739,πυθαγορας,90.0,-0.9048333333333334
28739,πυθαγορας,150.0,-0.7121000000000001
28739,πυθαγορας,182.0,-0.9617
28739,πυθαγορας,425.0,-0.9302
28739,πυθαγορας,448.0,-0.99
28739,πυθαγορας,950.0,-0.9690727272727273
