id,word,year,mean_weighted_sentiment
28808,πυλων,-266.0,-0.8534250000000001
28808,πυλων,-50.0,-0.9619333333333334
28808,πυλων,15.0,-0.9571
28808,πυλων,150.0,-0.9420666666666667
28808,πυλων,425.0,-0.8939
28808,πυλων,950.0,-0.9800500000000001
