id,word,year,mean_weighted_sentiment
28924,πυρσος,-50.0,-0.9776499999999999
28924,πυρσος,150.0,-0.878
28924,πυρσος,172.0,-0.99205
