id,word,year,mean_weighted_sentiment
28825,πυραμις,-266.0,-0.9682
28825,πυραμις,90.0,-0.9278500000000001
28825,πυραμις,150.0,-0.9518742857142856
28825,πυραμις,320.0,-0.9574750000000001
28825,πυραμις,530.0,-0.9807
28825,πυραμις,950.0,-0.9557
