id,word,year,mean_weighted_sentiment
28804,πυλος,-353.0,-0.9914
28804,πυλος,-266.0,-0.8504333333333335
28804,πυλος,-50.0,-0.9553458333333333
28804,πυλος,15.0,-0.9571
28804,πυλος,150.0,-0.95115
28804,πυλος,425.0,-0.8939
28804,πυλος,950.0,-0.9769333333333333
