id,word,year,mean_weighted_sentiment
28752,πυθμην,-50.0,-0.458225
28752,πυθμην,15.0,-0.9931
28752,πυθμην,90.0,0.9368
28752,πυθμην,320.0,-0.9634
28752,πυθμην,448.0,-0.90025
28752,πυθμην,950.0,-0.9921
