id,word,year,mean_weighted_sentiment
28798,πυλη,-450.0,-0.9907999999999999
28798,πυλη,-266.0,-0.7814608695652173
28798,πυλη,-50.0,-0.9620639999999999
28798,πυλη,15.0,-0.9571
28798,πυλη,127.0,-0.9872
28798,πυλη,147.0,-0.9358
28798,πυλη,150.0,-0.9540666666666667
28798,πυλη,152.0,-0.9601
28798,πυλη,200.0,-0.9914
28798,πυλη,219.0,-0.9453
28798,πυλη,269.0,-0.9848
28798,πυλη,299.0,-0.9898
28798,πυλη,425.0,-0.8939
28798,πυλη,490.0,-0.966
28798,πυλη,950.0,-0.9858250000000001
28798,πυλη,1118.0,-0.9645
