id,word,year,mean_weighted_sentiment
28836,πυργος,-450.0,-0.9908
28836,πυργος,-266.0,-0.9622666666666667
28836,πυργος,-149.0,-0.9932
28836,πυργος,-50.0,-0.956955882352941
28836,πυργος,150.0,-0.9512
28836,πυργος,200.0,-0.987
28836,πυργος,299.0,-0.9179
28836,πυργος,425.0,-0.9805
28836,πυργος,490.0,-0.8888
28836,πυργος,950.0,-0.9866700000000002
