id,word,year,mean_weighted_sentiment
28740,πυθαγορειος,-353.0,-0.8618
28740,πυθαγορειος,-50.0,-0.9677199999999999
28740,πυθαγορειος,150.0,-0.9829
28740,πυθαγορειος,269.0,-0.96655
28740,πυθαγορειος,320.0,-0.852
28740,πυθαγορειος,448.0,-0.9477
28740,πυθαγορειος,550.0,-0.9196090909090909
