id,word,year,mean_weighted_sentiment
28840,πυργοω,-450.0,-0.9908
28840,πυργοω,-266.0,-0.9497571428571429
28840,πυργοω,-149.0,-0.9932
28840,πυργοω,-50.0,-0.9584458333333333
28840,πυργοω,150.0,-0.9552
28840,πυργοω,200.0,-0.987
28840,πυργοω,299.0,-0.9179
28840,πυργοω,490.0,-0.8888
28840,πυργοω,950.0,-0.9866700000000002
