id,word,year,mean_weighted_sentiment
28820,πυος,172.0,-0.9827999999999999
28820,πυος,950.0,-0.9934000000000001
