id,word,year,mean_weighted_sentiment
28918,πυρρος,-149.0,-0.9927
28918,πυρρος,-50.0,-0.9644333333333334
28918,πυρρος,150.0,-0.9472714285714287
28918,πυρρος,172.0,-0.99205
28918,πυρρος,200.0,-0.9926
28918,πυρρος,950.0,-0.9813888888888889
