id,word,year,mean_weighted_sentiment
28814,πυνθανομαι,-490.0,-0.9912
28814,πυνθανομαι,-450.0,-0.99125
28814,πυνθανομαι,-50.0,-0.8006
28814,πυνθανομαι,15.0,-0.9821
28814,πυνθανομαι,150.0,-0.8228133333333332
28814,πυνθανομαι,200.0,-0.9867
28814,πυνθανομαι,219.0,-0.506
28814,πυνθανομαι,311.0,-0.9285
28814,πυνθανομαι,350.0,-0.9823
28814,πυνθανομαι,352.0,-0.983
28814,πυνθανομαι,425.0,-0.9133
28814,πυνθανομαι,490.0,-0.9701
28814,πυνθανομαι,950.0,-0.9764111111111112
28814,πυνθανομαι,1118.0,-0.9813
