id,word,year,mean_weighted_sentiment
28766,πυθω,-450.0,-0.99125
28766,πυθω,-50.0,-0.72815625
28766,πυθω,150.0,-0.7787454545454545
28766,πυθω,219.0,-0.506
28766,πυθω,425.0,-0.9331
28766,πυθω,490.0,-0.9701
28766,πυθω,950.0,-0.9905333333333334
