id,word,year,mean_weighted_sentiment
28944,πωλης,-50.0,-0.96198
28944,πωλης,150.0,-0.9335
28944,πωλης,950.0,-0.9871222222222222
