id,word,year,mean_weighted_sentiment
28952,πωλος,-490.0,-0.9924
28952,πωλος,-266.0,-0.9437
28952,πωλος,-50.0,-0.9514750000000001
28952,πωλος,150.0,-0.95855
28952,πωλος,200.0,-0.9904
28952,πωλος,950.0,-0.9880636363636363
