id,word,year,mean_weighted_sentiment
28955,πωμα,-50.0,-0.9832000000000001
28955,πωμα,150.0,-0.9564999999999999
28955,πωμα,172.0,-0.9907
28955,πωμα,200.0,-0.9675333333333332
28955,πωμα,950.0,-0.17600000000000005
