id,word,year,mean_weighted_sentiment
29038,ραχις,-500.0,-0.9914
29038,ραχις,-415.0,-0.9798
29038,ραχις,-353.0,-0.89115
29038,ραχις,-50.0,-0.9097999999999999
29038,ραχις,150.0,-0.9622
29038,ραχις,172.0,-0.9914
29038,ραχις,950.0,-0.97985
