id,word,year,mean_weighted_sentiment
29006,ραιω,-415.0,-0.9782
29006,ραιω,-50.0,-0.9474571428571428
29006,ραιω,150.0,-0.9763
29006,ραιω,200.0,-0.9547000000000001
29006,ραιω,249.0,-0.9454
29006,ραιω,269.0,-0.9507
29006,ραιω,425.0,-0.9652
29006,ραιω,447.0,-0.9654
29006,ραιω,490.0,-0.9937
29006,ραιω,950.0,-0.9814857142857143
