id,word,year,mean_weighted_sentiment
29004,ραινω,-500.0,-0.9894499999999999
29004,ραινω,-490.0,-0.9902
29004,ραινω,-479.0,-0.9619
29004,ραινω,-155.0,-0.9791
29004,ραινω,-50.0,-0.9077140350877193
29004,ραινω,127.0,-0.9366
29004,ραινω,150.0,-0.9729
29004,ραινω,172.0,-0.9840333333333334
29004,ραινω,219.0,-0.9697
29004,ραινω,269.0,-0.9916333333333333
29004,ραινω,350.0,-0.9656
29004,ραινω,448.0,-0.9517666666666665
29004,ραινω,490.0,-0.91526
29004,ραινω,530.0,-0.9084
29004,ραινω,950.0,-0.9842625
