id,word,year,mean_weighted_sentiment
29051,ρειθρον,-149.0,-0.3340000000000001
29051,ρειθρον,-50.0,-0.7973500000000001
29051,ρειθρον,150.0,0.7327
29051,ρειθρον,200.0,-0.9909285714285715
29051,ρειθρον,425.0,-0.8739
29051,ρειθρον,950.0,-0.9858666666666668
