id,word,year,mean_weighted_sentiment
29078,ρητεος,-50.0,-0.9144857142857142
29078,ρητεος,200.0,-0.9711000000000001
29078,ρητεος,219.0,-0.9697
29078,ρητεος,269.0,-0.9811
29078,ρητεος,383.0,-0.9454
29078,ρητεος,447.0,-0.8718
29078,ρητεος,530.0,-0.9447
