id,word,year,mean_weighted_sentiment
29065,ρηγνυμι,-500.0,-0.9906
29065,ρηγνυμι,-50.0,-0.9572909090909093
29065,ρηγνυμι,127.0,-0.9617
29065,ρηγνυμι,172.0,-0.9878
29065,ρηγνυμι,200.0,-0.98245
29065,ρηγνυμι,950.0,-0.9823
