id,word,year,mean_weighted_sentiment
29083,ρητος,-490.0,-0.9902
29083,ρητος,-479.0,-0.9678
29083,ρητος,-50.0,-0.9633166666666667
29083,ρητος,15.0,-0.9805999999999999
29083,ρητος,150.0,-0.9752
29083,ρητος,200.0,-0.9531
29083,ρητος,219.0,-0.9697
29083,ρητος,320.0,-0.9367
29083,ρητος,350.0,-0.9634
29083,ρητος,448.0,-0.9080666666666667
29083,ρητος,490.0,-0.9453
29083,ρητος,530.0,-0.16745
29083,ρητος,550.0,-0.9871
29083,ρητος,950.0,-0.9258000000000001
