id,word,year,mean_weighted_sentiment
29109,ριναω,-500.0,-0.9904
29109,ριναω,-450.0,-0.9921
29109,ριναω,-415.0,-0.9675
29109,ριναω,-353.0,-0.9869
29109,ριναω,-266.0,-0.9903
29109,ριναω,-149.0,-0.9865
29109,ριναω,-50.0,-0.8863952380952381
29109,ριναω,15.0,-0.8372
29109,ριναω,150.0,-0.9396
29109,ριναω,172.0,-0.9919
29109,ριναω,200.0,-0.9894
29109,ριναω,425.0,-0.906
29109,ριναω,950.0,-0.9838499999999999
