id,word,year,mean_weighted_sentiment
29121,ριον,-353.0,-0.9919
29121,ριον,-266.0,-0.981
29121,ριον,-149.0,-0.9905
29121,ριον,-50.0,-0.9572999999999998
29121,ριον,150.0,-0.9156500000000001
29121,ριον,950.0,-0.9934
