id,word,year,mean_weighted_sentiment
29093,ριγοω,-50.0,-0.9862
29093,ριγοω,172.0,-0.9793499999999999
29093,ριγοω,200.0,0.9801
29093,ριγοω,950.0,-0.9752666666666667
