id,word,year,mean_weighted_sentiment
29087,ριγεω,-500.0,-0.9901
29087,ριγεω,-50.0,-0.9846666666666667
29087,ριγεω,200.0,0.9801
29087,ριγεω,950.0,-0.9783000000000001
