id,word,year,mean_weighted_sentiment
29144,ροδον,-266.0,-0.9744999999999999
29144,ροδον,-149.0,-0.9923500000000001
29144,ροδον,-50.0,-0.9773
29144,ροδον,15.0,-0.9621
29144,ροδον,127.0,-0.9681
29144,ροδον,150.0,-0.9886
29144,ροδον,172.0,-0.9889800000000001
29144,ροδον,200.0,-0.9793000000000001
29144,ροδον,350.0,-0.9433499999999999
29144,ροδον,490.0,-0.9459
29144,ροδον,950.0,-0.9678769230769231
