id,word,year,mean_weighted_sentiment
29170,ροπη,-266.0,-0.9911
29170,ροπη,-50.0,-0.9242857142857144
29170,ροπη,-34.0,-0.9864
29170,ροπη,200.0,-0.9513
29170,ροπη,950.0,-0.9872500000000001
29170,ροπη,1118.0,-0.9306
