id,word,year,mean_weighted_sentiment
29134,ροα,-450.0,-0.9945
29134,ροα,-50.0,-0.9539199999999999
29134,ροα,127.0,-0.9581
29134,ροα,150.0,-0.9898
29134,ροα,950.0,-0.9912666666666667
