id,word,year,mean_weighted_sentiment
29168,ροος,-415.0,-0.9820666666666668
29168,ροος,-50.0,-0.7995181818181817
29168,ροος,-34.0,-0.9601
29168,ροος,150.0,-0.9833000000000001
29168,ροος,172.0,-0.9823333333333334
29168,ροος,200.0,-0.9885
29168,ροος,350.0,-0.9507
29168,ροος,448.0,-0.9659
29168,ροος,490.0,-0.8609
29168,ροος,950.0,-0.9847333333333333
