id,word,year,mean_weighted_sentiment
29146,ροδος,-266.0,-0.9744999999999999
29146,ροδος,-149.0,-0.9923500000000001
29146,ροδος,15.0,-0.9621
29146,ροδος,127.0,-0.9681
29146,ροδος,150.0,-0.9886
29146,ροδος,172.0,-0.99089
29146,ροδος,200.0,-0.9793000000000001
29146,ροδος,350.0,-0.9803
29146,ροδος,490.0,-0.9459
29146,ροδος,950.0,-0.9657750000000002
