id,word,year,mean_weighted_sentiment
29139,ροδιακος,-50.0,-0.93438
29139,ροδιακος,150.0,-0.9756499999999999
29139,ροδιακος,950.0,-0.9786785714285714
