id,word,year,mean_weighted_sentiment
29193,ρυομαι,-266.0,-0.9889857142857144
29193,ρυομαι,-50.0,-0.8059416666666667
29193,ρυομαι,127.0,-0.9777
29193,ρυομαι,172.0,-0.9903
