id,word,year,mean_weighted_sentiment
29186,ρυθμος,-50.0,-0.96105
29186,ρυθμος,-34.0,-0.7938
29186,ρυθμος,127.0,-0.951
29186,ρυθμος,147.0,-0.9677
29186,ρυθμος,150.0,-0.97325
29186,ρυθμος,448.0,-0.9427666666666666
29186,ρυθμος,950.0,-0.9844499999999999
