id,word,year,mean_weighted_sentiment
29233,ρωμη,-266.0,-0.95482
29233,ρωμη,-50.0,-0.9695199999999999
29233,ρωμη,-34.0,-0.9927
29233,ρωμη,150.0,-0.9388
29233,ρωμη,200.0,-0.9734333333333334
29233,ρωμη,350.0,-0.9707
29233,ρωμη,352.0,-0.9924
29233,ρωμη,425.0,-0.9503736842105264
29233,ρωμη,490.0,-0.9119999999999999
29233,ρωμη,950.0,-0.9708285714285716
