id,word,year,mean_weighted_sentiment
29234,ρωννυμι,-490.0,-0.9884
29234,ρωννυμι,-50.0,-0.9577277777777778
29234,ρωννυμι,-34.0,-0.9531
29234,ρωννυμι,147.0,-0.9692
29234,ρωννυμι,150.0,-0.9496421052631578
29234,ρωννυμι,200.0,-0.9886
29234,ρωννυμι,350.0,-0.9636
29234,ρωννυμι,425.0,-0.9229
29234,ρωννυμι,448.0,-0.9567
29234,ρωννυμι,950.0,-0.07940000000000003
