id,word,year,mean_weighted_sentiment
29235,ρωξ,200.0,-0.94665
29235,ρωξ,950.0,-0.9896333333333334
