id,word,year,mean_weighted_sentiment
29230,ρωμαικος,-266.0,-0.7334000000000002
29230,ρωμαικος,-50.0,-0.8614
29230,ρωμαικος,127.0,-0.9751749999999999
29230,ρωμαικος,150.0,-0.9639153846153847
29230,ρωμαικος,299.0,-0.9642
29230,ρωμαικος,350.0,-0.9732
29230,ρωμαικος,425.0,-0.9168909090909092
29230,ρωμαικος,490.0,-0.8925193548387094
29230,ρωμαικος,950.0,-0.9796073863636365
29230,ρωμαικος,1118.0,-0.9681
