id,word,year,mean_weighted_sentiment
29319,σαρδεις,-50.0,-0.98512
29319,σαρδεις,150.0,-0.9194500000000001
29319,σαρδεις,200.0,-0.9886
29319,σαρδεις,352.0,-0.9906
29319,σαρδεις,490.0,-0.882
29319,σαρδεις,950.0,-0.9813749999999999
