id,word,year,mean_weighted_sentiment
29271,σακκος,-500.0,-0.9867
29271,σακκος,-450.0,-0.9922
29271,σακκος,-353.0,-0.957975
29271,σακκος,-266.0,-0.9798600000000001
29271,σακκος,-50.0,-0.9606588235294119
29271,σακκος,150.0,-0.9538
