id,word,year,mean_weighted_sentiment
29250,σαββατον,-266.0,-0.93794
29250,σαββατον,49.0,-0.28313333333333335
29250,σαββατον,950.0,-0.9365333333333333
