id,word,year,mean_weighted_sentiment
29272,σακος,-500.0,-0.9867
29272,σακος,-450.0,-0.9922
29272,σακος,-353.0,-0.957975
29272,σακος,-50.0,-0.9621409090909093
29272,σακος,950.0,-0.9858
