id,word,year,mean_weighted_sentiment
29282,σαλευω,-490.0,-0.889
29282,σαλευω,-266.0,-0.97818
29282,σαλευω,-50.0,-0.8855000000000001
