id,word,year,mean_weighted_sentiment
29305,σανδυξ,127.0,-0.9359500000000001
29305,σανδυξ,150.0,-0.93045
29305,σανδυξ,425.0,-0.9449
29305,σανδυξ,448.0,-0.9131
29305,σανδυξ,950.0,-0.9834999999999999
