id,word,year,mean_weighted_sentiment
29326,σαρκαζω,-353.0,-0.8692
29326,σαρκαζω,-266.0,-0.9634153846153846
29326,σαρκαζω,-50.0,-0.9568
29326,σαρκαζω,15.0,-0.9919
29326,σαρκαζω,49.0,-0.92475
29326,σαρκαζω,150.0,-0.9348833333333334
29326,σαρκαζω,172.0,-0.9247428571428571
29326,σαρκαζω,200.0,-0.9897
29326,σαρκαζω,299.0,0.005750000000000033
29326,σαρκαζω,311.0,-0.8875
29326,σαρκαζω,425.0,-0.94095
29326,σαρκαζω,530.0,-0.9502666666666667
29326,σαρκαζω,950.0,-0.9922
