id,word,year,mean_weighted_sentiment
29327,σαρκαω,-353.0,-0.8692
29327,σαρκαω,-266.0,-0.9634153846153846
29327,σαρκαω,-50.0,-0.9568
29327,σαρκαω,15.0,-0.9919
29327,σαρκαω,49.0,-0.92475
29327,σαρκαω,150.0,-0.9348833333333334
29327,σαρκαω,172.0,-0.9247428571428571
29327,σαρκαω,200.0,-0.9897
29327,σαρκαω,299.0,0.005750000000000033
29327,σαρκαω,311.0,-0.8875
29327,σαρκαω,425.0,-0.94095
29327,σαρκαω,530.0,-0.9502666666666667
29327,σαρκαω,950.0,-0.9918
