id,word,year,mean_weighted_sentiment
29279,σαλαμις,-450.0,-0.9050499999999999
29279,σαλαμις,-353.0,-0.97655
29279,σαλαμις,-149.0,-0.98645
29279,σαλαμις,-50.0,-0.9721000000000001
29279,σαλαμις,150.0,-0.9638800000000002
29279,σαλαμις,950.0,-0.9855
