id,word,year,mean_weighted_sentiment
29398,σεισμος,-353.0,-0.9883
29398,σεισμος,-266.0,-0.9778
29398,σεισμος,-50.0,-0.9451666666666666
29398,σεισμος,150.0,-0.95448
29398,σεισμος,350.0,-0.9412
29398,σεισμος,490.0,-0.9102
