id,word,year,mean_weighted_sentiment
29423,σεμνος,-490.0,-0.9906
29423,σεμνος,-450.0,-0.9301999999999999
29423,σεμνος,-50.0,-0.9387333333333333
29423,σεμνος,15.0,-0.9015
29423,σεμνος,147.0,-0.8661
29423,σεμνος,150.0,-0.9408714285714286
29423,σεμνος,152.0,-0.9411499999999999
29423,σεμνος,200.0,-0.9557
29423,σεμνος,350.0,-0.9643666666666667
29423,σεμνος,490.0,-0.8669
29423,σεμνος,950.0,-0.9730749999999999
