id,word,year,mean_weighted_sentiment
29427,σεμνοω,-50.0,-0.9245666666666666
29427,σεμνοω,15.0,-0.9015
29427,σεμνοω,147.0,-0.8661
29427,σεμνοω,150.0,-0.9289499999999999
