id,word,year,mean_weighted_sentiment
29412,σελινον,-500.0,-0.9859
29412,σελινον,-50.0,-0.9721666666666667
29412,σελινον,172.0,-0.9918999999999999
29412,σελινον,200.0,-0.96265
29412,σελινον,950.0,-0.9857999999999999
