id,word,year,mean_weighted_sentiment
29400,σειω,-500.0,-0.9903
29400,σειω,-266.0,-0.48623125
29400,σειω,-50.0,-0.9571799999999999
29400,σειω,200.0,-0.979
29400,σειω,950.0,-0.9881
