id,word,year,mean_weighted_sentiment
29387,σειρα,-266.0,-0.9427
29387,σειρα,-50.0,-0.95564
29387,σειρα,147.0,-0.984
29387,σειρα,448.0,-0.983
29387,σειρα,950.0,-0.98645
