id,word,year,mean_weighted_sentiment
29450,σημα,-353.0,-0.9047
29450,σημα,-155.0,0.00035000000000001696
29450,σημα,-50.0,-0.9470000000000001
29450,σημα,950.0,-0.9879
