id,word,year,mean_weighted_sentiment
29455,σημειοω,-479.0,-0.9246
29455,σημειοω,-415.0,-0.9808
29455,σημειοω,-300.0,-0.9489
29455,σημειοω,-270.0,-0.9785
29455,σημειοω,-266.0,-0.8225666666666666
29455,σημειοω,-155.0,-0.91205
29455,σημειοω,-50.0,-0.9564600000000001
29455,σημειοω,-34.0,-0.8741
29455,σημειοω,150.0,0.9723
29455,σημειοω,200.0,-0.9217
29455,σημειοω,320.0,-0.95008
29455,σημειοω,350.0,-0.9649
29455,σημειοω,352.0,-0.9291
29455,σημειοω,530.0,-0.9227
