id,word,year,mean_weighted_sentiment
29441,σηκοω,-50.0,-0.9503999999999999
29441,σηκοω,200.0,-0.9879
29441,σηκοω,425.0,-0.87485
29441,σηκοω,950.0,-0.9872
