id,word,year,mean_weighted_sentiment
29493,σιγας,-450.0,-0.9914499999999999
29493,σιγας,-50.0,-0.9555499999999999
