id,word,year,mean_weighted_sentiment
29489,σιγαζω,-490.0,-0.9903500000000001
29489,σιγαζω,-450.0,-0.9809333333333333
29489,σιγαζω,-50.0,-0.9726625
29489,σιγαζω,269.0,-0.9329
29489,σιγαζω,350.0,-0.96435
29489,σιγαζω,425.0,-0.9428333333333333
29489,σιγαζω,950.0,-0.9802
