id,word,year,mean_weighted_sentiment
29585,σινωπευς,-149.0,-0.9908
29585,σινωπευς,127.0,-0.919675
29585,σινωπευς,150.0,-0.989
29585,σινωπευς,950.0,-0.9755333333333334
