id,word,year,mean_weighted_sentiment
29530,σιδηροω,-450.0,-0.993
29530,σιδηροω,-353.0,-0.9253
29530,σιδηροω,-266.0,-0.9796833333333334
29530,σιδηροω,-50.0,-0.969664705882353
29530,σιδηροω,150.0,-0.9428
29530,σιδηροω,200.0,-0.9756499999999999
29530,σιδηροω,350.0,-0.8908
29530,σιδηροω,425.0,-0.9119
29530,σιδηροω,448.0,-0.9036
29530,σιδηροω,490.0,-0.9165
