id,word,year,mean_weighted_sentiment
29588,σιον,-353.0,-0.9408333333333334
29588,σιον,-266.0,-0.7904658536585366
29588,σιον,-50.0,-0.9660375000000001
29588,σιον,90.0,-0.9946
29588,σιον,150.0,-0.9706
29588,σιον,182.0,-0.924
29588,σιον,200.0,-0.9782666666666667
29588,σιον,219.0,-0.915
29588,σιον,350.0,-0.9152666666666667
29588,σιον,950.0,-0.9817499999999999
