id,word,year,mean_weighted_sentiment
29480,σιαγων,-353.0,-0.9184
29480,σιαγων,-266.0,-0.986125
29480,σιαγων,-155.0,-0.9233
29480,σιαγων,-50.0,-0.9670400000000001
29480,σιαγων,49.0,-0.9053
29480,σιαγων,150.0,-0.9716
29480,σιαγων,200.0,-0.9839
