id,word,year,mean_weighted_sentiment
29506,σιδηρεος,-450.0,-0.993
29506,σιδηρεος,-353.0,-0.9253
29506,σιδηρεος,-266.0,-0.9802777777777778
29506,σιδηρεος,-149.0,-0.9814
29506,σιδηρεος,-50.0,-0.9710666666666666
29506,σιδηρεος,150.0,-0.9431333333333334
29506,σιδηρεος,200.0,-0.9756499999999999
29506,σιδηρεος,299.0,-0.92065
29506,σιδηρεος,350.0,-0.8908
29506,σιδηρεος,425.0,-0.9119
29506,σιδηρεος,448.0,-0.9036
29506,σιδηρεος,490.0,-0.9165
29506,σιδηρεος,950.0,-0.9907
