id,word,year,mean_weighted_sentiment
29540,σικελια,-490.0,-0.987
29540,σικελια,-353.0,-0.8923
29540,σικελια,-149.0,-0.6588999999999999
29540,σικελια,-50.0,-0.9604
29540,σικελια,127.0,-0.95335
29540,σικελια,150.0,-0.9648
29540,σικελια,152.0,-0.8597
29540,σικελια,350.0,-0.9809
29540,σικελια,950.0,-0.9877199999999998
