id,word,year,mean_weighted_sentiment
29494,σιγαω,-490.0,-0.9903500000000001
29494,σιγαω,-450.0,-0.9809333333333333
29494,σιγαω,-50.0,-0.96921
29494,σιγαω,200.0,-0.9896
29494,σιγαω,269.0,-0.9329
29494,σιγαω,350.0,-0.9634199999999999
29494,σιγαω,425.0,-0.9488199999999999
29494,σιγαω,950.0,-0.98475
