id,word,year,mean_weighted_sentiment
29535,σιζω,-266.0,-0.7856675
29535,σιζω,182.0,-0.924
29535,σιζω,200.0,-0.9606
29535,σιζω,219.0,-0.915
29535,σιζω,950.0,-0.98355
