id,word,year,mean_weighted_sentiment
29604,σιτεομαι,-415.0,-0.987
29604,σιτεομαι,-353.0,-0.9327222222222223
29604,σιτεομαι,-266.0,-0.9816
29604,σιτεομαι,-50.0,-0.9425529411764705
29604,σιτεομαι,150.0,-0.9510615384615384
29604,σιτεομαι,172.0,-0.7072
29604,σιτεομαι,200.0,-0.981625
29604,σιτεομαι,350.0,-0.9279
29604,σιτεομαι,490.0,-0.8747333333333334
29604,σιτεομαι,530.0,-0.9303
29604,σιτεομαι,950.0,-0.98585
29604,σιτεομαι,1127.0,-0.9399
