id,word,year,mean_weighted_sentiment
29586,σινωπη,-149.0,-0.9908
29586,σινωπη,127.0,-0.9140599999999999
29586,σινωπη,150.0,-0.9843
29586,σινωπη,950.0,-0.9755333333333334
