id,word,year,mean_weighted_sentiment
29633,σιτος,-353.0,-0.9581666666666666
29633,σιτος,-266.0,-0.9795666666666668
29633,σιτος,-50.0,-0.9449944444444446
29633,σιτος,15.0,-0.8967
29633,σιτος,150.0,-0.9449615384615384
29633,σιτος,200.0,-0.9730571428571428
29633,σιτος,350.0,-0.9544
29633,σιτος,352.0,-0.9935
29633,σιτος,490.0,-0.8788333333333332
29633,σιτος,950.0,-0.9870333333333333
29633,σιτος,1127.0,-0.9399
