id,word,year,mean_weighted_sentiment
29499,σιγλος,-266.0,-0.9172666666666668
29499,σιγλος,150.0,-0.9734142857142857
29499,σιγλος,950.0,-0.9876
