id,word,year,mean_weighted_sentiment
29520,σιδηρος,-490.0,-0.99135
29520,σιδηρος,-450.0,-0.99335
29520,σιδηρος,-353.0,-0.9253
29520,σιδηρος,-266.0,-0.9790555555555556
29520,σιδηρος,-50.0,-0.960234210526316
29520,σιδηρος,150.0,-0.9428
29520,σιδηρος,172.0,-0.9926
29520,σιδηρος,200.0,-0.9788166666666666
29520,σιδηρος,350.0,-0.8908
29520,σιδηρος,352.0,-0.9861500000000001
29520,σιδηρος,425.0,-0.9119
29520,σιδηρος,448.0,-0.9036
29520,σιδηρος,490.0,-0.9165
