id,word,year,mean_weighted_sentiment
29492,σιγα,-450.0,-0.9914499999999999
29492,σιγα,-50.0,-0.9555499999999999
