id,word,year,mean_weighted_sentiment
29496,σιγη,-490.0,-0.9903500000000001
29496,σιγη,-450.0,-0.9809333333333333
29496,σιγη,-50.0,-0.9726625
29496,σιγη,269.0,-0.9329
29496,σιγη,350.0,-0.96435
29496,σιγη,425.0,-0.9461333333333334
