id,word,year,mean_weighted_sentiment
29534,σιδων,-479.0,-0.9884
29534,σιδων,-266.0,-0.9615666666666667
29534,σιδων,-50.0,-0.9742000000000001
29534,σιδων,950.0,-0.9777
