id,word,year,mean_weighted_sentiment
29646,σιωπαω,-266.0,-0.97885
29646,σιωπαω,-50.0,-0.9644108695652173
29646,σιωπαω,152.0,-0.9737
29646,σιωπαω,200.0,-0.9919
29646,σιωπαω,237.0,-0.9537500000000001
29646,σιωπαω,350.0,-0.9319200000000001
29646,σιωπαω,425.0,-0.9586
29646,σιωπαω,950.0,-0.9926
