id,word,year,mean_weighted_sentiment
29648,σιωπη,-266.0,-0.97885
29648,σιωπη,-50.0,-0.9611
29648,σιωπη,152.0,-0.9737
29648,σιωπη,200.0,-0.9919
29648,σιωπη,237.0,-0.9502
29648,σιωπη,350.0,-0.9319200000000001
29648,σιωπη,425.0,-0.9586
29648,σιωπη,950.0,-0.9926
