id,word,year,mean_weighted_sentiment
29825,σκοπεω,-450.0,-0.9917
29825,σκοπεω,-353.0,-0.9185714285714287
29825,σκοπεω,-266.0,-0.9271
29825,σκοπεω,-50.0,-0.9614
29825,σκοπεω,15.0,-0.9607000000000001
29825,σκοπεω,147.0,-0.91304
29825,σκοπεω,150.0,-0.9273
29825,σκοπεω,200.0,-0.9747444444444445
29825,σκοπεω,350.0,-0.9432666666666667
29825,σκοπεω,425.0,-0.9595
29825,σκοπεω,448.0,-0.97775
29825,σκοπεω,490.0,-0.9051
29825,σκοπεω,530.0,-0.93115
29825,σκοπεω,550.0,-0.9856
29825,σκοπεω,950.0,-0.9865
