id,word,year,mean_weighted_sentiment
29806,σκληρος,-450.0,-0.9913000000000001
29806,σκληρος,-353.0,-0.9314
29806,σκληρος,-266.0,-0.994
29806,σκληρος,-50.0,-0.9629333333333333
29806,σκληρος,150.0,-0.9567
29806,σκληρος,200.0,-0.9685666666666667
29806,σκληρος,530.0,-0.9245333333333333
29806,σκληρος,950.0,-0.9701
