id,word,year,mean_weighted_sentiment
29860,σκυθης,-490.0,-0.99335
29860,σκυθης,-149.0,-0.9865833333333334
29860,σκυθης,-50.0,-0.9477125
29860,σκυθης,127.0,-0.892
29860,σκυθης,150.0,-0.9708944444444444
29860,σκυθης,152.0,-0.9612999999999999
29860,σκυθης,425.0,-0.98695
29860,σκυθης,490.0,-0.9108666666666667
29860,σκυθης,950.0,-0.9884454545454545
