id,word,year,mean_weighted_sentiment
29693,σκεπαζω,-415.0,-0.839
29693,σκεπαζω,-353.0,-0.9733
29693,σκεπαζω,-266.0,-0.77937
29693,σκεπαζω,-50.0,-0.97065
29693,σκεπαζω,950.0,-0.9901
