id,word,year,mean_weighted_sentiment
29699,σκεπαω,-415.0,-0.839
29699,σκεπαω,-353.0,-0.9733
29699,σκεπαω,-266.0,-0.7253285714285713
29699,σκεπαω,-50.0,-0.9431857142857142
29699,σκεπαω,950.0,-0.9901
