id,word,year,mean_weighted_sentiment
29854,σκοτος,-500.0,-0.99055
29854,σκοτος,-450.0,-0.9942
29854,σκοτος,-387.0,-0.9907
29854,σκοτος,-266.0,-0.98274375
29854,σκοτος,-50.0,-0.9733214285714286
29854,σκοτος,15.0,-0.9628749999999999
29854,σκοτος,49.0,-0.9291
29854,σκοτος,150.0,-0.9481666666666667
29854,σκοτος,200.0,-0.9722937500000001
29854,σκοτος,219.0,-0.9806
29854,σκοτος,425.0,-0.90375
29854,σκοτος,448.0,-0.9923
