id,word,year,mean_weighted_sentiment
29863,σκυθικος,150.0,-0.9251
29863,σκυθικος,152.0,-0.9621333333333334
29863,σκυθικος,172.0,-0.9861
29863,σκυθικος,269.0,-0.9541
29863,σκυθικος,425.0,-0.977
29863,σκυθικος,950.0,-0.989525
