id,word,year,mean_weighted_sentiment
29700,σκεπη,-415.0,-0.839
29700,σκεπη,-353.0,-0.9733
29700,σκεπη,-266.0,-0.7253285714285713
29700,σκεπη,-50.0,-0.9446666666666667
29700,σκεπη,950.0,-0.9901
