id,word,year,mean_weighted_sentiment
29855,σκοτοω,-266.0,-0.979725
29855,σκοτοω,-50.0,-0.97015
29855,σκοτοω,15.0,-0.9684999999999999
29855,σκοτοω,49.0,-0.9291
29855,σκοτοω,150.0,-0.9493
29855,σκοτοω,200.0,-0.970875
