id,word,year,mean_weighted_sentiment
29841,σκορπιος,-266.0,-0.9735
29841,σκορπιος,-155.0,-0.9600958333333333
29841,σκορπιος,147.0,-0.9510714285714287
29841,σκορπιος,172.0,-0.9736833333333333
29841,σκορπιος,200.0,-0.9562
