id,word,year,mean_weighted_sentiment
29728,σκεψις,-387.0,-0.9504
29728,σκεψις,-353.0,-0.9233399999999999
29728,σκεψις,-50.0,-0.9157200000000001
29728,σκεψις,150.0,-0.9866
29728,σκεψις,200.0,-0.9468
29728,σκεψις,350.0,-0.9073
29728,σκεψις,352.0,-0.96435
29728,σκεψις,425.0,-0.946
29728,σκεψις,490.0,-0.8186
29728,σκεψις,530.0,-0.9339
29728,σκεψις,550.0,-0.9644
