id,word,year,mean_weighted_sentiment
29703,σκεπτομαι,-415.0,-0.839
29703,σκεπτομαι,-353.0,-0.9733
29703,σκεπτομαι,-266.0,-0.7253285714285713
29703,σκεπτομαι,-155.0,-0.9925
29703,σκεπτομαι,-50.0,-0.9131916666666666
29703,σκεπτομαι,15.0,-0.9669
29703,σκεπτομαι,182.0,-0.8867
29703,σκεπτομαι,237.0,-0.9907
29703,σκεπτομαι,550.0,-0.9825
29703,σκεπτομαι,950.0,-0.9901
