id,word,year,mean_weighted_sentiment
29908,σκωληξ,-266.0,-0.9759499999999999
29908,σκωληξ,-50.0,-0.9660333333333333
29908,σκωληξ,550.0,-0.8746
