id,word,year,mean_weighted_sentiment
29904,σκυτοτομος,150.0,-0.91475
29904,σκυτοτομος,152.0,-0.9864
29904,σκυτοτομος,1127.0,-0.9625666666666667
