id,word,year,mean_weighted_sentiment
29766,σκια,-450.0,-0.98925
29766,σκια,-387.0,-0.9698
29766,σκια,-270.0,-0.9789
29766,σκια,-266.0,-0.9775727272727273
29766,σκια,-50.0,-0.972925
29766,σκια,15.0,-0.9267
29766,σκια,127.0,-0.9761
29766,σκια,150.0,-0.8565999999999999
29766,σκια,172.0,-0.9928
29766,σκια,200.0,-0.8221
29766,σκια,219.0,-0.959
29766,σκια,269.0,-0.9646
29766,σκια,350.0,-0.9179
29766,σκια,448.0,-0.9786
29766,σκια,950.0,-0.9855333333333333
