id,word,year,mean_weighted_sentiment
29774,σκιαω,-450.0,-0.98925
29774,σκιαω,-387.0,-0.9698
29774,σκιαω,-270.0,-0.9789
29774,σκιαω,-266.0,-0.8297307692307693
29774,σκιαω,-50.0,-0.972925
29774,σκιαω,15.0,-0.9267
29774,σκιαω,127.0,-0.9761
29774,σκιαω,150.0,-0.8565999999999999
29774,σκιαω,172.0,-0.9928
29774,σκιαω,200.0,-0.8221
29774,σκιαω,219.0,-0.959
29774,σκιαω,269.0,-0.9646
29774,σκιαω,350.0,-0.9179
29774,σκιαω,448.0,-0.9786
29774,σκιαω,950.0,-0.9855333333333333
