id,word,year,mean_weighted_sentiment
29732,σκηνη,-450.0,-0.5869199999999999
29732,σκηνη,-266.0,-0.8423
29732,σκηνη,-50.0,-0.9566617647058823
29732,σκηνη,150.0,-0.948325
29732,σκηνη,152.0,-0.92675
29732,σκηνη,219.0,-0.9781
29732,σκηνη,311.0,-0.9422
29732,σκηνη,350.0,-0.9797
29732,σκηνη,359.0,-0.9133
29732,σκηνη,448.0,-0.8948
29732,σκηνη,950.0,-0.9926
29732,σκηνη,1118.0,-0.9713499999999999
