id,word,year,mean_weighted_sentiment
29729,σκηναω,-450.0,-0.5869199999999999
29729,σκηναω,-266.0,-0.8423
29729,σκηναω,-50.0,-0.9566617647058823
29729,σκηναω,150.0,-0.9322600000000001
29729,σκηναω,152.0,-0.92675
29729,σκηναω,219.0,-0.9781
29729,σκηναω,311.0,-0.9422
29729,σκηναω,350.0,-0.9797
29729,σκηναω,359.0,-0.9133
29729,σκηναω,448.0,-0.8948
29729,σκηναω,950.0,-0.9926
29729,σκηναω,1118.0,-0.9713499999999999
