id,word,year,mean_weighted_sentiment
29881,σκυλλω,-266.0,-0.96865625
29881,σκυλλω,-50.0,-0.9747500000000001
29881,σκυλλω,425.0,-0.9409
29881,σκυλλω,950.0,-0.9855
