id,word,year,mean_weighted_sentiment
29684,σκαφος,-450.0,-0.9941
29684,σκαφος,-266.0,-0.9477
29684,σκαφος,-50.0,-0.9432999999999999
29684,σκαφος,147.0,-0.9481
29684,σκαφος,152.0,-0.9722
29684,σκαφος,352.0,-0.9899
29684,σκαφος,425.0,-0.95115
29684,σκαφος,950.0,-0.9824999999999999
29684,σκαφος,1118.0,-0.9464
