id,word,year,mean_weighted_sentiment
29691,σκελος,-479.0,-0.936
29691,σκελος,-353.0,-0.8832333333333333
29691,σκελος,-155.0,-0.9279333333333333
29691,σκελος,-50.0,-0.9543666666666667
29691,σκελος,150.0,-0.8241
29691,σκελος,200.0,-0.9616500000000001
