id,word,year,mean_weighted_sentiment
29718,σκευος,-353.0,-0.9845
29718,σκευος,-266.0,-0.9691055555555556
29718,σκευος,-50.0,-0.95458
29718,σκευος,49.0,-0.9783
29718,σκευος,150.0,-0.91722
29718,σκευος,172.0,0.982
29718,σκευος,200.0,-0.9901333333333334
29718,σκευος,950.0,-0.9884
