id,word,year,mean_weighted_sentiment
29884,σκυλον,-266.0,-0.96865625
29884,σκυλον,-50.0,-0.9747500000000001
29884,σκυλον,425.0,-0.9409
29884,σκυλον,950.0,-0.9855
