id,word,year,mean_weighted_sentiment
29713,σκευη,-353.0,-0.9845
29713,σκευη,-266.0,-0.9625090909090911
29713,σκευη,-50.0,-0.9349999999999999
29713,σκευη,150.0,-0.91722
29713,σκευη,172.0,0.982
29713,σκευη,200.0,-0.9901333333333334
29713,σκευη,425.0,-0.9634
29713,σκευη,950.0,-0.9884
