id,word,year,mean_weighted_sentiment
29943,σμυρνα,-415.0,-0.9810000000000001
29943,σμυρνα,-50.0,-0.9432499999999999
29943,σμυρνα,80.0,-0.8576
29943,σμυρνα,172.0,-0.98965
29943,σμυρνα,950.0,-0.97718
