id,word,year,mean_weighted_sentiment
29955,σολος,-353.0,-0.9614
29955,σολος,-50.0,-0.9708500000000001
29955,σολος,150.0,-0.9586
29955,σολος,950.0,-0.9856333333333334
