id,word,year,mean_weighted_sentiment
29976,σοφιστης,-490.0,-0.99165
29976,σοφιστης,-415.0,-0.9659
29976,σοφιστης,-387.0,-0.9911
29976,σοφιστης,-50.0,-0.9471
29976,σοφιστης,150.0,-0.95955
29976,σοφιστης,172.0,0.9851
29976,σοφιστης,200.0,-0.93215
29976,σοφιστης,350.0,-0.963625
29976,σοφιστης,352.0,-0.9553
