id,word,year,mean_weighted_sentiment
29971,σοφιζω,-266.0,-0.98675
29971,σοφιζω,-50.0,-0.16652000000000003
29971,σοφιζω,147.0,-0.8647
29971,σοφιζω,200.0,-0.9860333333333333
