id,word,year,mean_weighted_sentiment
30043,σπευδω,-500.0,-0.9392
30043,σπευδω,-450.0,-0.99065
30043,σπευδω,-266.0,-0.9753499999999999
30043,σπευδω,-149.0,-0.9912
30043,σπευδω,-50.0,-0.9557526315789474
30043,σπευδω,15.0,-0.9646
30043,σπευδω,150.0,-0.9135666666666666
30043,σπευδω,152.0,-0.8791
30043,σπευδω,200.0,-0.717
30043,σπευδω,1118.0,-0.965
