id,word,year,mean_weighted_sentiment
30040,σπερχειος,-50.0,-0.9537666666666667
30040,σπερχειος,150.0,-0.9895499999999999
