id,word,year,mean_weighted_sentiment
30057,σπλαγχνον,-490.0,-0.9841
30057,σπλαγχνον,-353.0,-0.9000333333333335
30057,σπλαγχνον,-266.0,-0.9700666666666667
30057,σπλαγχνον,-50.0,-0.8062
30057,σπλαγχνον,150.0,-0.8517
30057,σπλαγχνον,172.0,-0.9884
30057,σπλαγχνον,448.0,-0.987
