id,word,year,mean_weighted_sentiment
30096,σπουδη,-479.0,-0.943
30096,σπουδη,-450.0,-0.9845
30096,σπουδη,-353.0,-0.965
30096,σπουδη,-266.0,-0.7165125
30096,σπουδη,-50.0,-0.9644620689655173
30096,σπουδη,15.0,-0.8942333333333333
30096,σπουδη,150.0,-0.92842
30096,σπουδη,200.0,-0.9659
30096,σπουδη,219.0,-0.9573
30096,σπουδη,311.0,-0.8774500000000001
30096,σπουδη,425.0,-0.3803333333333334
30096,σπουδη,950.0,-0.9575499999999999
