id,word,year,mean_weighted_sentiment
30086,σπουδαιος,-387.0,0.9308
30086,σπουδαιος,-353.0,-0.9071272727272727
30086,σπουδαιος,-50.0,-0.9154
30086,σπουδαιος,-34.0,-0.9313
30086,σπουδαιος,15.0,0.01739999999999997
30086,σπουδαιος,200.0,-0.9625999999999999
30086,σπουδαιος,237.0,-0.8942000000000001
30086,σπουδαιος,490.0,-0.8705
