id,word,year,mean_weighted_sentiment
30009,σπαρτη,-450.0,-0.9917
30009,σπαρτη,-266.0,-0.9758
30009,σπαρτη,-50.0,-0.7041375000000001
30009,σπαρτη,127.0,-0.9934
30009,σπαρτη,150.0,-0.957042857142857
30009,σπαρτη,490.0,-0.8633
30009,σπαρτη,950.0,-0.97275
