id,word,year,mean_weighted_sentiment
30080,σπορας,-490.0,-0.9918
30080,σπορας,-266.0,-0.9421
30080,σπορας,-50.0,-0.944
30080,σπορας,127.0,-0.9860000000000001
30080,σπορας,147.0,-0.9613
30080,σπορας,950.0,-0.9921500000000001
