id,word,year,mean_weighted_sentiment
30449,στρωμνη,-266.0,-0.9302666666666667
30449,στρωμνη,-50.0,-0.9835666666666666
30449,στρωμνη,950.0,-0.9937
