id,word,year,mean_weighted_sentiment
30175,στεγος,-450.0,-0.9928
30175,στεγος,-149.0,0.994
30175,στεγος,-50.0,-0.9844333333333334
30175,στεγος,200.0,-0.2354666666666666
30175,στεγος,490.0,-0.8294
30175,στεγος,950.0,-0.9856
