id,word,year,mean_weighted_sentiment
30333,στομαχος,-415.0,-0.8974
30333,στομαχος,-353.0,-0.8989
30333,στομαχος,-50.0,-0.9680625
30333,στομαχος,150.0,-0.9646
30333,στομαχος,172.0,-0.70535
30333,στομαχος,447.0,-0.9161999999999999
