id,word,year,mean_weighted_sentiment
30145,στατηρ,-353.0,-0.9804
30145,στατηρ,150.0,-0.8763
30145,στατηρ,350.0,-0.92145
30145,στατηρ,950.0,-0.96565
