id,word,year,mean_weighted_sentiment
30363,στρατευμα,-266.0,-0.9274
30363,στρατευμα,-149.0,-0.9932
30363,στρατευμα,-50.0,-0.95355
30363,στρατευμα,150.0,-0.9607666666666667
30363,στρατευμα,490.0,-0.9133714285714286
30363,στρατευμα,1118.0,-0.9512
