id,word,year,mean_weighted_sentiment
30486,στωικος,-479.0,-0.9260999999999999
30486,στωικος,-50.0,-0.9751750000000001
30486,στωικος,200.0,-0.9462
30486,στωικος,335.0,-0.9863
30486,στωικος,950.0,-0.97465
