id,word,year,mean_weighted_sentiment
30231,στερησις,-353.0,-0.94855
30231,στερησις,-50.0,-0.90605
30231,στερησις,15.0,-0.9469
30231,στερησις,200.0,-0.9680555555555556
30231,στερησις,550.0,-0.9518285714285714
