id,word,year,mean_weighted_sentiment
30309,στοα,-353.0,-0.4677
30309,στοα,-50.0,-0.9293750000000001
30309,στοα,150.0,-0.9303
30309,στοα,200.0,-0.9561
30309,στοα,350.0,-0.95
30309,στοα,425.0,-0.92445
30309,στοα,950.0,-0.9725
