id,word,year,mean_weighted_sentiment
30262,στηθος,-415.0,-0.8644
30262,στηθος,-353.0,-0.9899
30262,στηθος,-155.0,-0.9479000000000001
30262,στηθος,-50.0,-0.7986771428571429
30262,στηθος,147.0,-0.9742500000000001
30262,στηθος,150.0,-0.9626666666666667
30262,στηθος,172.0,-0.9325
30262,στηθος,200.0,-0.992
