id,word,year,mean_weighted_sentiment
30371,στρατηγικος,-50.0,-0.9525333333333332
30371,στρατηγικος,150.0,-0.3047666666666667
30371,στρατηγικος,490.0,-0.9333
