id,word,year,mean_weighted_sentiment
30293,στιγμη,-353.0,-0.025349999999999984
30293,στιγμη,-50.0,-0.9503738095238096
30293,στιγμη,530.0,-0.963842857142857
30293,στιγμη,550.0,-0.97575
30293,στιγμη,950.0,-0.9799
