id,word,year,mean_weighted_sentiment
30304,στιχαομαι,-155.0,-0.97095
30304,στιχαομαι,-50.0,-0.9568944444444446
30304,στιχαομαι,90.0,-0.991
30304,στιχαομαι,320.0,-0.9125
