id,word,year,mean_weighted_sentiment
30217,στενοω,-490.0,0.9689
30217,στενοω,-50.0,-0.9685
30217,στενοω,150.0,-0.975225
30217,στενοω,200.0,-0.9711333333333334
30217,στενοω,490.0,-0.8506
