id,word,year,mean_weighted_sentiment
30405,στρεφω,-450.0,-0.9869
30405,στρεφω,-266.0,-0.8974333333333333
30405,στρεφω,-50.0,-0.9563428571428572
30405,στρεφω,127.0,-0.9798
30405,στρεφω,150.0,-0.8718
30405,στρεφω,200.0,-0.9903
30405,στρεφω,219.0,-0.9531
30405,στρεφω,237.0,-0.8883
30405,στρεφω,350.0,-0.9312
30405,στρεφω,448.0,-0.9630000000000001
30405,στρεφω,950.0,-0.9907
30405,στρεφω,1118.0,-0.9169
