id,word,year,mean_weighted_sentiment
30228,στερεοω,-479.0,-0.9814
30228,στερεοω,-266.0,-0.8241
30228,στερεοω,-50.0,-0.99415
30228,στερεοω,90.0,-0.9317
30228,στερεοω,150.0,-0.9422333333333333
30228,στερεοω,200.0,-0.9726
30228,στερεοω,320.0,-0.92038
30228,στερεοω,530.0,-0.9422999999999999
