id,word,year,mean_weighted_sentiment
30480,στυραξ,-50.0,-0.9816333333333334
30480,στυραξ,172.0,-0.9903599999999999
30480,στυραξ,350.0,-0.8682
30480,στυραξ,950.0,-0.9813
