id,word,year,mean_weighted_sentiment
30370,στρατηγιαω,-353.0,-0.6299
30370,στρατηγιαω,-50.0,-0.96665
30370,στρατηγιαω,150.0,-0.96755
30370,στρατηγιαω,350.0,-0.9535
30370,στρατηγιαω,425.0,-0.9915
30370,στρατηγιαω,490.0,-0.9138
30370,στρατηγιαω,950.0,-0.9863500000000001
