id,word,year,mean_weighted_sentiment
30378,στρατια,-353.0,-0.9845
30378,στρατια,-266.0,-0.95465
30378,στρατια,-50.0,-0.9520142857142858
30378,στρατια,15.0,-0.8814
30378,στρατια,150.0,-0.7138000000000001
30378,στρατια,425.0,-0.9105
30378,στρατια,490.0,-0.9153666666666668
30378,στρατια,950.0,-0.9905999999999999
