id,word,year,mean_weighted_sentiment
30307,στιχος,-155.0,-0.9504
30307,στιχος,-50.0,-0.9578031746031745
30307,στιχος,90.0,-0.991
30307,στιχος,200.0,-0.9342
30307,στιχος,320.0,-0.96645
