id,word,year,mean_weighted_sentiment
30108,σταδιη,-353.0,-0.9670000000000001
30108,σταδιη,-149.0,-0.9540000000000001
30108,σταδιη,-50.0,-0.9215166666666667
30108,σταδιη,127.0,-0.97925
30108,σταδιη,150.0,-0.9413
