id,word,year,mean_weighted_sentiment
30434,στροφεω,-50.0,-0.9188
30434,στροφεω,127.0,-0.957
30434,στροφεω,172.0,-0.9896499999999999
30434,στροφεω,320.0,-0.9348333333333333
30434,στροφεω,448.0,-0.9762
30434,στροφεω,950.0,-0.9895999999999999
