id,word,year,mean_weighted_sentiment
30392,στρατος,-500.0,-0.9927666666666667
30392,στρατος,-490.0,-0.9941
30392,στρατος,-450.0,-0.9910636363636364
30392,στρατος,-149.0,-0.9926
30392,στρατος,-50.0,-0.8239625
30392,στρατος,150.0,-0.42810000000000004
30392,στρατος,200.0,0.9885
30392,στρατος,490.0,-0.9084333333333334
30392,στρατος,950.0,-0.977425
