id,word,year,mean_weighted_sentiment
30113,σταζω,-490.0,-0.757
30113,σταζω,-450.0,-0.96625
30113,σταζω,-415.0,0.8366
30113,σταζω,-353.0,-0.9520333333333332
30113,σταζω,-266.0,-0.9803999999999999
30113,σταζω,-50.0,-0.9672105263157895
30113,σταζω,15.0,-0.9804999999999999
30113,σταζω,147.0,-0.8854
30113,σταζω,150.0,-0.9317857142857143
30113,σταζω,200.0,-0.97125
30113,σταζω,299.0,-0.9354
30113,σταζω,350.0,-0.9442
30113,σταζω,490.0,-0.8694
