id,word,year,mean_weighted_sentiment
30123,σταις,-50.0,-0.9674428571428572
30123,σταις,150.0,-0.9035
30123,σταις,172.0,-0.98935
30123,σταις,200.0,-0.9864
30123,σταις,350.0,-0.9442
30123,σταις,425.0,-0.9774
