id,word,year,mean_weighted_sentiment
30264,στηλη,-353.0,-0.9318799999999999
30264,στηλη,-266.0,0.9927
30264,στηλη,-149.0,-0.9767
30264,στηλη,-50.0,-0.8200461538461538
30264,στηλη,127.0,-0.9410999999999999
30264,στηλη,150.0,-0.9576
30264,στηλη,152.0,-0.9519
30264,στηλη,200.0,-0.9676499999999999
30264,στηλη,950.0,-0.97405
