id,word,year,mean_weighted_sentiment
30374,στρατηγος,-450.0,-0.9881599999999999
30374,στρατηγος,-353.0,-0.9612
30374,στρατηγος,-266.0,-0.96545
30374,στρατηγος,-50.0,-0.9338733333333332
30374,στρατηγος,127.0,-0.9801
30374,στρατηγος,150.0,-0.94575
30374,στρατηγος,200.0,-0.99224
30374,στρατηγος,350.0,-0.6323833333333333
30374,στρατηγος,425.0,-0.8210625
30374,στρατηγος,490.0,-0.9017235294117647
30374,στρατηγος,950.0,-0.9933
30374,στρατηγος,1118.0,-0.9453999999999999
