id,word,year,mean_weighted_sentiment
30394,στρατοω,-450.0,-0.9904777777777779
30394,στρατοω,-50.0,-0.7348166666666667
30394,στρατοω,150.0,-0.3155
30394,στρατοω,425.0,-0.8981
30394,στρατοω,490.0,-0.89825
30394,στρατοω,950.0,-0.977425
