id,word,year,mean_weighted_sentiment
30162,στεαρ,-353.0,-0.9459333333333332
30162,στεαρ,-266.0,-0.7003285714285715
30162,στεαρ,448.0,-0.9554
30162,στεαρ,950.0,-0.973325
