id,word,year,mean_weighted_sentiment
30367,στρατευω,-353.0,-0.9728
30367,στρατευω,-50.0,-0.770888888888889
30367,στρατευω,150.0,-0.9651500000000001
30367,στρατευω,350.0,-0.9595
30367,στρατευω,425.0,-0.8896666666666667
30367,στρατευω,490.0,-0.9411
30367,στρατευω,950.0,-0.9935
30367,στρατευω,1118.0,-0.9615
