id,word,year,mean_weighted_sentiment
30369,στρατηγια,-353.0,-0.6299
30369,στρατηγια,-50.0,-0.96665
30369,στρατηγια,150.0,-0.96755
30369,στρατηγια,350.0,-0.9535
30369,στρατηγια,425.0,-0.9915
30369,στρατηγια,490.0,-0.9138
30369,στρατηγια,950.0,-0.9861
