id,word,year,mean_weighted_sentiment
30176,στεγω,-266.0,-0.9835
30176,στεγω,-149.0,0.994
30176,στεγω,-50.0,-0.9843500000000001
30176,στεγω,200.0,-0.96085
30176,στεγω,490.0,-0.8294
30176,στεγω,950.0,-0.9897
