id,word,year,mean_weighted_sentiment
30263,στηκω,-450.0,-0.9904
30263,στηκω,-353.0,-0.9604
30263,στηκω,-50.0,-0.9337666666666666
30263,στηκω,150.0,-0.93465
