id,word,year,mean_weighted_sentiment
30328,στολος,-266.0,-0.9664
30328,στολος,-149.0,-0.9894
30328,στολος,-50.0,-0.9604666666666666
30328,στολος,150.0,-0.9574571428571428
30328,στολος,490.0,-0.8682
30328,στολος,950.0,-0.9874
