id,word,year,mean_weighted_sentiment
30320,στολη,-266.0,-0.9585666666666667
30320,στολη,-149.0,-0.9894
30320,στολη,-50.0,-0.9691
30320,στολη,15.0,-0.9913
30320,στολη,150.0,-0.977
30320,στολη,200.0,-0.9905
30320,στολη,490.0,-0.89455
30320,στολη,950.0,-0.9874
