id,word,year,mean_weighted_sentiment
30391,στρατοπεδον,-149.0,-0.9918
30391,στρατοπεδον,-50.0,-0.9363285714285714
30391,στρατοπεδον,15.0,-0.9661
30391,στρατοπεδον,150.0,-0.9402227272727274
30391,στρατοπεδον,350.0,-0.9518666666666666
30391,στρατοπεδον,490.0,-0.8833000000000001
30391,στρατοπεδον,950.0,-0.991
