id,word,year,mean_weighted_sentiment
30954,συμπλοκη,-479.0,-0.9494833333333332
30954,συμπλοκη,-50.0,-0.9573333333333333
30954,συμπλοκη,150.0,-0.99
30954,συμπλοκη,200.0,-0.9489749999999999
30954,συμπλοκη,237.0,-0.958
30954,συμπλοκη,352.0,-0.9935
