id,word,year,mean_weighted_sentiment
31597,συνιστημι,-353.0,0.9876
31597,συνιστημι,-266.0,-0.9839
31597,συνιστημι,-50.0,-0.9519000000000001
31597,συνιστημι,90.0,-0.9099
31597,συνιστημι,147.0,-0.9435153846153846
31597,συνιστημι,150.0,-0.84045
31597,συνιστημι,200.0,-0.9296833333333333
31597,συνιστημι,311.0,-0.968
31597,συνιστημι,425.0,-0.9348
31597,συνιστημι,447.0,-0.90745
31597,συνιστημι,448.0,-0.9422
31597,συνιστημι,490.0,-0.8487
31597,συνιστημι,530.0,-0.90945
31597,συνιστημι,550.0,-0.93825
