id,word,year,mean_weighted_sentiment
31842,συστασις,-353.0,-0.9941
31842,συστασις,-50.0,-0.908
31842,συστασις,90.0,-0.8936
31842,συστασις,147.0,-0.9435153846153846
31842,συστασις,150.0,-0.8403
31842,συστασις,200.0,-0.9481999999999999
31842,συστασις,311.0,-0.968
31842,συστασις,352.0,-0.967
31842,συστασις,447.0,-0.9379
