id,word,year,mean_weighted_sentiment
31592,συνιημι,-353.0,-0.9129
31592,συνιημι,-266.0,-0.6413833333333333
31592,συνιημι,-50.0,-0.9506615384615382
31592,συνιημι,49.0,-0.8782
31592,συνιημι,147.0,-0.8442
31592,συνιημι,150.0,-0.9115
31592,συνιημι,237.0,-0.95105
31592,συνιημι,299.0,-0.9174
31592,συνιημι,350.0,-0.88625
31592,συνιημι,352.0,-0.9827
31592,συνιημι,425.0,-0.8594
31592,συνιημι,950.0,-0.96395
31592,συνιημι,1118.0,-0.9626
