id,word,year,mean_weighted_sentiment
31565,συνθετος,-387.0,-0.98255
31565,συνθετος,-50.0,-0.9611208333333332
31565,συνθετος,90.0,-0.8918
31565,συνθετος,200.0,-0.9416799999999999
31565,συνθετος,237.0,-0.9164
31565,συνθετος,352.0,-0.9774
31565,συνθετος,448.0,-0.951
31565,συνθετος,530.0,-0.47401249999999995
31565,συνθετος,550.0,-0.9365399999999999
