id,word,year,mean_weighted_sentiment
30504,συγγενης,-490.0,-0.9936
30504,συγγενης,-266.0,-0.9658
30504,συγγενης,-50.0,-0.96159375
30504,συγγενης,15.0,-0.9153
30504,συγγενης,150.0,-0.9663142857142858
30504,συγγενης,200.0,-0.96205
30504,συγγενης,311.0,-0.9497
30504,συγγενης,350.0,-0.9499
30504,συγγενης,352.0,-0.9827
30504,συγγενης,490.0,-0.8932666666666668
