id,word,year,mean_weighted_sentiment
30696,συγχωννυμι,-479.0,-0.9624
30696,συγχωννυμι,-353.0,-0.9036666666666666
30696,συγχωννυμι,-50.0,-0.942535
30696,συγχωννυμι,150.0,-0.9558666666666666
30696,συγχωννυμι,200.0,-0.807
30696,συγχωννυμι,269.0,-0.8967
30696,συγχωννυμι,350.0,-0.90465
30696,συγχωννυμι,425.0,-0.9023
30696,συγχωννυμι,530.0,-0.94355
