id,word,year,mean_weighted_sentiment
30741,συλαω,-490.0,-0.9643
30741,συλαω,-50.0,-0.98385
30741,συλαω,200.0,-0.005149999999999988
30741,συλαω,950.0,-0.992
