id,word,year,mean_weighted_sentiment
31074,συναγωγη,-266.0,-0.885404761904762
31074,συναγωγη,-50.0,-0.9446142857142856
31074,συναγωγη,219.0,-0.979
31074,συναγωγη,269.0,-0.9513
31074,συναγωγη,320.0,-0.3860666666666666
31074,συναγωγη,352.0,-0.9533
31074,συναγωγη,950.0,-0.9894000000000001
