id,word,year,mean_weighted_sentiment
31320,συνεδριον,-266.0,-0.9927
31320,συνεδριον,-100.0,-0.9836
31320,συνεδριον,-50.0,-0.8492999999999999
31320,συνεδριον,80.0,-0.8953
31320,συνεδριον,200.0,-0.9437
31320,συνεδριον,425.0,-0.9012000000000001
31320,συνεδριον,950.0,-0.9933
