id,word,year,mean_weighted_sentiment
30844,συμμετρος,-387.0,-0.6853
30844,συμμετρος,-329.0,-0.8769
30844,συμμετρος,-50.0,-0.9194666666666667
30844,συμμετρος,150.0,-0.9723999999999999
30844,συμμετρος,172.0,-0.3998
30844,συμμετρος,200.0,-0.9262
30844,συμμετρος,320.0,-0.9873
30844,συμμετρος,352.0,0.9202
30844,συμμετρος,1127.0,-0.93435
