id,word,year,mean_weighted_sentiment
31540,συνηθεια,-50.0,-0.9532322580645163
31540,συνηθεια,147.0,-0.9391
31540,συνηθεια,172.0,-0.9835
31540,συνηθεια,182.0,-0.91965
31540,συνηθεια,200.0,-0.9425
31540,συνηθεια,350.0,-0.9913
31540,συνηθεια,425.0,-0.935
31540,συνηθεια,448.0,-0.9518
