id,word,year,mean_weighted_sentiment
31489,συνεργος,-387.0,-0.9897
31489,συνεργος,-353.0,-0.9421
31489,συνεργος,-50.0,-0.9687285714285715
31489,συνεργος,200.0,-0.94155
31489,συνεργος,237.0,-0.8418
31489,συνεργος,425.0,-0.8322333333333334
