id,word,year,mean_weighted_sentiment
30527,συγγραφω,-149.0,-0.99315
30527,συγγραφω,-50.0,-0.9798
30527,συγγραφω,352.0,-0.977
30527,συγγραφω,425.0,-0.9281727272727273
30527,συγγραφω,448.0,-0.10104999999999997
