id,word,year,mean_weighted_sentiment
31703,συντελεω,-353.0,-0.891
31703,συντελεω,-266.0,-0.956
31703,συντελεω,-50.0,-0.9417666666666666
31703,συντελεω,150.0,-0.9402666666666667
31703,συντελεω,200.0,-0.9430666666666667
31703,συντελεω,237.0,-0.89005
31703,συντελεω,490.0,-0.8609
