id,word,year,mean_weighted_sentiment
30614,συγκειμαι,-249.0,-0.9142666666666667
30614,συγκειμαι,200.0,-0.91874
30614,συγκειμαι,530.0,-0.011099999999999999
