id,word,year,mean_weighted_sentiment
30978,συμποσιον,-266.0,-0.9412
30978,συμποσιον,-50.0,-0.9562
30978,συμποσιον,150.0,-0.46255
30978,συμποσιον,152.0,-0.8958
30978,συμποσιον,237.0,-0.9352
30978,συμποσιον,425.0,-0.9296000000000001
