id,word,year,mean_weighted_sentiment
30919,συμπερασμα,-479.0,-0.956
30919,συμπερασμα,-353.0,-0.9614499999999999
30919,συμπερασμα,200.0,-0.3324
30919,συμπερασμα,352.0,-0.9193000000000001
30919,συμπερασμα,448.0,-0.94
30919,συμπερασμα,530.0,-0.9882
