id,word,year,mean_weighted_sentiment
31805,συρω,-500.0,-0.9923
31805,συρω,-149.0,-0.9036
31805,συρω,-50.0,0.9962
31805,συρω,127.0,-0.8936
31805,συρω,150.0,-0.9459
31805,συρω,172.0,-0.9911
31805,συρω,200.0,-0.990275
31805,συρω,425.0,-0.9228000000000001
31805,συρω,950.0,-0.97692
