id,word,year,mean_weighted_sentiment
31073,συναγωγευς,-266.0,-0.8801950000000002
31073,συναγωγευς,-50.0,-0.9595750000000001
31073,συναγωγευς,219.0,-0.979
31073,συναγωγευς,320.0,-0.3860666666666666
31073,συναγωγευς,352.0,-0.9533
