id,word,year,mean_weighted_sentiment
31507,συνετος,-266.0,-0.8109181818181818
31507,συνετος,-50.0,-0.94069
31507,συνετος,147.0,-0.8949333333333334
31507,συνετος,200.0,-0.9779
