id,word,year,mean_weighted_sentiment
31568,συνθηκη,-353.0,-0.938
31568,συνθηκη,-266.0,-0.948
31568,συνθηκη,-50.0,-0.9477923076923079
31568,συνθηκη,152.0,-0.9902
31568,συνθηκη,200.0,-0.9738
31568,συνθηκη,350.0,-0.9523
31568,συνθηκη,425.0,-0.9418500000000001
31568,συνθηκη,950.0,-0.9698000000000001
