id,word,year,mean_weighted_sentiment
31528,συνεχεια,-50.0,-0.93465
31528,συνεχεια,15.0,-0.8446
31528,συνεχεια,150.0,-0.9643
31528,συνεχεια,200.0,-0.9650000000000001
31528,συνεχεια,530.0,-0.9605
31528,συνεχεια,550.0,-0.9729000000000001
