id,word,year,mean_weighted_sentiment
31541,συνηθης,-50.0,-0.9509416666666667
31541,συνηθης,-34.0,-0.9588
31541,συνηθης,15.0,-0.9666
31541,συνηθης,150.0,-0.9508
31541,συνηθης,172.0,-0.9845666666666667
31541,συνηθης,200.0,-0.6848624999999999
31541,συνηθης,350.0,0.04159999999999997
31541,συνηθης,352.0,-0.8939
31541,συνηθης,425.0,-0.9066333333333333
31541,συνηθης,447.0,-0.8937
31541,συνηθης,490.0,-0.908025
