id,word,year,mean_weighted_sentiment
30800,συμβολος,-353.0,-0.9392499999999999
30800,συμβολος,-50.0,-0.9716666666666667
30800,συμβολος,15.0,-0.9505
30800,συμβολος,200.0,-0.94925
30800,συμβολος,311.0,-0.9422
30800,συμβολος,350.0,-0.8461
30800,συμβολος,352.0,-0.8197
30800,συμβολος,950.0,-0.9851333333333333
