id,word,year,mean_weighted_sentiment
30777,συμβαλλω,-353.0,-0.8692
30777,συμβαλλω,-50.0,-0.9517285714285714
30777,συμβαλλω,15.0,-0.9702
30777,συμβαλλω,150.0,-0.8895500000000001
30777,συμβαλλω,200.0,-0.9889
30777,συμβαλλω,447.0,-0.9623
30777,συμβαλλω,490.0,-0.8104
30777,συμβαλλω,530.0,-0.9046
30777,συμβαλλω,950.0,0.0005499999999999949
30777,συμβαλλω,1118.0,-0.9321
