id,word,year,mean_weighted_sentiment
31693,συνταξις,-155.0,-0.6911
31693,συνταξις,-149.0,0.8734500000000001
31693,συνταξις,-50.0,-0.93405
31693,συνταξις,150.0,-0.9626666666666667
31693,συνταξις,425.0,-0.9594
31693,συνταξις,448.0,-0.9670000000000001
31693,συνταξις,550.0,-0.9766
