id,word,year,mean_weighted_sentiment
31192,συναπτω,-353.0,-0.8266
31192,συναπτω,-300.0,-0.9047999999999999
31192,συναπτω,-50.0,-0.947385714285714
31192,συναπτω,147.0,-0.8881
31192,συναπτω,200.0,-0.5873
31192,συναπτω,425.0,-0.9327
