id,word,year,mean_weighted_sentiment
30805,συμβουλη,-266.0,-0.9765
30805,συμβουλη,-50.0,-0.9538461538461538
30805,συμβουλη,350.0,-0.9483
30805,συμβουλη,425.0,-0.89505
30805,συμβουλη,1118.0,-0.958
