id,word,year,mean_weighted_sentiment
30659,συγκρισις,-550.0,-0.95845
30659,συγκρισις,-50.0,-0.9496333333333333
30659,συγκρισις,147.0,-0.85905
30659,συγκρισις,200.0,-0.95068
30659,συγκρισις,320.0,-0.5745833333333333
30659,συγκρισις,530.0,-0.9330499999999999
30659,συγκρισις,1127.0,-0.9809
