id,word,year,mean_weighted_sentiment
30525,συγγραφη,-149.0,-0.9926
30525,συγγραφη,352.0,-0.977
30525,συγγραφη,425.0,-0.9333199999999999
30525,συγγραφη,448.0,-0.10104999999999997
