id,word,year,mean_weighted_sentiment
30524,συγγραφευς,-149.0,-0.9632499999999999
30524,συγγραφευς,-34.0,-0.9811
30524,συγγραφευς,352.0,-0.977
30524,συγγραφευς,425.0,-0.9266909090909091
30524,συγγραφευς,448.0,-0.10104999999999997
