id,word,year,mean_weighted_sentiment
30824,συμμαχος,-450.0,-0.9914000000000001
30824,συμμαχος,-353.0,-0.8473
30824,συμμαχος,-266.0,-0.9572799999999999
30824,συμμαχος,-50.0,-0.9396652173913044
30824,συμμαχος,150.0,-0.9690357142857142
30824,συμμαχος,200.0,-0.9929
30824,συμμαχος,299.0,-0.9837
30824,συμμαχος,350.0,-0.9218666666666667
30824,συμμαχος,490.0,-0.9403
