id,word,year,mean_weighted_sentiment
31012,συμφερω,-387.0,-0.9645750000000001
31012,συμφερω,-353.0,-0.9464461538461537
31012,συμφερω,-50.0,-0.9461416666666667
31012,συμφερω,49.0,-0.9588
31012,συμφερω,150.0,-0.94955
31012,συμφερω,200.0,-0.9606666666666667
31012,συμφερω,311.0,-0.9494
31012,συμφερω,350.0,-0.9040666666666667
31012,συμφερω,490.0,-0.9391
31012,συμφερω,950.0,-0.9733
31012,συμφερω,1118.0,-0.9364
