id,word,year,mean_weighted_sentiment
30799,συμβολον,-353.0,-0.9454666666666666
30799,συμβολον,-50.0,-0.9716666666666667
30799,συμβολον,15.0,-0.954275
30799,συμβολον,150.0,-0.962
30799,συμβολον,200.0,-0.94925
30799,συμβολον,311.0,-0.9422
30799,συμβολον,350.0,-0.8461
30799,συμβολον,352.0,-0.8197
30799,συμβολον,448.0,-0.9584
30799,συμβολον,490.0,-0.9617
30799,συμβολον,530.0,-0.751
30799,συμβολον,950.0,-0.9871400000000001
