id,word,year,mean_weighted_sentiment
30797,συμβολη,-353.0,-0.9579
30797,συμβολη,-50.0,-0.9584357142857142
30797,συμβολη,15.0,-0.96545
30797,συμβολη,150.0,-0.9163
30797,συμβολη,448.0,-0.9584
30797,συμβολη,490.0,-0.9617
30797,συμβολη,530.0,-0.751
30797,συμβολη,950.0,-0.9901500000000001
