id,word,year,mean_weighted_sentiment
31675,συνουσια,-149.0,-0.992
31675,συνουσια,-50.0,-0.957375
31675,συνουσια,150.0,-0.9490833333333333
31675,συνουσια,200.0,-0.91615
31675,συνουσια,311.0,-0.9757
31675,συνουσια,350.0,-0.92045
31675,συνουσια,425.0,-0.8769
31675,συνουσια,448.0,-0.9618
