id,word,year,mean_weighted_sentiment
31329,συνειμι,-353.0,-0.95065
31329,συνειμι,-266.0,-0.04109999999999997
31329,συνειμι,-50.0,-0.95104
31329,συνειμι,49.0,-0.8782
31329,συνειμι,150.0,-0.9704999999999999
31329,συνειμι,237.0,-0.95105
31329,συνειμι,299.0,-0.9174
31329,συνειμι,352.0,-0.9827
31329,συνειμι,425.0,-0.8594
31329,συνειμι,950.0,-0.4501
