id,word,year,mean_weighted_sentiment
31695,συντασσω,-479.0,-0.8929
31695,συντασσω,-266.0,-0.9076
31695,συντασσω,-50.0,-0.9178333333333333
31695,συντασσω,352.0,-0.9743
31695,συντασσω,425.0,-0.9246
31695,συντασσω,448.0,-0.9670000000000001
