id,word,year,mean_weighted_sentiment
30523,συγγραμμα,-479.0,-0.8739428571428572
30523,συγγραμμα,-50.0,-0.9789
30523,συγγραμμα,150.0,-0.9609
30523,συγγραμμα,172.0,-0.8311
30523,συγγραμμα,425.0,-0.3165333333333334
