id,word,year,mean_weighted_sentiment
31650,συνολος,15.0,-0.9432250000000001
31650,συνολος,150.0,-0.9644
31650,συνολος,200.0,-0.9802
31650,συνολος,320.0,-0.9297
31650,συνολος,550.0,-0.9791000000000001
