id,word,year,mean_weighted_sentiment
31031,συμφορευς,-353.0,-0.9410000000000001
31031,συμφορευς,-50.0,-0.960761111111111
31031,συμφορευς,150.0,-0.9601500000000001
31031,συμφορευς,152.0,-0.911
31031,συμφορευς,200.0,-0.98558
31031,συμφορευς,350.0,-0.93415
31031,συμφορευς,490.0,-0.8445
31031,συμφορευς,950.0,-0.992
