id,word,year,mean_weighted_sentiment
31887,σφαιρα,-300.0,-0.9182666666666668
31887,σφαιρα,-270.0,-0.9609153846153846
31887,σφαιρα,-50.0,-0.9848
31887,σφαιρα,150.0,-0.94065625
31887,σφαιρα,249.0,-0.7271875
31887,σφαιρα,320.0,-0.9478710526315787
31887,σφαιρα,350.0,-0.9837
31887,σφαιρα,425.0,-0.9407
31887,σφαιρα,448.0,-0.9493
31887,σφαιρα,550.0,-0.9740500000000001
31887,σφαιρα,950.0,-0.9807333333333333
