id,word,year,mean_weighted_sentiment
31944,σφος,-490.0,-0.993
31944,σφος,-450.0,-0.5576999999999999
31944,σφος,-353.0,-0.9464333333333333
31944,σφος,-155.0,-0.9899
31944,σφος,-50.0,-0.9737545454545458
31944,σφος,150.0,-0.9272
31944,σφος,200.0,-0.9914
31944,σφος,350.0,-0.8725499999999999
31944,σφος,425.0,-0.88855
31944,σφος,448.0,-0.9555
31944,σφος,490.0,-0.877775
31944,σφος,950.0,-0.991
