id,word,year,mean_weighted_sentiment
31910,σφενδονη,-266.0,-0.95375
31910,σφενδονη,-50.0,-0.9851
31910,σφενδονη,127.0,-0.9918
31910,σφενδονη,150.0,-0.9742500000000001
31910,σφενδονη,200.0,-0.977025
31910,σφενδονη,950.0,-0.9893
