id,word,year,mean_weighted_sentiment
31905,σφεις,-490.0,-0.993
31905,σφεις,-450.0,-0.5576999999999999
31905,σφεις,-353.0,-0.956025
31905,σφεις,-155.0,-0.9902666666666667
31905,σφεις,-50.0,-0.9303880597014925
31905,σφεις,150.0,-0.9441333333333334
31905,σφεις,172.0,-0.9928
31905,σφεις,200.0,-0.9912
31905,σφεις,269.0,-0.9618
31905,σφεις,350.0,-0.9121250000000001
31905,σφεις,425.0,-0.88855
31905,σφεις,448.0,-0.9515
31905,σφεις,490.0,-0.88002
31905,σφεις,950.0,-0.9909
