id,word,year,mean_weighted_sentiment
31878,σφαγη,-490.0,-0.9913
31878,σφαγη,-450.0,-0.993
31878,σφαγη,-266.0,-0.97315
31878,σφαγη,-100.0,-0.9495
31878,σφαγη,-50.0,-0.96275
31878,σφαγη,15.0,-0.9307
31878,σφαγη,49.0,-0.8953
31878,σφαγη,299.0,-0.8736
31878,σφαγη,350.0,-0.9479333333333333
31878,σφαγη,425.0,-0.9738199999999999
