id,word,year,mean_weighted_sentiment
31916,σφετερος,-50.0,-0.98765
31916,σφετερος,172.0,-0.9858
31916,σφετερος,425.0,-0.9111666666666666
31916,σφετερος,950.0,-0.98575
