id,word,year,mean_weighted_sentiment
31954,σφυρα,-266.0,-0.9422333333333334
31954,σφυρα,-50.0,-0.9606888888888889
31954,σφυρα,150.0,-0.9759
31954,σφυρα,950.0,-0.9874499999999999
