id,word,year,mean_weighted_sentiment
31936,σφοδρα,-450.0,-0.9911
31936,σφοδρα,-353.0,-0.9908
31936,σφοδρα,-266.0,-0.7593777777777777
31936,σφοδρα,-149.0,-0.99
31936,σφοδρα,15.0,-0.8848
31936,σφοδρα,152.0,-0.9888
31936,σφοδρα,172.0,-0.99015
31936,σφοδρα,200.0,-0.9199
31936,σφοδρα,530.0,-0.9386
