id,word,year,mean_weighted_sentiment
31967,σχεδον,-500.0,-0.9891
31967,σχεδον,-353.0,-0.52131
31967,σχεδον,-155.0,-0.92424
31967,σχεδον,-149.0,0.03075
31967,σχεδον,-50.0,-0.9512066666666669
31967,σχεδον,15.0,-0.9324
31967,σχεδον,152.0,-0.9499
31967,σχεδον,200.0,-0.9496
31967,σχεδον,311.0,-0.9235
31967,σχεδον,350.0,-0.9909
31967,σχεδον,490.0,-0.8723000000000001
31967,σχεδον,530.0,-0.9738
31967,σχεδον,550.0,-0.9849333333333333
31967,σχεδον,1118.0,-0.9648
