id,word,year,mean_weighted_sentiment
32007,σχολη,-490.0,-0.816
32007,σχολη,-450.0,0.0023000000000000242
32007,σχολη,-353.0,-0.9269000000000001
32007,σχολη,-266.0,-0.9646
32007,σχολη,-50.0,-0.9744
32007,σχολη,150.0,-0.7876666666666668
32007,σχολη,352.0,-0.994
