id,word,year,mean_weighted_sentiment
31965,σχεδιος,-50.0,0.06265000000000004
31965,σχεδιος,150.0,-0.9055799999999999
31965,σχεδιος,950.0,-0.9847666666666667
