id,word,year,mean_weighted_sentiment
31959,σχαζω,-450.0,-0.9927
31959,σχαζω,-353.0,-0.9473333333333334
31959,σχαζω,-266.0,-0.979
31959,σχαζω,-155.0,-0.8363
31959,σχαζω,-149.0,-0.994
31959,σχαζω,-50.0,-0.941509090909091
31959,σχαζω,15.0,-0.9931
31959,σχαζω,127.0,-0.93455
31959,σχαζω,150.0,-0.9434
31959,σχαζω,200.0,-0.9611333333333333
31959,σχαζω,299.0,-0.861
31959,σχαζω,350.0,-0.9553
31959,σχαζω,490.0,-0.8961333333333333
31959,σχαζω,530.0,-0.90935
31959,σχαζω,550.0,-0.9689666666666668
