id,word,year,mean_weighted_sentiment
32034,σως,-490.0,-0.0011500000000000399
32034,σως,-450.0,-0.9894000000000001
32034,σως,-266.0,-0.9373
32034,σως,-50.0,-0.8686320000000001
32034,σως,150.0,-0.966825
32034,σως,200.0,0.9596
32034,σως,350.0,-0.9641
32034,σως,359.0,-0.9898
32034,σως,425.0,-0.9416
32034,σως,448.0,-0.9734
32034,σως,490.0,-0.8886
32034,σως,550.0,-0.9728
32034,σως,1118.0,-0.9853
