id,word,year,mean_weighted_sentiment
32040,σωτηρ,-353.0,0.015649999999999997
32040,σωτηρ,-266.0,-0.8002500000000001
32040,σωτηρ,-50.0,-0.9674666666666667
32040,σωτηρ,15.0,-0.9545
32040,σωτηρ,150.0,-0.9153
32040,σωτηρ,182.0,-0.9511
32040,σωτηρ,200.0,-0.9887
32040,σωτηρ,219.0,-0.9028499999999999
32040,σωτηρ,299.0,0.065
32040,σωτηρ,350.0,-0.94065
32040,σωτηρ,425.0,-0.9233
32040,σωτηρ,950.0,-0.9675
32040,σωτηρ,1118.0,-0.9303
