id,word,year,mean_weighted_sentiment
32013,σωκρατης,-550.0,-0.94
32013,σωκρατης,-353.0,-0.521825
32013,σωκρατης,150.0,-0.6405370967741936
32013,σωκρατης,200.0,-0.9259
32013,σωκρατης,237.0,-0.9167
32013,σωκρατης,299.0,-0.936
32013,σωκρατης,350.0,-0.5866727272727273
32013,σωκρατης,352.0,-0.9241999999999999
32013,σωκρατης,383.0,-0.9502
32013,σωκρατης,425.0,-0.9413
32013,σωκρατης,448.0,-0.6899909090909092
32013,σωκρατης,550.0,-0.9601142857142857
32013,σωκρατης,950.0,-0.9713499999999999
