id,word,year,mean_weighted_sentiment
32009,σωζω,-450.0,-0.9919
32009,σωζω,-353.0,-0.9456
32009,σωζω,-266.0,-0.33744615384615384
32009,σωζω,-50.0,-0.624170588235294
32009,σωζω,150.0,-0.93665
32009,σωζω,200.0,-0.9480500000000001
32009,σωζω,219.0,-0.9175
32009,σωζω,425.0,-0.8986
32009,σωζω,530.0,-0.9246
32009,σωζω,550.0,-0.8724
