id,word,year,mean_weighted_sentiment
32020,σωματικος,-155.0,-0.9448
32020,σωματικος,-50.0,-0.9478166666666666
32020,σωματικος,15.0,-0.9667
32020,σωματικος,147.0,-0.85505
32020,σωματικος,200.0,-0.9272
32020,σωματικος,237.0,-0.977
32020,σωματικος,447.0,-0.9754
32020,σωματικος,550.0,-0.9553666666666666
