id,word,year,mean_weighted_sentiment
32012,σωκρατεω,-550.0,-0.9236
32012,σωκρατεω,-353.0,-0.521825
32012,σωκρατεω,150.0,-0.8623435897435897
32012,σωκρατεω,200.0,-0.9259
32012,σωκρατεω,299.0,-0.936
32012,σωκρατεω,350.0,-0.928842857142857
32012,σωκρατεω,352.0,-0.948
32012,σωκρατεω,383.0,-0.9502
32012,σωκρατεω,425.0,-0.9413
32012,σωκρατεω,448.0,-0.93969
32012,σωκρατεω,550.0,-0.9601142857142857
32012,σωκρατεω,950.0,-0.9713499999999999
