id,word,year,mean_weighted_sentiment
32274,ταως,-479.0,-0.9534
32274,ταως,-353.0,0.9376
32274,ταως,-155.0,-0.9904
32274,ταως,-50.0,-0.9744444444444444
32274,ταως,150.0,-0.94415
32274,ταως,200.0,-0.984075
32274,ταως,950.0,-0.9932
