id,word,year,mean_weighted_sentiment
32101,ταμιειον,490.0,-0.8957999999999999
32101,ταμιειον,950.0,-0.975642857142857
