id,word,year,mean_weighted_sentiment
32175,ταραχη,-353.0,-0.9808
32175,ταραχη,-266.0,-0.9770666666666666
32175,ταραχη,-50.0,-0.951958823529412
32175,ταραχη,147.0,-0.92085
32175,ταραχη,150.0,-0.97745
32175,ταραχη,172.0,-0.9865
32175,ταραχη,352.0,-0.9785
32175,ταραχη,425.0,-0.9547
32175,ταραχη,490.0,-0.8762
32175,ταραχη,950.0,-0.9918666666666667
