id,word,year,mean_weighted_sentiment
32222,ταυροομαι,-266.0,-0.9928
32222,ταυροομαι,-155.0,-0.9295736842105263
32222,ταυροομαι,-149.0,-0.9892
32222,ταυροομαι,-50.0,-0.94766
32222,ταυροομαι,127.0,-0.9339000000000001
32222,ταυροομαι,147.0,-0.70495
32222,ταυροομαι,150.0,-0.9592499999999999
32222,ταυροομαι,200.0,-0.9820166666666666
32222,ταυροομαι,950.0,-0.9848666666666667
