id,word,year,mean_weighted_sentiment
32098,ταμια,-353.0,-0.9893
32098,ταμια,-50.0,-0.9813000000000001
32098,ταμια,950.0,-0.9878166666666667
