id,word,year,mean_weighted_sentiment
32099,ταμιας,-353.0,-0.9893
32099,ταμιας,-50.0,-0.9813000000000001
32099,ταμιας,950.0,-0.9878166666666667
