id,word,year,mean_weighted_sentiment
32249,ταχεως,-415.0,-0.9748
32249,ταχεως,-353.0,-0.92825
32249,ταχεως,-266.0,-0.9717
32249,ταχεως,-50.0,-0.9642241379310345
32249,ταχεως,150.0,-0.91255
32249,ταχεως,172.0,-0.9801857142857143
32249,ταχεως,200.0,-0.9405
32249,ταχεως,269.0,-0.9731
32249,ταχεως,350.0,-0.9343666666666666
