id,word,year,mean_weighted_sentiment
32238,ταφευς,-450.0,-0.9896666666666666
32238,ταφευς,-266.0,-0.9711000000000001
32238,ταφευς,-50.0,-0.9664400000000001
32238,ταφευς,15.0,-0.8996999999999999
32238,ταφευς,350.0,-0.949
32238,ταφευς,490.0,-0.8818
32238,ταφευς,950.0,-0.9932
