id,word,year,mean_weighted_sentiment
32159,ταπεινοω,-266.0,-0.69258
32159,ταπεινοω,-50.0,-0.9658249999999999
32159,ταπεινοω,15.0,-0.8774
32159,ταπεινοω,49.0,-0.8708
32159,ταπεινοω,150.0,-0.9652
32159,ταπεινοω,200.0,-0.9766
