id,word,year,mean_weighted_sentiment
32248,ταχα,-450.0,-0.98992
32248,ταχα,-266.0,-0.9169
32248,ταχα,-50.0,-0.9558999999999999
32248,ταχα,15.0,-0.9459333333333334
32248,ταχα,150.0,-0.9704
32248,ταχα,152.0,-0.9007
32248,ταχα,200.0,-0.975625
32248,ταχα,237.0,-0.9065
32248,ταχα,269.0,-0.9666666666666667
32248,ταχα,311.0,-0.95095
32248,ταχα,352.0,-0.945
32248,ταχα,950.0,-0.9887
