id,word,year,mean_weighted_sentiment
32174,ταρασσω,-266.0,-0.9861833333333334
32174,ταρασσω,-50.0,-0.946864705882353
32174,ταρασσω,150.0,-0.7733
32174,ταρασσω,200.0,-0.9732
32174,ταρασσω,350.0,-0.9321
32174,ταρασσω,425.0,-0.8755
32174,ταρασσω,950.0,-0.9828571428571429
