id,word,year,mean_weighted_sentiment
32096,ταμειον,-266.0,-0.9584400000000001
32096,ταμειον,200.0,-0.9411333333333333
32096,ταμειον,950.0,-0.9916
