id,word,year,mean_weighted_sentiment
32226,ταυρος,-500.0,-0.9932
32226,ταυρος,-450.0,-0.9796
32226,ταυρος,-266.0,-0.9787000000000001
32226,ταυρος,-155.0,-0.9412629629629629
32226,ταυρος,-149.0,-0.9899333333333332
32226,ταυρος,-50.0,-0.9514
32226,ταυρος,127.0,-0.9339000000000001
32226,ταυρος,147.0,-0.8963795454545456
32226,ταυρος,150.0,-0.9592499999999999
32226,ταυρος,200.0,-0.9741185185185187
32226,ταυρος,950.0,-0.9839875
