id,word,year,mean_weighted_sentiment
32440,τερπνος,-450.0,-0.9882
32440,τερπνος,-50.0,-0.9181333333333334
32440,τερπνος,15.0,-0.7368
32440,τερπνος,150.0,-0.9339166666666667
