id,word,year,mean_weighted_sentiment
32314,τειχος,-353.0,-0.968525
32314,τειχος,-266.0,-0.9483166666666666
32314,τειχος,-50.0,-0.942603738317757
32314,τειχος,150.0,-0.9546000000000001
32314,τειχος,152.0,-0.9713
32314,τειχος,200.0,-0.9917333333333334
32314,τειχος,219.0,-0.9114
32314,τειχος,269.0,-0.9912
32314,τειχος,350.0,-0.95185
32314,τειχος,425.0,-0.974
32314,τειχος,490.0,-0.87766
32314,τειχος,950.0,-0.7998000000000001
32314,τειχος,1118.0,-0.9548
