id,word,year,mean_weighted_sentiment
32442,τερπω,-500.0,-0.9898
32442,τερπω,-450.0,-0.13040000000000002
32442,τερπω,-415.0,-0.983
32442,τερπω,-50.0,-0.9032625000000001
32442,τερπω,150.0,-0.9792
32442,τερπω,311.0,-0.8682
32442,τερπω,350.0,-0.8961
32442,τερπω,490.0,-0.8306
32442,τερπω,950.0,-0.9785499999999999
