id,word,year,mean_weighted_sentiment
32296,τειχεω,-353.0,-0.9916
32296,τειχεω,-266.0,-0.9569714285714285
32296,τειχεω,-50.0,-0.9517461538461538
32296,τειχεω,150.0,-0.9399555555555555
32296,τειχεω,200.0,-0.9919
32296,τειχεω,219.0,-0.916
32296,τειχεω,350.0,-0.95185
32296,τειχεω,425.0,-0.974
32296,τειχεω,490.0,-0.8583333333333333
32296,τειχεω,950.0,-0.8265307692307693
