id,word,year,mean_weighted_sentiment
32283,τεθηπα,-450.0,-0.9856333333333334
32283,τεθηπα,-353.0,-0.9789
32283,τεθηπα,-266.0,-0.9562333333333334
32283,τεθηπα,-50.0,-0.9647423076923077
32283,τεθηπα,127.0,-0.9662
32283,τεθηπα,152.0,-0.927
32283,τεθηπα,200.0,-0.9914
32283,τεθηπα,269.0,-0.9811
32283,τεθηπα,448.0,-0.9897
32283,τεθηπα,490.0,-0.8997
32283,τεθηπα,950.0,-0.9737444444444444
32283,τεθηπα,1118.0,-0.9595
