id,word,year,mean_weighted_sentiment
32395,τεμνω,-415.0,-0.9793
32395,τεμνω,-249.0,-0.8619
32395,τεμνω,-155.0,-0.9588
32395,τεμνω,-50.0,-0.889372
32395,τεμνω,150.0,-0.9484666666666666
32395,τεμνω,200.0,-0.95915
32395,τεμνω,249.0,-0.9521
32395,τεμνω,320.0,-0.8988499999999999
32395,τεμνω,350.0,-0.9276500000000001
32395,τεμνω,425.0,-0.91935
32395,τεμνω,448.0,-0.9741
32395,τεμνω,530.0,-0.9064
32395,τεμνω,950.0,-0.9833166666666666
