id,word,year,mean_weighted_sentiment
32584,τεως,-450.0,-0.981
32584,τεως,-50.0,-0.9505200000000001
32584,τεως,150.0,-0.9276
32584,τεως,152.0,-0.9800999999999999
32584,τεως,200.0,-0.9745
32584,τεως,320.0,-0.8667
32584,τεως,425.0,-0.9675
32584,τεως,490.0,-0.87775
32584,τεως,1118.0,-0.9554499999999999
