id,word,year,mean_weighted_sentiment
32430,τερμα,-450.0,-0.9927
32430,τερμα,-50.0,-0.9836250000000001
32430,τερμα,150.0,-0.9443
32430,τερμα,425.0,-0.90535
32430,τερμα,950.0,-0.886
