id,word,year,mean_weighted_sentiment
32406,τεραζω,-490.0,-0.9924
32406,τεραζω,-266.0,-0.9637333333333333
32406,τεραζω,-155.0,-0.9288000000000001
32406,τεραζω,-50.0,-0.9540294117647058
32406,τεραζω,150.0,-0.6514
32406,τεραζω,350.0,-0.9255333333333334
32406,τεραζω,425.0,-0.9447
32406,τεραζω,490.0,-0.9091
