id,word,year,mean_weighted_sentiment
32371,τελευταιος,-479.0,-0.951
32371,τελευταιος,-353.0,-0.9097166666666667
32371,τελευταιος,-50.0,-0.939670588235294
32371,τελευταιος,150.0,-0.977
32371,τελευταιος,152.0,-0.9605
32371,τελευταιος,200.0,-0.95075
32371,τελευταιος,269.0,-0.8911
32371,τελευταιος,299.0,-0.9582
32371,τελευταιος,350.0,-0.9311
32371,τελευταιος,950.0,-0.9772399999999999
