id,word,year,mean_weighted_sentiment
32394,τεμενος,-353.0,-0.9914000000000001
32394,τεμενος,-266.0,-0.9544
32394,τεμενος,-50.0,-0.9539857142857143
32394,τεμενος,127.0,-0.8859
32394,τεμενος,200.0,-0.9922
32394,τεμενος,425.0,-0.8952
