id,word,year,mean_weighted_sentiment
32292,τεινω,-266.0,-0.9874
32292,τεινω,-155.0,-0.9746
32292,τεινω,-50.0,-0.9293800000000001
32292,τεινω,90.0,-0.8968
32292,τεινω,172.0,-0.9111
32292,τεινω,950.0,-0.9672666666666667
