id,word,year,mean_weighted_sentiment
32352,τελαμων,-450.0,-0.7245333333333334
32352,τελαμων,-149.0,-0.988
32352,τελαμων,-50.0,-0.9475652173913042
32352,τελαμων,269.0,-0.9731
