id,word,year,mean_weighted_sentiment
32370,τελετη,-500.0,-0.9926
32370,τελετη,-50.0,-0.9553200000000001
32370,τελετη,15.0,-0.665
32370,τελετη,150.0,-0.3138
32370,τελετη,425.0,-0.9801500000000001
32370,τελετη,950.0,-0.9784599999999999
