id,word,year,mean_weighted_sentiment
32301,τειχιον,-50.0,-0.9716
32301,τειχιον,150.0,-0.9424800000000001
32301,τειχιον,950.0,-0.9735499999999999
