id,word,year,mean_weighted_sentiment
32403,τενων,-500.0,-0.989
32403,τενων,-50.0,-0.5729555555555556
32403,τενων,152.0,-0.9642
32403,τενων,172.0,-0.95225
32403,τενων,200.0,-0.9503
