id,word,year,mean_weighted_sentiment
32564,τευχω,-490.0,-0.9928
32564,τευχω,-450.0,-0.9902
32564,τευχω,-50.0,-0.9747727272727275
32564,τευχω,269.0,-0.9668
32564,τευχω,950.0,-0.9872333333333333
