id,word,year,mean_weighted_sentiment
32566,τεφρος,-50.0,0.014249999999999985
32566,τεφρος,200.0,-0.9440999999999999
32566,τεφρος,950.0,-0.9853999999999998
