id,word,year,mean_weighted_sentiment
32527,τετρας,-479.0,-0.96
32527,τετρας,-353.0,-0.9655666666666667
32527,τετρας,-50.0,-0.9408
32527,τετρας,90.0,0.9683
32527,τετρας,147.0,-0.9665
32527,τετρας,150.0,-0.9637
32527,τετρας,172.0,-0.98685
32527,τετρας,200.0,-0.9072
32527,τετρας,219.0,-0.9661
32527,τετρας,320.0,-0.9667
32527,τετρας,350.0,-0.9884
32527,τετρας,448.0,-0.9307000000000001
32527,τετρας,950.0,-0.9561999999999999
32527,τετρας,1127.0,-0.8873
