id,word,year,mean_weighted_sentiment
32519,τετραπους,-353.0,-0.9048124999999999
32519,τετραπους,-50.0,-0.96492
32519,τετραπους,150.0,0.5069
32519,τετραπους,200.0,-0.9897
32519,τετραπους,352.0,-0.992
32519,τετραπους,950.0,-0.9873333333333333
