id,word,year,mean_weighted_sentiment
32373,τελευτη,-266.0,-0.9725999999999999
32373,τελευτη,-50.0,-0.9612285714285715
32373,τελευτη,150.0,-0.9233000000000001
32373,τελευτη,172.0,-0.9849333333333333
32373,τελευτη,350.0,-0.9579500000000001
32373,τελευτη,425.0,-0.934525
32373,τελευτη,447.0,-0.9369
32373,τελευτη,448.0,-0.8936
32373,τελευτη,490.0,-0.8659857142857142
32373,τελευτη,950.0,-0.9782666666666667
