id,word,year,mean_weighted_sentiment
32383,τελωνεω,-353.0,-0.9545
32383,τελωνεω,150.0,-0.98065
32383,τελωνεω,950.0,-0.9904999999999999
