id,word,year,mean_weighted_sentiment
32343,τεκνοω,-490.0,-0.9886
32343,τεκνοω,-450.0,-0.98505
32343,τεκνοω,-266.0,-0.8502875
32343,τεκνοω,-50.0,-0.9695388888888888
32343,τεκνοω,147.0,-0.7632
32343,τεκνοω,150.0,-0.97438
32343,τεκνοω,172.0,-0.993
32343,τεκνοω,200.0,-0.9807
32343,τεκνοω,219.0,-0.9203
32343,τεκνοω,311.0,-0.9459
32343,τεκνοω,350.0,-0.9614
32343,τεκνοω,950.0,-0.958
