id,word,year,mean_weighted_sentiment
32453,τεσσαρακοντα,-353.0,-0.9733
32453,τεσσαρακοντα,-266.0,-0.9547799999999999
32453,τεσσαρακοντα,150.0,-0.9735499999999999
32453,τεσσαρακοντα,448.0,-0.9018
32453,τεσσαρακοντα,490.0,-0.9083
