id,word,year,mean_weighted_sentiment
32565,τεφρα,-50.0,0.014249999999999985
32565,τεφρα,200.0,-0.9440999999999999
32565,τεφρα,950.0,-0.9853999999999998
