id,word,year,mean_weighted_sentiment
32592,τηκω,-450.0,-0.9894999999999999
32592,τηκω,-353.0,-0.9559
32592,τηκω,-266.0,-0.534275
32592,τηκω,-149.0,-0.9866
32592,τηκω,-50.0,-0.9625222222222223
32592,τηκω,90.0,-0.9629
32592,τηκω,147.0,-0.88815
32592,τηκω,150.0,-0.9422
32592,τηκω,172.0,-0.9687
32592,τηκω,182.0,-0.9375
32592,τηκω,200.0,-0.95275
32592,τηκω,269.0,-0.9542
32592,τηκω,320.0,0.5782
32592,τηκω,350.0,-0.9493
32592,τηκω,490.0,-0.9263
32592,τηκω,950.0,-0.9800833333333333
