id,word,year,mean_weighted_sentiment
32614,τηλικουτος,-50.0,-0.9585888888888889
32614,τηλικουτος,49.0,-0.9714
32614,τηλικουτος,200.0,-0.9669
32614,τηλικουτος,237.0,-0.9415
32614,τηλικουτος,350.0,-0.9705
32614,τηλικουτος,425.0,-0.9359999999999999
32614,τηλικουτος,550.0,-0.9667
32614,τηλικουτος,950.0,-0.9763999999999999
