id,word,year,mean_weighted_sentiment
32634,τηνικαυτα,-50.0,-0.92508
32634,τηνικαυτα,172.0,-0.991
32634,τηνικαυτα,352.0,-0.9863
32634,τηνικαυτα,425.0,-0.9259999999999999
32634,τηνικαυτα,490.0,-0.9539
32634,τηνικαυτα,950.0,-0.9715
