id,word,year,mean_weighted_sentiment
32642,τηρεω,-50.0,-0.96304
32642,τηρεω,200.0,-0.9764999999999999
32642,τηρεω,237.0,0.9957
32642,τηρεω,350.0,-0.98535
32642,τηρεω,950.0,-0.9914000000000001
