id,word,year,mean_weighted_sentiment
32585,τηδε,-490.0,-0.7201833333333333
32585,τηδε,-450.0,-0.9496800000000001
32585,τηδε,-149.0,0.9942
32585,τηδε,-50.0,-0.9770666666666666
32585,τηδε,147.0,-0.8703
32585,τηδε,150.0,-0.94685
32585,τηδε,172.0,-0.9901
32585,τηδε,200.0,-0.9644
32585,τηδε,237.0,-0.9148
32585,τηδε,350.0,-0.8684
32585,τηδε,425.0,-0.9483333333333334
32585,τηδε,448.0,-0.94675
32585,τηδε,490.0,-0.9539
32585,τηδε,550.0,-0.9854
32585,τηδε,950.0,-0.97292
