id,word,year,mean_weighted_sentiment
32690,τιμος,-266.0,-0.98105
32690,τιμος,-50.0,-0.9446333333333333
32690,τιμος,15.0,-0.9294
32690,τιμος,150.0,-0.9686
32690,τιμος,350.0,-0.9171
32690,τιμος,490.0,-0.9391
32690,τιμος,950.0,-0.9904666666666667
