id,word,year,mean_weighted_sentiment
32715,τιταν,-500.0,0.9833
32715,τιταν,-490.0,-0.9805333333333334
32715,τιταν,-50.0,-0.9620363636363636
32715,τιταν,150.0,-0.9713
