id,word,year,mean_weighted_sentiment
32651,τιγρις,-266.0,-0.963
32651,τιγρις,127.0,-0.9471
32651,τιγρις,147.0,-0.9371
32651,τιγρις,150.0,-0.96115
32651,τιγρις,200.0,-0.9894333333333334
32651,τιγρις,950.0,-0.9826
