id,word,year,mean_weighted_sentiment
32676,τιμημα,-353.0,-0.9370999999999998
32676,τιμημα,127.0,-0.9538
32676,τιμημα,350.0,-0.96645
32676,τιμημα,950.0,-0.968175
