id,word,year,mean_weighted_sentiment
32717,τιτης,-50.0,-0.9541999999999999
32717,τιτης,200.0,-0.9545
32717,τιτης,352.0,-0.9426
32717,τιτης,950.0,-0.9747333333333333
