id,word,year,mean_weighted_sentiment
32696,τιμωρια,-50.0,-0.9525555555555554
32696,τιμωρια,15.0,-0.9156
32696,τιμωρια,152.0,-0.9725
32696,τιμωρια,350.0,-0.9494666666666666
32696,τιμωρια,425.0,-0.9371
32696,τιμωρια,448.0,-0.9439500000000001
32696,τιμωρια,490.0,-0.8841
32696,τιμωρια,950.0,-0.9862000000000001
