id,word,year,mean_weighted_sentiment
32736,τλημων,-500.0,-0.9844
32736,τλημων,-490.0,-0.9904
32736,τλημων,-450.0,-0.9861333333333334
32736,τλημων,-50.0,-0.7872800000000001
32736,τλημων,200.0,-0.20211999999999994
32736,τλημων,950.0,-0.9838
