id,word,year,mean_weighted_sentiment
32839,τοσος,-450.0,-0.9894
32839,τοσος,-353.0,-0.944225
32839,τοσος,-270.0,-0.9483
32839,τοσος,-155.0,-0.97324
32839,τοσος,-50.0,-0.7799794117647059
32839,τοσος,150.0,-0.9689
32839,τοσος,172.0,-0.9832666666666666
32839,τοσος,200.0,-0.9884
32839,τοσος,299.0,-0.9192
32839,τοσος,350.0,-0.9240000000000002
32839,τοσος,352.0,-0.9532
32839,τοσος,425.0,-0.93695
