id,word,year,mean_weighted_sentiment
32852,τουνεκα,-50.0,-0.9794666666666666
32852,τουνεκα,172.0,-0.9783
32852,τουνεκα,200.0,-0.9843999999999999
32852,τουνεκα,950.0,-0.9803
