id,word,year,mean_weighted_sentiment
32783,τομη,-270.0,-0.9298
32783,τομη,-266.0,-0.9802
32783,τομη,-249.0,-0.8542222222222223
32783,τομη,-50.0,-0.9354875
32783,τομη,150.0,-0.978
32783,τομη,152.0,-0.9587
32783,τομη,172.0,-0.9764
32783,τομη,320.0,-0.9394600000000001
32783,τομη,425.0,-0.92045
32783,τομη,950.0,-0.9634
