id,word,year,mean_weighted_sentiment
32782,τομευς,-266.0,-0.9802
32782,τομευς,-249.0,-0.7928133333333334
32782,τομευς,-50.0,-0.9353200000000002
32782,τομευς,150.0,-0.978
32782,τομευς,152.0,-0.9587
32782,τομευς,172.0,-0.9764
32782,τομευς,320.0,-0.950625
32782,τομευς,425.0,-0.92045
32782,τομευς,490.0,-0.9096
32782,τομευς,950.0,-0.982
