id,word,year,mean_weighted_sentiment
32757,τοιχος,-266.0,-0.97384
32757,τοιχος,-50.0,-0.9585307692307692
32757,τοιχος,150.0,-0.9277352941176471
32757,τοιχος,200.0,-0.9801416666666666
32757,τοιχος,352.0,-0.994
32757,τοιχος,425.0,-0.92795
32757,τοιχος,950.0,-0.9809000000000001
32757,τοιχος,1118.0,-0.9548
