id,word,year,mean_weighted_sentiment
32805,τοξοτης,-353.0,-0.9828
32805,τοξοτης,-266.0,-0.8925
32805,τοξοτης,-155.0,-0.9294730769230768
32805,τοξοτης,-50.0,-0.951338888888889
32805,τοξοτης,127.0,-0.9715
32805,τοξοτης,147.0,-0.9407583333333334
32805,τοξοτης,150.0,-0.9495333333333332
32805,τοξοτης,200.0,-0.9927
32805,τοξοτης,269.0,-0.9644
32805,τοξοτης,425.0,-0.8511
32805,τοξοτης,490.0,-0.8403
32805,τοξοτης,950.0,-0.9708
