id,word,year,mean_weighted_sentiment
32749,τοιγαρ,-500.0,0.9933
32749,τοιγαρ,-450.0,-0.12445
32749,τοιγαρ,-266.0,-0.9311
32749,τοιγαρ,-50.0,-0.976
32749,τοιγαρ,15.0,-0.6042166666666665
32749,τοιγαρ,147.0,-0.94505
32749,τοιγαρ,150.0,-0.5570999999999999
32749,τοιγαρ,200.0,-0.95062
32749,τοιγαρ,299.0,0.012500000000000011
32749,τοιγαρ,350.0,-0.9369000000000001
32749,τοιγαρ,425.0,-0.003599999999999992
32749,τοιγαρ,950.0,-0.62624
