id,word,year,mean_weighted_sentiment
33170,τροφος,-450.0,-0.9907
33170,τροφος,-50.0,-0.9456916666666668
33170,τροφος,15.0,-0.89015
33170,τροφος,150.0,-0.9612
33170,τροφος,350.0,-0.9578
33170,τροφος,950.0,-0.9833
