id,word,year,mean_weighted_sentiment
33190,τροχος,-353.0,-0.9816499999999999
33190,τροχος,-300.0,-0.8377
33190,τροχος,-266.0,-0.8827
33190,τροχος,-50.0,-0.9697100000000002
33190,τροχος,150.0,-0.9382
33190,τροχος,172.0,-0.9901333333333332
33190,τροχος,200.0,-0.9909
33190,τροχος,950.0,-0.9697888888888888
