id,word,year,mean_weighted_sentiment
33192,τρυγαω,-266.0,-0.97635
33192,τρυγαω,-50.0,-0.9603333333333333
33192,τρυγαω,150.0,-0.942
33192,τρυγαω,200.0,-0.9874
33192,τρυγαω,425.0,-0.9307
33192,τρυγαω,950.0,-0.9791333333333333
