id,word,year,mean_weighted_sentiment
32895,τραυμα,-415.0,-0.9854
32895,τραυμα,-353.0,-0.963
32895,τραυμα,-266.0,-0.9722500000000001
32895,τραυμα,-50.0,-0.9617705882352942
32895,τραυμα,15.0,-0.9307
32895,τραυμα,150.0,-0.9725
32895,τραυμα,152.0,-0.9944
32895,τραυμα,172.0,-0.9896333333333334
32895,τραυμα,200.0,-0.9736499999999999
32895,τραυμα,447.0,-0.877
32895,τραυμα,950.0,-0.9823166666666667
