id,word,year,mean_weighted_sentiment
32903,τραχηλος,-415.0,-0.9844
32903,τραχηλος,-266.0,-0.9621875
32903,τραχηλος,-50.0,-0.9502333333333333
32903,τραχηλος,49.0,-0.9166
32903,τραχηλος,150.0,-0.9377
32903,τραχηλος,172.0,-0.9909333333333333
32903,τραχηλος,200.0,-0.4798
32903,τραχηλος,950.0,-0.97456
