id,word,year,mean_weighted_sentiment
33167,τροφιμος,-50.0,-0.9903249999999999
33167,τροφιμος,15.0,-0.9389000000000001
33167,τροφιμος,50.0,-0.8975
33167,τροφιμος,150.0,-0.907075
33167,τροφιμος,350.0,-0.9302000000000001
33167,τροφιμος,425.0,0.7262
33167,τροφιμος,950.0,-0.9735
