id,word,year,mean_weighted_sentiment
33222,τρυφος,-266.0,-0.964225
33222,τρυφος,-50.0,-0.9116
33222,τρυφος,152.0,-0.9659
33222,τρυφος,200.0,-0.9685
33222,τρυφος,350.0,-0.9467
33222,τρυφος,425.0,-0.8297
33222,τρυφος,950.0,-0.9805333333333334
