id,word,year,mean_weighted_sentiment
33237,τρωικος,-450.0,-0.9933
33237,τρωικος,-149.0,-0.9927333333333332
33237,τρωικος,-50.0,-0.9584058823529413
33237,τρωικος,147.0,-0.9565
33237,τρωικος,150.0,-0.93345
33237,τρωικος,269.0,-0.9559
33237,τρωικος,950.0,-0.9674857142857143
