id,word,year,mean_weighted_sentiment
33147,τρομος,-266.0,-0.49350000000000005
33147,τρομος,-50.0,-0.97942
33147,τρομος,172.0,-0.9855
33147,τρομος,950.0,-0.96675
