id,word,year,mean_weighted_sentiment
32955,τριβωνιον,152.0,-0.94395
32955,τριβωνιον,352.0,-0.9808
32955,τριβωνιον,950.0,-0.9883666666666667
