id,word,year,mean_weighted_sentiment
32883,τραπεζα,-266.0,-0.8184384615384614
32883,τραπεζα,-50.0,-0.945175
32883,τραπεζα,150.0,-0.9608399999999999
32883,τραπεζα,172.0,-0.9938
32883,τραπεζα,200.0,-0.97475
32883,τραπεζα,425.0,-0.9931
32883,τραπεζα,490.0,-0.9029666666666668
32883,τραπεζα,950.0,-0.9896533333333332
