id,word,year,mean_weighted_sentiment
32939,τριακοσιοι,-353.0,-0.9813
32939,τριακοσιοι,-266.0,-0.96195
32939,τριακοσιοι,-50.0,-0.9017999999999999
32939,τριακοσιοι,150.0,-0.9500500000000001
32939,τριακοσιοι,152.0,-0.9501
32939,τριακοσιοι,425.0,-0.938
