id,word,year,mean_weighted_sentiment
32873,τραγωδια,-50.0,-0.97375
32873,τραγωδια,150.0,-0.96945
32873,τραγωδια,152.0,-0.9833
32873,τραγωδια,350.0,-0.9561999999999999
32873,τραγωδια,425.0,-0.9213
32873,τραγωδια,448.0,-0.8898
32873,τραγωδια,530.0,-0.9737
32873,τραγωδια,950.0,-0.9763000000000001
