id,word,year,mean_weighted_sentiment
33247,τρως,-450.0,-0.9932
33247,τρως,-149.0,-0.9916
33247,τρως,-50.0,-0.9627578823529411
33247,τρως,150.0,-0.935125
33247,τρως,269.0,-0.9817769230769231
33247,τρως,299.0,-0.9882
33247,τρως,350.0,-0.9814333333333334
