id,word,year,mean_weighted_sentiment
33046,τριπους,-50.0,-0.84981875
33046,τριπους,150.0,-0.9606
33046,τριπους,950.0,-0.9763999999999999
