id,word,year,mean_weighted_sentiment
33235,τρωγω,-500.0,-0.9875499999999999
33235,τρωγω,-266.0,-0.9945
33235,τρωγω,-50.0,-0.9412
33235,τρωγω,49.0,-0.916
33235,τρωγω,200.0,-0.9921
33235,τρωγω,950.0,-0.9756666666666667
