id,word,year,mean_weighted_sentiment
32906,τραχυς,-490.0,-0.9924999999999999
32906,τραχυς,-353.0,-0.778
32906,τραχυς,-266.0,-0.9757666666666666
32906,τραχυς,-50.0,-0.9711666666666667
32906,τραχυς,127.0,-0.892
32906,τραχυς,150.0,-0.9588666666666666
32906,τραχυς,152.0,-0.962
32906,τραχυς,269.0,-0.993
32906,τραχυς,530.0,-0.8618
32906,τραχυς,950.0,-0.972188888888889
