id,word,year,mean_weighted_sentiment
33193,τρυγη,-266.0,-0.97635
33193,τρυγη,-50.0,-0.9603333333333333
33193,τρυγη,150.0,-0.942
33193,τρυγη,200.0,-0.9917
33193,τρυγη,425.0,-0.9397
33193,τρυγη,950.0,-0.9791333333333333
