id,word,year,mean_weighted_sentiment
33080,τρις,-450.0,-0.9916
33080,τρις,-353.0,-0.9873
33080,τρις,-50.0,-0.974825
33080,τρις,90.0,-0.9917777777777778
33080,τρις,150.0,-0.9444
33080,τρις,172.0,-0.9405142857142857
