id,word,year,mean_weighted_sentiment
33230,τρωας,-450.0,-0.9915499999999999
33230,τρωας,-149.0,-0.9916
33230,τρωας,-50.0,-0.964568932038835
33230,τρωας,150.0,-0.9562333333333334
33230,τρωας,350.0,-0.9847
33230,τρωας,950.0,-0.9598
