id,word,year,mean_weighted_sentiment
33111,τριτω,-353.0,-0.9698333333333333
33111,τριτω,-266.0,-0.9011
33111,τριτω,-155.0,-0.9759999999999999
33111,τριτω,-50.0,-0.953
33111,τριτω,269.0,-0.9562
33111,τριτω,448.0,-0.94685
33111,τριτω,490.0,-0.9064
33111,τριτω,530.0,-0.9211
33111,τριτω,550.0,-0.9691
33111,τριτω,950.0,-0.9548
33111,τριτω,1127.0,-0.9805
