id,word,year,mean_weighted_sentiment
32987,τριηρης,-353.0,-0.9842500000000001
32987,τριηρης,150.0,-0.9073499999999999
32987,τριηρης,350.0,-0.866
32987,τριηρης,490.0,-0.983
32987,τριηρης,950.0,-0.9905
