id,word,year,mean_weighted_sentiment
33238,τρωιος,-450.0,-0.9932
33238,τρωιος,-149.0,-0.9916
33238,τρωιος,-50.0,-0.9626802521008404
33238,τρωιος,150.0,-0.9928
33238,τρωιος,269.0,-0.9817769230769231
33238,τρωιος,299.0,-0.9882
33238,τρωιος,350.0,-0.9847
33238,τρωιος,448.0,-0.9908
