id,word,year,mean_weighted_sentiment
33292,τυπτω,-490.0,-0.9904
33292,τυπτω,-266.0,-0.9818
33292,τυπτω,-50.0,-0.9601625
33292,τυπτω,150.0,-0.898
33292,τυπτω,200.0,-0.57116
33292,τυπτω,950.0,-0.97966875
