id,word,year,mean_weighted_sentiment
33335,τυφλοω,-266.0,-0.9714499999999999
33335,τυφλοω,15.0,-0.955
33335,τυφλοω,200.0,-0.9151
33335,τυφλοω,219.0,-0.9108333333333333
33335,τυφλοω,950.0,-0.9944
