id,word,year,mean_weighted_sentiment
33299,τυραννις,-490.0,-0.9921166666666666
33299,τυραννις,-353.0,-0.9671222222222222
33299,τυραννις,-266.0,-0.9902
33299,τυραννις,-149.0,-0.9903
33299,τυραννις,-50.0,-0.9169
33299,τυραννις,15.0,-0.8767
33299,τυραννις,150.0,-0.9302375
33299,τυραννις,152.0,-0.9661
33299,τυραννις,350.0,-0.9483999999999999
33299,τυραννις,425.0,-0.9705
33299,τυραννις,950.0,-0.9936
33299,τυραννις,1127.0,-0.9138
