id,word,year,mean_weighted_sentiment
33251,τυδευς,-50.0,-0.9666454545454545
33251,τυδευς,150.0,-0.9554333333333332
