id,word,year,mean_weighted_sentiment
33353,τυχος,-479.0,-0.94575
33353,τυχος,-50.0,-0.965621052631579
33353,τυχος,147.0,-0.8523
33353,τυχος,150.0,-0.9343249999999999
33353,τυχος,152.0,-0.9938
33353,τυχος,200.0,-0.9544333333333334
33353,τυχος,249.0,-0.95585
33353,τυχος,350.0,-0.951525
33353,τυχος,448.0,-0.9547
33353,τυχος,550.0,-0.97855
33353,τυχος,950.0,-0.983425
33353,τυχος,1118.0,-0.96
