id,word,year,mean_weighted_sentiment
33345,τυφω,-50.0,-0.9668777777777778
33345,τυφω,15.0,-0.9517
33345,τυφω,147.0,-0.964
33345,τυφω,200.0,-0.9888
33345,τυφω,425.0,-0.9462
33345,τυφω,950.0,-0.9609000000000001
