id,word,year,mean_weighted_sentiment
33311,τυριος,-266.0,-0.9742666666666667
33311,τυριος,-149.0,-0.8708
33311,τυριος,127.0,-0.9612
33311,τυριος,150.0,-0.37497499999999995
33311,τυριος,950.0,-0.9602
