id,word,year,mean_weighted_sentiment
33351,τυχον,-50.0,-0.9594625
33351,τυχον,150.0,-0.93455
33351,τυχον,200.0,-0.9544333333333334
33351,τυχον,350.0,-0.9527
33351,τυχον,550.0,-0.97855
33351,τυχον,950.0,-0.9851000000000001
33351,τυχον,1118.0,-0.9599
