id,word,year,mean_weighted_sentiment
33321,τυρος,-500.0,-0.9881
33321,τυρος,-353.0,-0.9851
33321,τυρος,-266.0,-0.8519666666666668
33321,τυρος,-50.0,-0.98195
33321,τυρος,150.0,-0.9696666666666666
33321,τυρος,200.0,-0.9512833333333334
33321,τυρος,425.0,-0.9521599999999999
33321,τυρος,950.0,-0.988025
