id,word,year,mean_weighted_sentiment
33372,υβρις,-450.0,-0.9904
33372,υβρις,-353.0,-0.9821500000000001
33372,υβρις,-266.0,-0.9484
33372,υβρις,-149.0,-0.9931
33372,υβρις,-50.0,-0.9492272727272727
33372,υβρις,15.0,-0.893
33372,υβρις,147.0,-0.9467
33372,υβρις,150.0,-0.962
33372,υβρις,152.0,-0.9824
33372,υβρις,200.0,-0.9793
33372,υβρις,269.0,-0.9841
33372,υβρις,350.0,-0.9616
33372,υβρις,425.0,-0.9919
33372,υβρις,950.0,-0.9478
33372,υβρις,1127.0,-0.9897
