id,word,year,mean_weighted_sentiment
33377,υγεια,-479.0,-0.9598833333333334
33377,υγεια,-266.0,-0.9802
33377,υγεια,-50.0,-0.861
33377,υγεια,15.0,-0.9846
33377,υγεια,150.0,-0.9369857142857142
33377,υγεια,200.0,-0.9105
33377,υγεια,425.0,-0.8672
33377,υγεια,448.0,-0.9889
33377,υγεια,530.0,-0.9478
33377,υγεια,550.0,-0.9340285714285714
33377,υγεια,950.0,-0.96375
