id,word,year,mean_weighted_sentiment
33411,υδρια,150.0,-0.9609000000000001
33411,υδρια,200.0,-0.88445
33411,υδρια,950.0,-0.9676600000000001
