id,word,year,mean_weighted_sentiment
33461,υλιζω,-353.0,-0.9825
33461,υλιζω,200.0,-0.467775
33461,υλιζω,550.0,-0.9620500000000001
