id,word,year,mean_weighted_sentiment
33479,υμετερος,-500.0,-0.9864
33479,υμετερος,-50.0,-0.98875
33479,υμετερος,152.0,-0.96395
33479,υμετερος,200.0,-0.991
33479,υμετερος,299.0,-0.9244
33479,υμετερος,350.0,-0.9254
33479,υμετερος,425.0,-0.9623857142857143
