id,word,year,mean_weighted_sentiment
33483,υμνεω,-266.0,-0.90775
33483,υμνεω,-50.0,-0.9552428571428572
33483,υμνεω,15.0,0.06285000000000002
33483,υμνεω,127.0,-0.9276
33483,υμνεω,150.0,-0.9266
33483,υμνεω,182.0,-0.8655
33483,υμνεω,299.0,-0.9874
33483,υμνεω,311.0,-0.9676
33483,υμνεω,425.0,-0.8753000000000001
33483,υμνεω,550.0,-0.9876
33483,υμνεω,950.0,-0.98672
