id,word,year,mean_weighted_sentiment
33491,υμνος,-266.0,-0.38656
33491,υμνος,-50.0,-0.8086769230769231
33491,υμνος,15.0,-0.8673
33491,υμνος,127.0,-0.9276
33491,υμνος,299.0,-0.9874
33491,υμνος,311.0,-0.9676
33491,υμνος,425.0,-0.8758
33491,υμνος,950.0,-0.98672
