id,word,year,mean_weighted_sentiment
33481,υμην,-415.0,-0.97435
33481,υμην,-353.0,-0.9390000000000001
33481,υμην,-50.0,-0.9497833333333334
33481,υμην,172.0,-0.9891
33481,υμην,950.0,-0.9819
