id,word,year,mean_weighted_sentiment
33560,υπατος,-266.0,0.5877
33560,υπατος,-50.0,-0.78041
33560,υπατος,350.0,-0.909
33560,υπατος,352.0,-0.9831
33560,υπατος,490.0,-0.9293
33560,υπατος,950.0,-0.97364
