id,word,year,mean_weighted_sentiment
34131,υπομνημα,-50.0,-0.9620777777777779
34131,υπομνημα,147.0,-0.8848
34131,υπομνημα,172.0,-0.9453
34131,υπομνημα,352.0,-0.9724
34131,υπομνημα,425.0,-0.9289
34131,υπομνημα,950.0,-0.9597333333333333
