id,word,year,mean_weighted_sentiment
33692,υπερβολη,-479.0,-0.8672500000000001
33692,υπερβολη,-387.0,-0.9909666666666667
33692,υπερβολη,-353.0,-0.9378800000000002
33692,υπερβολη,-50.0,-0.9350999999999999
33692,υπερβολη,150.0,-0.8727
33692,υπερβολη,200.0,-0.6419
33692,υπερβολη,350.0,-0.89635
33692,υπερβολη,425.0,-0.9467
33692,υπερβολη,530.0,-0.9480999999999999
33692,υπερβολη,950.0,-0.9696
