id,word,year,mean_weighted_sentiment
33558,υπατη,-50.0,-0.491175
33558,υπατη,352.0,-0.9749
33558,υπατη,490.0,-0.9228
33558,υπατη,950.0,-0.9714666666666666
