id,word,year,mean_weighted_sentiment
33940,υπναω,-500.0,-0.9935
33940,υπναω,-353.0,-0.9383333333333334
33940,υπναω,-266.0,-0.6728500000000001
33940,υπναω,-50.0,-0.9578666666666668
33940,υπναω,15.0,-0.9585
33940,υπναω,150.0,-0.9475545454545454
33940,υπναω,172.0,-0.9892666666666666
33940,υπναω,269.0,-0.9661
33940,υπναω,352.0,-0.9805333333333334
33940,υπναω,490.0,-0.9532
33940,υπναω,950.0,-0.9724
