id,word,year,mean_weighted_sentiment
33922,υπηκους,-50.0,-0.9576
33922,υπηκους,15.0,-0.960875
33922,υπηκους,200.0,-0.98195
33922,υπηκους,299.0,-0.9075
33922,υπηκους,425.0,-0.8611
33922,υπηκους,490.0,-0.8546
33922,υπηκους,950.0,-0.97495
33922,υπηκους,1118.0,-0.948
