id,word,year,mean_weighted_sentiment
33982,υπογραφω,-550.0,-0.975
33982,υπογραφω,-479.0,-0.8546428571428571
33982,υπογραφω,-266.0,-0.9715
33982,υπογραφω,-155.0,-0.9754
33982,υπογραφω,-50.0,-0.9304
33982,υπογραφω,150.0,-0.9277
33982,υπογραφω,200.0,-0.875
33982,υπογραφω,425.0,-0.9519249999999999
