id,word,year,mean_weighted_sentiment
34027,υποθεσις,-387.0,-0.9847
34027,υποθεσις,-353.0,-0.98376
34027,υποθεσις,-270.0,-0.9282
34027,υποθεσις,-50.0,-0.9423636363636363
34027,υποθεσις,-34.0,-0.9339
34027,υποθεσις,15.0,-0.8909
34027,υποθεσις,150.0,-0.9921
34027,υποθεσις,200.0,-0.986475
34027,υποθεσις,320.0,-0.9883
34027,υποθεσις,352.0,-0.9596
34027,υποθεσις,530.0,-0.87706
