id,word,year,mean_weighted_sentiment
34030,υποθηκη,-50.0,-0.9669800000000001
34030,υποθηκη,150.0,-0.942
34030,υποθηκη,425.0,-0.8591500000000001
