id,word,year,mean_weighted_sentiment
33520,υπακουω,-353.0,-0.96115
33520,υπακουω,-266.0,-0.9719
33520,υπακουω,-50.0,-0.978275
33520,υπακουω,172.0,-0.9889
33520,υπακουω,350.0,-0.8867
33520,υπακουω,950.0,-0.993
