id,word,year,mean_weighted_sentiment
34221,υποστασις,-266.0,-0.8883666666666667
34221,υποστασις,147.0,-0.9241199999999999
34221,υποστασις,150.0,-0.9527
34221,υποστασις,237.0,-0.9252333333333334
34221,υποστασις,425.0,-0.91802
34221,υποστασις,448.0,-0.9804
