id,word,year,mean_weighted_sentiment
33930,υπηρετεω,-490.0,-0.9928
33930,υπηρετεω,-353.0,-0.9662999999999999
33930,υπηρετεω,-50.0,-0.9557285714285716
33930,υπηρετεω,150.0,-0.96225
33930,υπηρετεω,152.0,-0.9253
33930,υπηρετεω,200.0,-0.9887333333333334
33930,υπηρετεω,350.0,-0.9252
33930,υπηρετεω,550.0,-0.8559
33930,υπηρετεω,950.0,-0.20923999999999995
