id,word,year,mean_weighted_sentiment
33750,υπερηφανος,-266.0,-0.7886409090909091
33750,υπερηφανος,-50.0,-0.9675333333333334
33750,υπερηφανος,950.0,-0.9551
