id,word,year,mean_weighted_sentiment
34340,υποψια,-50.0,-0.9487
34340,υποψια,350.0,-0.9614499999999999
34340,υποψια,490.0,-0.90235
