id,word,year,mean_weighted_sentiment
34371,υστερεω,-353.0,-0.9937
34371,υστερεω,-266.0,-0.9832
34371,υστερεω,147.0,-0.9524999999999999
34371,υστερεω,172.0,-0.98585
34371,υστερεω,200.0,-0.9620666666666667
34371,υστερεω,352.0,-0.9753333333333334
34371,υστερεω,447.0,-0.9288
34371,υστερεω,550.0,-0.8822666666666666
34371,υστερεω,1118.0,-0.9534
