id,word,year,mean_weighted_sentiment
34368,υστατος,-450.0,-0.9408
34368,υστατος,-50.0,-0.9763250000000001
34368,υστατος,-34.0,-0.97515
34368,υστατος,15.0,-0.9623
34368,υστατος,150.0,-0.9832
34368,υστατος,152.0,-0.8612
34368,υστατος,172.0,-0.9928
34368,υστατος,350.0,-0.956
34368,υστατος,550.0,-0.9498
