id,word,year,mean_weighted_sentiment
34413,υφιστημι,-50.0,-0.9309999999999999
34413,υφιστημι,147.0,-0.92445
34413,υφιστημι,150.0,-0.9527
34413,υφιστημι,237.0,-0.9252333333333334
34413,υφιστημι,335.0,-0.957
34413,υφιστημι,425.0,-0.8535
