id,word,year,mean_weighted_sentiment
34477,υψοω,-266.0,-0.7589666666666667
34477,υψοω,-50.0,-0.9530666666666665
34477,υψοω,127.0,-0.9505
34477,υψοω,150.0,-0.86325
34477,υψοω,172.0,-0.9818
34477,υψοω,200.0,-0.041100000000000025
34477,υψοω,490.0,-0.8329
34477,υψοω,950.0,-0.9936
