id,word,year,mean_weighted_sentiment
34476,υψου,-50.0,-0.9677333333333333
34476,υψου,172.0,-0.9818
34476,υψου,200.0,-0.041100000000000025
