id,word,year,mean_weighted_sentiment
34475,υψος,-300.0,-0.9755666666666668
34475,υψος,-266.0,-0.9744000000000002
34475,υψος,-249.0,-0.8921333333333333
34475,υψος,-50.0,-0.952764
34475,υψος,127.0,-0.9505
34475,υψος,150.0,-0.8580679999999998
34475,υψος,182.0,-0.9308
34475,υψος,200.0,-0.9786
34475,υψος,249.0,-0.9865
34475,υψος,320.0,-0.9233
34475,υψος,490.0,-0.8782
34475,υψος,950.0,-0.9786
