id,word,year,mean_weighted_sentiment
34540,φανη,-353.0,-0.95935
34540,φανη,-50.0,-0.9376166666666667
34540,φανη,172.0,-0.9885
34540,φανη,200.0,0.0018499999999999628
34540,φανη,269.0,-0.9678
34540,φανη,311.0,-0.95305
34540,φανη,425.0,-0.8259
34540,φανη,448.0,-0.9325
34540,φανη,530.0,-0.9847
34540,φανη,550.0,-0.9863
34540,φανη,950.0,-0.97305
