id,word,year,mean_weighted_sentiment
34563,φαρμακοω,-490.0,-0.9913000000000001
34563,φαρμακοω,-415.0,-0.9873
34563,φαρμακοω,-353.0,-0.987
34563,φαρμακοω,-266.0,-0.9932
34563,φαρμακοω,-50.0,-0.9571666666666667
34563,φαρμακοω,150.0,-0.9542333333333334
34563,φαρμακοω,152.0,-0.9476
34563,φαρμακοω,172.0,-0.9896699999999999
34563,φαρμακοω,200.0,-0.9931
34563,φαρμακοω,237.0,-0.9912
34563,φαρμακοω,350.0,-0.95425
34563,φαρμακοω,950.0,-0.9888857142857143
