id,word,year,mean_weighted_sentiment
34590,φαυλος,-353.0,-0.9297599999999999
34590,φαυλος,-50.0,-0.9578333333333333
34590,φαυλος,15.0,-0.8677
34590,φαυλος,147.0,-0.91325
34590,φαυλος,150.0,-0.86705
34590,φαυλος,152.0,-0.92985
34590,φαυλος,172.0,-0.9926333333333334
34590,φαυλος,200.0,-0.9667899999999999
34590,φαυλος,269.0,-0.9731
34590,φαυλος,350.0,-0.960725
34590,φαυλος,447.0,-0.8648
34590,φαυλος,550.0,-0.9432
34590,φαυλος,950.0,-0.98285
34590,φαυλος,1127.0,-0.9695499999999999
