id,word,year,mean_weighted_sentiment
34539,φανεροω,-490.0,-0.9922
34539,φανεροω,-155.0,-0.94445
34539,φανεροω,-50.0,-0.9433999999999999
34539,φανεροω,-34.0,-0.978
34539,φανεροω,150.0,-0.9410666666666666
34539,φανεροω,350.0,-0.9189
34539,φανεροω,530.0,-0.7852
34539,φανεροω,550.0,-0.9669999999999999
