id,word,year,mean_weighted_sentiment
34515,φαλακρος,-50.0,-0.9493600000000001
34515,φαλακρος,172.0,-0.9886
34515,φαλακρος,200.0,-0.9901
34515,φαλακρος,950.0,-0.98985
