id,word,year,mean_weighted_sentiment
34577,φασκω,-479.0,-0.925
34577,φασκω,-353.0,-0.9601999999999999
34577,φασκω,-155.0,-0.9192
34577,φασκω,-50.0,-0.975
34577,φασκω,200.0,-0.9855
34577,φασκω,350.0,-0.9210571428571429
34577,φασκω,352.0,-0.9783
34577,φασκω,425.0,-0.8908
34577,φασκω,490.0,-0.872
34577,φασκω,530.0,-0.9022600000000001
34577,φασκω,550.0,-0.9389
