id,word,year,mean_weighted_sentiment
34545,φαντασια,-353.0,-0.9517
34545,φαντασια,-300.0,-0.8973
34545,φαντασια,-50.0,-0.9580346153846155
34545,φαντασια,15.0,-0.9553
34545,φαντασια,147.0,-0.93414
34545,φαντασια,150.0,-0.957875
34545,φαντασια,200.0,-0.9369250000000001
34545,φαντασια,352.0,0.9727
34545,φαντασια,448.0,-0.9606
34545,φαντασια,550.0,-0.9102333333333333
