id,word,year,mean_weighted_sentiment
34554,φαρμακεια,-50.0,-0.98615
34554,φαρμακεια,172.0,-0.9873666666666666
34554,φαρμακεια,950.0,-0.9672000000000001
