id,word,year,mean_weighted_sentiment
34567,φαρος,-266.0,-0.9872
34567,φαρος,-149.0,-0.9914
34567,φαρος,-50.0,-0.8393176470588235
34567,φαρος,200.0,-0.9813000000000001
34567,φαρος,352.0,-0.8863
34567,φαρος,448.0,-0.9863
34567,φαρος,950.0,-0.991
