id,word,year,mean_weighted_sentiment
34485,φαεινος,-155.0,-0.9881
34485,φαεινος,-50.0,-0.9599307692307693
34485,φαεινος,269.0,-0.958675
