id,word,year,mean_weighted_sentiment
34512,φαλαγξ,-266.0,-0.9683
34512,φαλαγξ,-50.0,-0.9524961538461538
34512,φαλαγξ,150.0,-0.8675799999999999
34512,φαλαγξ,200.0,-0.9891
34512,φαλαγξ,425.0,-0.9025
34512,φαλαγξ,950.0,-0.9642461538461536
