id,word,year,mean_weighted_sentiment
34492,φαιδρος,-50.0,-0.9512473684210527
34492,φαιδρος,15.0,-0.9877
34492,φαιδρος,150.0,-0.9316999999999999
34492,φαιδρος,269.0,-0.9823
34492,φαιδρος,350.0,-0.8626
34492,φαιδρος,448.0,-0.9535666666666667
34492,φαιδρος,950.0,-0.988
