id,word,year,mean_weighted_sentiment
34598,φειδομαι,-450.0,-0.9917
34598,φειδομαι,-50.0,-0.976725
34598,φειδομαι,80.0,-0.9832
34598,φειδομαι,150.0,-0.8727
34598,φειδομαι,200.0,-0.9904
34598,φειδομαι,350.0,-0.96835
34598,φειδομαι,425.0,-0.9178
34598,φειδομαι,950.0,-0.9941
