id,word,year,mean_weighted_sentiment
34603,φειδω,-450.0,-0.9917
34603,φειδω,-50.0,-0.9815499999999999
34603,φειδω,200.0,-0.9904
34603,φειδω,425.0,-0.96475
34603,φειδω,490.0,-0.9857
34603,φειδω,950.0,-0.9861
