id,word,year,mean_weighted_sentiment
34658,φημις,-490.0,-0.9899
34658,φημις,-50.0,-0.9544
34658,φημις,-34.0,0.9291
34658,φημις,127.0,-0.9437
34658,φημις,150.0,-0.7577499999999999
34658,φημις,350.0,-0.87825
34658,φημις,425.0,-0.9176
34658,φημις,950.0,-0.9858333333333333
