id,word,year,mean_weighted_sentiment
34664,φθαρτος,49.0,-0.9137
34664,φθαρτος,200.0,-0.96065
34664,φθαρτος,352.0,-0.9426
34664,φθαρτος,530.0,-0.9901
34664,φθαρτος,550.0,-0.90614
34664,φθαρτος,950.0,-0.9871
