id,word,year,mean_weighted_sentiment
34699,φθονος,-490.0,-0.9891
34699,φθονος,-450.0,-0.9881
34699,φθονος,-387.0,-0.9867
34699,φθονος,-266.0,-0.951
34699,φθονος,-50.0,-0.9691666666666666
34699,φθονος,15.0,-0.9525
34699,φθονος,147.0,-0.8598
34699,φθονος,150.0,-0.95085
34699,φθονος,200.0,-0.9385333333333333
34699,φθονος,350.0,-0.9353
34699,φθονος,425.0,-0.9036
