id,word,year,mean_weighted_sentiment
34689,φθιω,-353.0,-0.9762000000000001
34689,φθιω,-155.0,-0.9896
34689,φθιω,-50.0,-0.9717857142857145
34689,φθιω,172.0,-0.9921
34689,φθιω,448.0,-0.9509000000000001
34689,φθιω,950.0,-0.9922
