id,word,year,mean_weighted_sentiment
34662,φθανω,-479.0,-0.9628
34662,φθανω,-50.0,-0.9636083333333333
34662,φθανω,150.0,-0.9008
34662,φθανω,152.0,-0.8597
34662,φθανω,269.0,-0.9619
34662,φθανω,425.0,-0.88765
34662,φθανω,490.0,-0.8723
34662,φθανω,550.0,-0.97545
34662,φθανω,950.0,-0.95185
34662,φθανω,1118.0,-0.9431666666666666
