id,word,year,mean_weighted_sentiment
34700,φθορα,-479.0,-0.8985
34700,φθορα,-353.0,-0.9461
34700,φθορα,-266.0,-0.9475
34700,φθορα,-50.0,-0.9647
34700,φθορα,15.0,-0.8362499999999999
34700,φθορα,147.0,-0.9689
34700,φθορα,150.0,-0.9042
34700,φθορα,161.0,-0.8959
34700,φθορα,200.0,-0.9580666666666667
34700,φθορα,219.0,-0.9362
34700,φθορα,237.0,-0.898
34700,φθορα,350.0,-0.9363
34700,φθορα,530.0,-0.9610875
34700,φθορα,550.0,-0.939
34700,φθορα,950.0,-0.9886
