id,word,year,mean_weighted_sentiment
34960,φιλοσοφεω,-479.0,-0.9507555555555555
34960,φιλοσοφεω,-50.0,-0.9708
34960,φιλοσοφεω,15.0,-0.94145
34960,φιλοσοφεω,50.0,-0.95445
34960,φιλοσοφεω,150.0,-0.8662590909090908
34960,φιλοσοφεω,152.0,-0.9461
34960,φιλοσοφεω,161.0,-0.9877
34960,φιλοσοφεω,200.0,-0.9626
34960,φιλοσοφεω,350.0,-0.9204
34960,φιλοσοφεω,383.0,-0.989
34960,φιλοσοφεω,448.0,-0.9589333333333334
34960,φιλοσοφεω,550.0,-0.9743333333333332
