id,word,year,mean_weighted_sentiment
34980,φιλοτιμια,-50.0,0.001050000000000051
34980,φιλοτιμια,425.0,-0.9351666666666666
