id,word,year,mean_weighted_sentiment
34736,φιλανθρωπος,-550.0,0.9902
34736,φιλανθρωπος,-490.0,-0.9926
34736,φιλανθρωπος,-353.0,-0.9739
34736,φιλανθρωπος,-50.0,-0.9756
34736,φιλανθρωπος,15.0,-0.9082666666666667
34736,φιλανθρωπος,150.0,-0.9564
34736,φιλανθρωπος,350.0,-0.965775
34736,φιλανθρωπος,352.0,0.9911
34736,φιλανθρωπος,425.0,-0.9897
34736,φιλανθρωπος,950.0,-0.97895
