id,word,year,mean_weighted_sentiment
34790,φιλητος,-353.0,-0.96055
34790,φιλητος,-50.0,-0.9648999999999999
34790,φιλητος,200.0,-0.9892
