id,word,year,mean_weighted_sentiment
34735,φιλανθρωπια,-50.0,-0.9517
34735,φιλανθρωπια,15.0,0.9957
34735,φιλανθρωπια,299.0,0.8418
34735,φιλανθρωπια,425.0,-0.94835
34735,φιλανθρωπια,950.0,-0.9729333333333333
