id,word,year,mean_weighted_sentiment
34962,φιλοσοφια,-479.0,-0.94975
34962,φιλοσοφια,-387.0,-0.9513
34962,φιλοσοφια,-353.0,-0.942
34962,φιλοσοφια,-50.0,-0.9535
34962,φιλοσοφια,15.0,-0.8324333333333334
34962,φιλοσοφια,150.0,-0.9623653846153845
34962,φιλοσοφια,152.0,0.3765761904761905
34962,φιλοσοφια,182.0,-0.9876
34962,φιλοσοφια,200.0,-0.89266
34962,φιλοσοφια,425.0,-0.9003
34962,φιλοσοφια,448.0,-0.897
34962,φιλοσοφια,550.0,-0.9603461538461538
