id,word,year,mean_weighted_sentiment
34798,φιλιππος,-266.0,-0.92982
34798,φιλιππος,-149.0,-0.9907
34798,φιλιππος,-50.0,-0.94215
34798,φιλιππος,150.0,-0.8495878787878787
34798,φιλιππος,172.0,-0.9929
34798,φιλιππος,350.0,-0.9612285714285713
34798,φιλιππος,425.0,-0.992
34798,φιλιππος,490.0,-0.9388000000000001
34798,φιλιππος,950.0,-0.9746052631578946
