id,word,year,mean_weighted_sentiment
35041,φλεψ,-415.0,-0.9828625
35041,φλεψ,-353.0,-0.8989380952380951
35041,φλεψ,-50.0,-0.9569833333333332
35041,φλεψ,15.0,-0.9299
35041,φλεψ,172.0,-0.62502
