id,word,year,mean_weighted_sentiment
35063,φλοξ,-490.0,-0.9922
35063,φλοξ,-329.0,-0.8769
35063,φλοξ,-266.0,-0.8152000000000001
35063,φλοξ,-50.0,-0.9611666666666667
35063,φλοξ,15.0,-0.9463
35063,φλοξ,150.0,-0.9679
35063,φλοξ,200.0,-0.9798600000000001
35063,φλοξ,269.0,-0.9669
35063,φλοξ,299.0,-0.9438
35063,φλοξ,425.0,-0.9102399999999999
35063,φλοξ,490.0,-0.9882
35063,φλοξ,530.0,-0.9223
35063,φλοξ,950.0,-0.9886999999999999
