id,word,year,mean_weighted_sentiment
35169,φορτιον,-266.0,-0.9853666666666667
35169,φορτιον,-50.0,-0.954
35169,φορτιον,950.0,-0.9764800000000001
