id,word,year,mean_weighted_sentiment
35132,φονη,-50.0,-0.9621833333333333
35132,φονη,950.0,-0.9763000000000001
