id,word,year,mean_weighted_sentiment
35162,φορος,-353.0,-0.9893
35162,φορος,-266.0,-0.9498200000000001
35162,φορος,-50.0,-0.9453499999999999
35162,φορος,150.0,-0.955225
35162,φορος,200.0,-0.9434
35162,φορος,490.0,-0.9126000000000001
35162,φορος,950.0,-0.9718529411764706
