id,word,year,mean_weighted_sentiment
35124,φοιτος,-50.0,-0.9704999999999999
35124,φοιτος,425.0,-0.88245
35124,φοιτος,950.0,-0.9893
