id,word,year,mean_weighted_sentiment
35145,φορευς,-387.0,-0.9871333333333334
35145,φορευς,-353.0,-0.92675
35145,φορευς,-50.0,-0.7326
35145,φορευς,15.0,-0.9873333333333333
35145,φορευς,150.0,-0.889
35145,φορευς,172.0,-0.7074
35145,φορευς,200.0,-0.9009499999999999
35145,φορευς,237.0,-0.9156000000000001
35145,φορευς,359.0,-0.9186
35145,φορευς,490.0,-0.8609
35145,φορευς,530.0,-0.9878
35145,φορευς,950.0,-0.9436666666666667
35145,φορευς,1118.0,-0.9681
