id,word,year,mean_weighted_sentiment
35097,φοινικις,-50.0,-0.9618545454545455
35097,φοινικις,950.0,-0.9602666666666667
