id,word,year,mean_weighted_sentiment
35071,φοβερος,-353.0,-0.895
35071,φοβερος,-266.0,-0.9881
35071,φοβερος,-50.0,-0.96236
35071,φοβερος,15.0,-0.9386
35071,φοβερος,147.0,-0.9606
35071,φοβερος,150.0,-0.9877
35071,φοβερος,152.0,-0.8449
35071,φοβερος,299.0,-0.9246
35071,φοβερος,950.0,-0.96965
