id,word,year,mean_weighted_sentiment
35131,φονευω,-266.0,-0.97705
35131,φονευω,-50.0,-0.9609130434782607
35131,φονευω,150.0,-0.9113
35131,φονευω,152.0,-0.9426
35131,φονευω,200.0,-0.9832
35131,φονευω,269.0,-0.9746
35131,φονευω,950.0,-0.9803999999999999
