id,word,year,mean_weighted_sentiment
35146,φορεω,-353.0,-0.9893
35146,φορεω,-266.0,-0.9621
35146,φορεω,-50.0,-0.956904347826087
35146,φορεω,150.0,-0.95725
35146,φορεω,200.0,0.9441
35146,φορεω,490.0,-0.9031
35146,φορεω,950.0,-0.9739941176470588
