id,word,year,mean_weighted_sentiment
35128,φοναω,-450.0,-0.9925
35128,φοναω,-353.0,-0.951975
35128,φοναω,-149.0,-0.994
35128,φοναω,-50.0,-0.962252380952381
35128,φοναω,150.0,-0.9582333333333333
35128,φοναω,200.0,-0.9873
35128,φοναω,219.0,-0.9341
35128,φοναω,269.0,-0.9790666666666666
35128,φοναω,490.0,-0.8962
35128,φοναω,950.0,-0.9723666666666667
