id,word,year,mean_weighted_sentiment
35114,φοινιξ,-266.0,-0.9581999999999999
35114,φοινιξ,-149.0,-0.8694999999999999
35114,φοινιξ,-50.0,-0.9488093023255816
35114,φοινιξ,127.0,-0.973575
35114,φοινιξ,150.0,-0.9774750000000001
35114,φοινιξ,152.0,-0.9382
35114,φοινιξ,200.0,-0.9796
35114,φοινιξ,269.0,-0.9861
35114,φοινιξ,350.0,-0.9708
35114,φοινιξ,490.0,-0.8455
35114,φοινιξ,950.0,-0.9791625
