id,word,year,mean_weighted_sentiment
35269,φρυγιος,-266.0,-0.9605
35269,φρυγιος,-50.0,-0.96310625
35269,φρυγιος,150.0,-0.9928
35269,φρυγιος,152.0,-0.9109
35269,φρυγιος,425.0,-0.08630000000000004
35269,φρυγιος,490.0,-0.90675
35269,φρυγιος,950.0,-0.9811428571428571
