id,word,year,mean_weighted_sentiment
35234,φρονημα,-490.0,-0.04580000000000001
35234,φρονημα,-50.0,-0.9486363636363635
35234,φρονημα,15.0,-0.9223666666666667
35234,φρονημα,425.0,-0.9028
35234,φρονημα,950.0,-0.9742750000000001
