id,word,year,mean_weighted_sentiment
35196,φρεαρ,-266.0,-0.9722666666666666
35196,φρεαρ,15.0,-0.9877
35196,φρεαρ,127.0,-0.9893
35196,φρεαρ,150.0,-0.9587857142857142
35196,φρεαρ,200.0,-0.989
35196,φρεαρ,950.0,-0.9602333333333334
