id,word,year,mean_weighted_sentiment
35218,φρενοω,-490.0,-0.9933333333333333
35218,φρενοω,-450.0,-0.9934
35218,φρενοω,-415.0,-0.9851
35218,φρενοω,-50.0,-0.9455444444444444
35218,φρενοω,172.0,-0.9837
35218,φρενοω,299.0,-0.902
35218,φρενοω,425.0,-0.9371
35218,φρενοω,950.0,-0.9885571428571429
