id,word,year,mean_weighted_sentiment
35280,φρυξ,-450.0,-0.9878333333333332
35280,φρυξ,-149.0,-0.9841
35280,φρυξ,-50.0,-0.9628625
35280,φρυξ,150.0,-0.9639444444444444
35280,φρυξ,950.0,-0.9644642857142859
