id,word,year,mean_weighted_sentiment
35244,φροντις,-50.0,-0.9277249999999998
35244,φροντις,15.0,-0.93115
35244,φροντις,150.0,-0.9629
35244,φροντις,182.0,-0.89785
35244,φροντις,350.0,-0.9351666666666666
35244,φροντις,425.0,-0.4011333333333333
35244,φροντις,490.0,-0.9003333333333333
35244,φροντις,950.0,-0.98515
