id,word,year,mean_weighted_sentiment
35271,φρυγω,-450.0,-0.98485
35271,φρυγω,-149.0,-0.9841
35271,φρυγω,-50.0,-0.9686666666666667
35271,φρυγω,150.0,-0.9637
35271,φρυγω,950.0,-0.9545666666666667
