id,word,year,mean_weighted_sentiment
35257,φρουριον,-490.0,0.9429
35257,φρουριον,-353.0,-0.9897
35257,φρουριον,-50.0,-0.977
35257,φρουριον,150.0,-0.9884
35257,φρουριον,425.0,-0.9084
35257,φρουριον,490.0,-0.8897444444444444
35257,φρουριον,950.0,-0.9809181818181819
