id,word,year,mean_weighted_sentiment
35240,φρονις,-353.0,-0.8701
35240,φρονις,-266.0,-0.9837
35240,φρονις,-50.0,-0.9576833333333332
35240,φρονις,15.0,-0.8368
35240,φρονις,150.0,-0.949
35240,φρονις,200.0,-0.9507166666666667
35240,φρονις,350.0,-0.8907
35240,φρονις,448.0,-0.9351
35240,φρονις,950.0,-0.93034
