id,word,year,mean_weighted_sentiment
35253,φρουρεω,-490.0,0.9429
35253,φρουρεω,-353.0,-0.98605
35253,φρουρεω,-149.0,-0.9918
35253,φρουρεω,-50.0,-0.977
35253,φρουρεω,150.0,-0.98285
35253,φρουρεω,200.0,-0.9913
35253,φρουρεω,350.0,-0.9518
35253,φρουρεω,425.0,-0.9084
35253,φρουρεω,448.0,-0.9603
35253,φρουρεω,490.0,-0.8488666666666668
35253,φρουρεω,950.0,-0.9802124999999999
