id,word,year,mean_weighted_sentiment
35387,φυτος,-550.0,-0.9891
35387,φυτος,-387.0,-0.9863
35387,φυτος,-353.0,-0.9281
35387,φυτος,-266.0,-0.9137500000000001
35387,φυτος,-50.0,-0.9683521739130435
35387,φυτος,15.0,-0.9537
35387,φυτος,147.0,-0.9722
35387,φυτος,150.0,-0.9672666666666666
35387,φυτος,200.0,-0.581
35387,φυτος,237.0,-0.93675
35387,φυτος,311.0,-0.9497
35387,φυτος,352.0,-0.9842
35387,φυτος,359.0,-0.9634
35387,φυτος,448.0,-0.9528333333333333
35387,φυτος,950.0,-0.9698939393939394
