id,word,year,mean_weighted_sentiment
35299,φυη,-50.0,-0.988375
35299,φυη,200.0,0.016249999999999987
