id,word,year,mean_weighted_sentiment
35348,φυραω,-50.0,-0.9597714285714286
35348,φυραω,150.0,0.8364
35348,φυραω,950.0,-0.98436
