id,word,year,mean_weighted_sentiment
35332,φυλλον,-500.0,-0.9717
35332,φυλλον,-415.0,-0.974
35332,φυλλον,-353.0,-0.9918
35332,φυλλον,-266.0,-0.9643999999999999
35332,φυλλον,-50.0,-0.972475
35332,φυλλον,150.0,-0.9795
35332,φυλλον,172.0,-0.98991875
35332,φυλλον,200.0,-0.3811333333333333
35332,φυλλον,269.0,-0.991
35332,φυλλον,352.0,-0.9936
35332,φυλλον,448.0,-0.9853
35332,φυλλον,950.0,-0.976
35332,φυλλον,1118.0,-0.9036
