id,word,year,mean_weighted_sentiment
35306,φυλακη,-450.0,-0.9645
35306,φυλακη,-387.0,-0.99025
35306,φυλακη,-353.0,-0.9809333333333333
35306,φυλακη,-266.0,-0.9750333333333333
35306,φυλακη,-50.0,-0.9597249999999998
35306,φυλακη,150.0,-0.9487
35306,φυλακη,152.0,-0.9446
35306,φυλακη,200.0,-0.9924
35306,φυλακη,205.0,-0.97255
35306,φυλακη,269.0,-0.9868
35306,φυλακη,350.0,-0.9061
35306,φυλακη,490.0,-0.9036555555555554
35306,φυλακη,950.0,-0.98321
