id,word,year,mean_weighted_sentiment
35350,φυρω,-490.0,-0.9924
35350,φυρω,-50.0,-0.9576666666666666
35350,φυρω,150.0,0.8364
35350,φυρω,950.0,-0.98436
