id,word,year,mean_weighted_sentiment
35286,φυγας,-353.0,-0.9661333333333334
35286,φυγας,-149.0,-0.9916499999999999
35286,φυγας,-50.0,-0.9399
35286,φυγας,15.0,-0.9
35286,φυγας,150.0,-0.944025
35286,φυγας,448.0,-0.9532
35286,φυγας,950.0,-0.9854333333333333
