id,word,year,mean_weighted_sentiment
35320,φυλασσω,-490.0,-0.9887
35320,φυλασσω,-450.0,-0.91445
35320,φυλασσω,-353.0,-0.97475
35320,φυλασσω,-266.0,-0.5489857142857143
35320,φυλασσω,-50.0,-0.9521473684210525
35320,φυλασσω,147.0,-0.8399
35320,φυλασσω,150.0,-0.9459200000000001
35320,φυλασσω,200.0,-0.55348
35320,φυλασσω,219.0,-0.9299
35320,φυλασσω,350.0,-0.9471
35320,φυλασσω,448.0,-0.9656
35320,φυλασσω,490.0,-0.9036
35320,φυλασσω,950.0,-0.9817818181818183
