id,word,year,mean_weighted_sentiment
35326,φυλλας,-500.0,-0.9717
35326,φυλλας,-353.0,-0.9918
35326,φυλλας,-266.0,-0.9636
35326,φυλλας,-50.0,-0.9688
35326,φυλλας,150.0,-0.9795
35326,φυλλας,172.0,-0.9896571428571427
35326,φυλλας,200.0,-0.3811333333333333
35326,φυλλας,269.0,-0.991
35326,φυλλας,352.0,-0.9936
35326,φυλλας,448.0,-0.9853
35326,φυλλας,950.0,-0.9746333333333334
