id,word,year,mean_weighted_sentiment
35340,φυλον,-500.0,-0.9902
35340,φυλον,-490.0,-0.9917
35340,φυλον,-353.0,-0.925
35340,φυλον,-50.0,-0.9752
35340,φυλον,49.0,-0.9212
35340,φυλον,127.0,-0.8432
35340,φυλον,150.0,-0.9418
35340,φυλον,200.0,-0.9837
35340,φυλον,269.0,-0.9942500000000001
35340,φυλον,950.0,-0.9918333333333332
35340,φυλον,1127.0,-0.9769000000000001
