id,word,year,mean_weighted_sentiment
35420,φωτιζω,-266.0,-0.9725
35420,φωτιζω,-50.0,-0.8955500000000001
35420,φωτιζω,200.0,-0.55908
35420,φωτιζω,550.0,-0.9431
