id,word,year,mean_weighted_sentiment
35394,φωκη,-353.0,-0.9650000000000001
35394,φωκη,950.0,-0.9744999999999999
