id,word,year,mean_weighted_sentiment
35393,φωκευς,-353.0,-0.9678
35393,φωκευς,-149.0,-0.9926
35393,φωκευς,-50.0,-0.93312
35393,φωκευς,150.0,-0.56032
35393,φωκευς,950.0,-0.962
