id,word,year,mean_weighted_sentiment
35517,χαλκος,-490.0,-0.9939
35517,χαλκος,-353.0,-0.9538333333333333
35517,χαλκος,-266.0,-0.97478
35517,χαλκος,-149.0,-0.9913
35517,χαλκος,-50.0,-0.9694819672131147
35517,χαλκος,150.0,-0.927775
35517,χαλκος,200.0,-0.96145
35517,χαλκος,269.0,-0.9688
35517,χαλκος,425.0,-0.9112
35517,χαλκος,550.0,-0.9289
35517,χαλκος,950.0,-0.9547799999999999
