id,word,year,mean_weighted_sentiment
35443,χαλεπος,-353.0,-0.943175
35443,χαλεπος,-266.0,-0.9812
35443,χαλεπος,-50.0,-0.954957142857143
35443,χαλεπος,15.0,-0.97655
35443,χαλεπος,150.0,-0.982775
35443,χαλεπος,152.0,-0.9170499999999999
35443,χαλεπος,200.0,-0.9578625000000001
35443,χαλεπος,269.0,-0.9525
35443,χαλεπος,350.0,-0.918775
35443,χαλεπος,352.0,-0.9793
35443,χαλεπος,425.0,-0.9463
35443,χαλεπος,530.0,-0.9932
35443,χαλεπος,550.0,-0.9740444444444444
35443,χαλεπος,950.0,-0.9829
