id,word,year,mean_weighted_sentiment
35582,χαριζομαι,-490.0,-0.9946
35582,χαριζομαι,-450.0,-0.9916
35582,χαριζομαι,-387.0,-0.9819
35582,χαριζομαι,-353.0,-0.8747
35582,χαριζομαι,-266.0,-0.8121000000000002
35582,χαριζομαι,-50.0,-0.7777636363636365
35582,χαριζομαι,15.0,-0.86105
35582,χαριζομαι,150.0,-0.89655
35582,χαριζομαι,172.0,-0.6083
35582,χαριζομαι,311.0,-0.9596
35582,χαριζομαι,425.0,-0.9177
35582,χαριζομαι,950.0,-0.9105
