id,word,year,mean_weighted_sentiment
35427,χαιτη,-500.0,-0.9898
35427,χαιτη,-50.0,-0.9887
35427,χαιτη,200.0,-0.967375
35427,χαιτη,950.0,-0.98935
