id,word,year,mean_weighted_sentiment
35451,χαλινοω,-490.0,-0.9938
35451,χαλινοω,-50.0,-0.9204833333333334
35451,χαλινοω,150.0,-0.9364
35451,χαλινοω,950.0,-0.9876499999999999
