id,word,year,mean_weighted_sentiment
35593,χαρμη,-50.0,-0.7007428571428571
35593,χαρμη,172.0,-0.99245
