id,word,year,mean_weighted_sentiment
35440,χαλαω,-490.0,-0.9936
35440,χαλαω,-266.0,-0.9771666666666666
35440,χαλαω,-50.0,-0.9679333333333334
35440,χαλαω,150.0,-0.9844
35440,χαλαω,219.0,-0.9068
35440,χαλαω,950.0,-0.982225
