id,word,year,mean_weighted_sentiment
35486,χαλκιδεις,-149.0,-0.9610000000000001
35486,χαλκιδεις,150.0,-0.9491499999999999
