id,word,year,mean_weighted_sentiment
35528,χαλκους,-353.0,-0.9510333333333335
35528,χαλκους,-266.0,-0.9633583333333332
35528,χαλκους,-50.0,-0.9702232558139535
35528,χαλκους,150.0,-0.9331727272727274
35528,χαλκους,152.0,-0.9519
35528,χαλκους,200.0,-0.92426
35528,χαλκους,269.0,-0.96975
35528,χαλκους,425.0,-0.9112
35528,χαλκους,550.0,-0.9289
35528,χαλκους,950.0,-0.9541727272727273
