id,word,year,mean_weighted_sentiment
35473,χαλκεος,-353.0,-0.9510333333333335
35473,χαλκεος,-266.0,-0.9633583333333332
35473,χαλκεος,-50.0,-0.9706571428571428
35473,χαλκεος,150.0,-0.9331727272727274
35473,χαλκεος,152.0,-0.9519
35473,χαλκεος,200.0,-0.92426
35473,χαλκεος,269.0,-0.96975
35473,χαλκεος,425.0,-0.9112
35473,χαλκεος,550.0,-0.9289
35473,χαλκεος,950.0,-0.9541727272727273
