id,word,year,mean_weighted_sentiment
35569,χαρακτηρ,-50.0,-0.9322000000000001
35569,χαρακτηρ,-34.0,-0.48614999999999997
35569,χαρακτηρ,150.0,-0.9662
35569,χαρακτηρ,425.0,-0.9314
35569,χαρακτηρ,950.0,-0.8527
