id,word,year,mean_weighted_sentiment
35607,χασκω,-50.0,-0.9811399999999999
35607,χασκω,200.0,-0.9888499999999999
35607,χασκω,299.0,-0.9932
35607,χασκω,448.0,-0.9398
35607,χασκω,950.0,-0.9448888888888889
