id,word,year,mean_weighted_sentiment
35425,χαιρω,-450.0,-0.014400000000000024
35425,χαιρω,-266.0,-0.9541
35425,χαιρω,-100.0,-0.9477
35425,χαιρω,-50.0,-0.6280705882352942
35425,χαιρω,150.0,-0.9507
35425,χαιρω,152.0,0.5730642857142856
35425,χαιρω,200.0,-0.9747199999999999
35425,χαιρω,205.0,-0.9627
35425,χαιρω,350.0,-0.9262
35425,χαιρω,425.0,0.9967
35425,χαιρω,950.0,-0.6578333333333334
35425,χαιρω,1118.0,-0.9368
