id,word,year,mean_weighted_sentiment
35574,χαρα,-450.0,0.9446
35574,χαρα,-266.0,-0.23484000000000002
35574,χαρα,-50.0,-0.9664714285714284
35574,χαρα,150.0,-0.9265399999999999
35574,χαρα,152.0,0.5730642857142856
35574,χαρα,311.0,-0.9204
35574,χαρα,350.0,-0.9428
35574,χαρα,950.0,-0.9775428571428572
