id,word,year,mean_weighted_sentiment
35630,χειμαζω,-490.0,-0.9937
35630,χειμαζω,-450.0,-0.9874
35630,χειμαζω,-353.0,-0.9383
35630,χειμαζω,150.0,-0.95705
35630,χειμαζω,172.0,-0.9805
35630,χειμαζω,200.0,-0.9948
35630,χειμαζω,950.0,-0.9814833333333334
