id,word,year,mean_weighted_sentiment
35628,χειλοω,-353.0,-0.94125
35628,χειλοω,-266.0,-0.9844
35628,χειλοω,150.0,-0.9188
35628,χειλοω,200.0,-0.97325
