id,word,year,mean_weighted_sentiment
35669,χειροτονια,-353.0,-0.9498714285714287
35669,χειροτονια,425.0,-0.9188428571428572
35669,χειροτονια,950.0,-0.9554
