id,word,year,mean_weighted_sentiment
35690,χελιδων,150.0,-0.9442999999999999
35690,χελιδων,200.0,-0.9721333333333332
35690,χελιδων,550.0,-0.8587
35690,χελιδων,950.0,-0.9798
