id,word,year,mean_weighted_sentiment
35634,χειμαρρους,-266.0,-0.8457235294117647
35634,χειμαρρους,-50.0,-0.947490909090909
35634,χειμαρρους,269.0,-0.931
35634,χειμαρρους,950.0,-0.98
