id,word,year,mean_weighted_sentiment
35735,χην,-50.0,-0.9496888888888887
35735,χην,150.0,-0.88715
35735,χην,172.0,-0.9922
35735,χην,200.0,-0.933625
35735,χην,950.0,-0.9706
