id,word,year,mean_weighted_sentiment
35748,χθες,-266.0,-0.9833
35748,χθες,-50.0,-0.9619125
35748,χθες,350.0,-0.9662999999999999
35748,χθες,425.0,-0.9927
