id,word,year,mean_weighted_sentiment
35760,χιλιας,-266.0,-0.964691304347826
35760,χιλιας,150.0,-0.935
35760,χιλιας,152.0,-0.9357
35760,χιλιας,200.0,-0.75115
35760,χιλιας,269.0,-0.9248
35760,χιλιας,320.0,-0.9441999999999999
35760,χιλιας,350.0,-0.3878
