id,word,year,mean_weighted_sentiment
35795,χιτων,-50.0,-0.9511533333333334
35795,χιτων,15.0,-0.91865
35795,χιτων,172.0,-0.972
35795,χιτων,311.0,-0.9635
35795,χιτων,448.0,-0.986
35795,χιτων,950.0,-0.9825571428571429
