id,word,year,mean_weighted_sentiment
35766,χιλιος,-353.0,-0.9723
35766,χιλιος,-266.0,-0.9378499999999999
35766,χιλιος,-149.0,-0.9948
35766,χιλιος,150.0,-0.9277200000000001
35766,χιλιος,152.0,-0.9606
35766,χιλιος,200.0,-0.75115
35766,χιλιος,350.0,-0.5125500000000001
35766,χιλιος,425.0,-0.9553
35766,χιλιος,950.0,-0.9893
