id,word,year,mean_weighted_sentiment
35839,χλωρος,-500.0,-0.9869
35839,χλωρος,-450.0,-0.9925
35839,χλωρος,-266.0,-0.9796
35839,χλωρος,-50.0,-0.9789142857142856
35839,χλωρος,172.0,-0.9891000000000001
35839,χλωρος,950.0,-0.9879500000000001
