id,word,year,mean_weighted_sentiment
35845,χνοος,-266.0,-0.9829666666666667
35845,χνοος,-34.0,-0.9413333333333332
35845,χνοος,49.0,-0.8916
35845,χνοος,150.0,-0.937
