id,word,year,mean_weighted_sentiment
35854,χοινιξ,150.0,-0.960225
35854,χοινιξ,950.0,-0.9852333333333334
