id,word,year,mean_weighted_sentiment
35909,χορος,-490.0,0.9552604166666666
35909,χορος,-450.0,0.9015985074626864
35909,χορος,-266.0,-0.9344333333333333
35909,χορος,-149.0,-0.9791
35909,χορος,-50.0,-0.7932333333333333
35909,χορος,150.0,-0.9612272727272727
35909,χορος,200.0,-0.9903500000000001
35909,χορος,269.0,-0.9739
35909,χορος,311.0,-0.9228000000000001
35909,χορος,350.0,-0.9313
35909,χορος,425.0,-0.9295249999999999
35909,χορος,448.0,-0.9587
35909,χορος,950.0,-0.9782444444444445
