id,word,year,mean_weighted_sentiment
35916,χους,-450.0,-0.9939
35916,χους,-266.0,-0.8250230769230769
35916,χους,-155.0,-0.9365
35916,χους,-50.0,-0.9747500000000001
35916,χους,90.0,-0.9019
35916,χους,150.0,-0.9773
35916,χους,200.0,-0.9863
35916,χους,205.0,-0.9915
35916,χους,350.0,-0.9508000000000001
35916,χους,425.0,-0.8766
35916,χους,950.0,-0.9868
35916,χους,1118.0,-0.9602
