id,word,year,mean_weighted_sentiment
35873,χολος,-500.0,-0.9868
35873,χολος,-490.0,-0.9937
35873,χολος,-450.0,-0.993
35873,χολος,-50.0,-0.9218315789473684
35873,χολος,200.0,-0.9945
35873,χολος,269.0,-0.98766
35873,χολος,950.0,-0.9837
