id,word,year,mean_weighted_sentiment
35888,χορευω,-266.0,-0.9351
35888,χορευω,-50.0,-0.95336
35888,χορευω,425.0,-0.8723
35888,χορευω,950.0,-0.9689000000000001
