id,word,year,mean_weighted_sentiment
35868,χολη,-490.0,-0.9918
35868,χολη,-415.0,-0.9813000000000001
35868,χολη,-353.0,-0.9258142857142857
35868,χολη,-266.0,-0.9865
35868,χολη,-50.0,-0.9614642857142858
35868,χολη,49.0,-0.9779
35868,χολη,172.0,-0.9881599999999999
35868,χολη,200.0,-0.9681333333333333
35868,χολη,205.0,-0.9827
35868,χολη,950.0,-0.9835
