id,word,year,mean_weighted_sentiment
35953,χρησιμος,-479.0,-0.9568
35953,χρησιμος,-353.0,-0.8142
35953,χρησιμος,-50.0,-0.9396142857142857
35953,χρησιμος,200.0,-0.2344692307692308
35953,χρησιμος,320.0,-0.8448
35953,χρησιμος,350.0,-0.9337
35953,χρησιμος,550.0,-0.8784
