id,word,year,mean_weighted_sentiment
36100,χρως,-450.0,-0.9906
36100,χρως,-387.0,-0.9691
36100,χρως,-50.0,-0.9731708333333334
36100,χρως,15.0,-0.8821
36100,χρως,147.0,-0.9398
36100,χρως,152.0,-0.9369
36100,χρως,172.0,-0.9933
36100,χρως,249.0,-0.8882
36100,χρως,269.0,-0.9854
36100,χρως,950.0,-0.9825444444444444
