id,word,year,mean_weighted_sentiment
35977,χρηστος,-500.0,-0.9896
35977,χρηστος,-450.0,-0.9876
35977,χρηστος,-266.0,-0.5803272727272727
35977,χρηστος,-50.0,-0.9249368421052633
35977,χρηστος,15.0,-0.9061666666666667
35977,χρηστος,150.0,-0.97685
35977,χρηστος,152.0,-0.9868
35977,χρηστος,172.0,-0.9917499999999999
35977,χρηστος,200.0,-0.78093
35977,χρηστος,350.0,-0.9547142857142857
