id,word,year,mean_weighted_sentiment
35932,χρεων,-490.0,-0.99245
35932,χρεων,-450.0,-0.992
35932,χρεων,-353.0,-0.9778333333333333
35932,χρεων,-50.0,-0.96255
35932,χρεων,150.0,-0.9267
35932,χρεων,200.0,-0.9860333333333333
35932,χρεων,352.0,-0.9942
35932,χρεων,950.0,-0.9850333333333334
