id,word,year,mean_weighted_sentiment
35985,χριστος,-490.0,-0.9905
35985,χριστος,-266.0,-0.7494818181818182
35985,χριστος,-50.0,-0.9851
35985,χριστος,49.0,-0.94295
35985,χριστος,80.0,-0.9256857142857143
35985,χριστος,90.0,-0.9122
35985,χριστος,150.0,-0.9662
35985,χριστος,219.0,-0.96405
35985,χριστος,299.0,-0.9359
35985,χριστος,311.0,-0.9622400000000001
35985,χριστος,335.0,-0.9522666666666666
35985,χριστος,425.0,-0.76341
