id,word,year,mean_weighted_sentiment
36063,χρυσος,-353.0,-0.9684333333333334
36063,χρυσος,-266.0,-0.9691624999999999
36063,χρυσος,-149.0,-0.9913
36063,χρυσος,-50.0,-0.9646772727272727
36063,χρυσος,15.0,-0.9685
36063,χρυσος,127.0,-0.9498
36063,χρυσος,147.0,-0.8814
36063,χρυσος,150.0,-0.9558333333333333
36063,χρυσος,152.0,-0.9192999999999999
36063,χρυσος,200.0,-0.98988
36063,χρυσος,350.0,-0.9388333333333333
36063,χρυσος,425.0,-0.9119
36063,χρυσος,448.0,-0.992
36063,χρυσος,490.0,-0.8146
