id,word,year,mean_weighted_sentiment
36098,χρωμα,-479.0,-0.9907
36098,χρωμα,-353.0,-0.96155
36098,χρωμα,-329.0,-0.8769
36098,χρωμα,-50.0,-0.9711666666666666
36098,χρωμα,127.0,-0.9905
36098,χρωμα,150.0,-0.9549
36098,χρωμα,200.0,-0.7447022727272729
36098,χρωμα,237.0,-0.9629
36098,χρωμα,269.0,-0.9584
36098,χρωμα,352.0,-0.9621
36098,χρωμα,359.0,-0.9119
36098,χρωμα,448.0,-0.9151333333333334
36098,χρωμα,950.0,-0.6753142857142856
