id,word,year,mean_weighted_sentiment
35960,χρησμος,-490.0,-0.9913
35960,χρησμος,-353.0,-0.9797
35960,χρησμος,-149.0,-0.9898666666666666
35960,χρησμος,-50.0,-0.9410916666666668
35960,χρησμος,15.0,-0.9715
35960,χρησμος,150.0,-0.96055
35960,χρησμος,182.0,-0.9566
35960,χρησμος,425.0,-0.9289499999999999
35960,χρησμος,490.0,-0.9838
