id,word,year,mean_weighted_sentiment
36025,χρυσιον,-353.0,-0.9675
36025,χρυσιον,-266.0,-0.8790000000000001
36025,χρυσιον,-50.0,-0.9218999999999999
36025,χρυσιον,150.0,-0.8980333333333334
36025,χρυσιον,152.0,-0.9357
36025,χρυσιον,200.0,-0.994
36025,χρυσιον,350.0,-0.9376000000000001
36025,χρυσιον,352.0,-0.9936
36025,χρυσιον,425.0,-0.935
36025,χρυσιον,490.0,-0.9038
