id,word,year,mean_weighted_sentiment
35972,χρηστης,-50.0,-0.8913
35972,χρηστης,150.0,-0.9816
35972,χρηστης,172.0,-0.9917666666666666
35972,χρηστης,200.0,-0.6920571428571429
35972,χρηστης,350.0,-0.9808333333333333
