id,word,year,mean_weighted_sentiment
35978,χρηστοτης,-387.0,-0.9852
35978,χρηστοτης,-266.0,-0.3355083333333333
35978,χρηστοτης,-149.0,0.996
35978,χρηστοτης,-50.0,-0.9393
35978,χρηστοτης,200.0,-0.98685
35978,χρηστοτης,219.0,-0.9782500000000001
