id,word,year,mean_weighted_sentiment
35925,χρειος,-550.0,-0.9506666666666667
35925,χρειος,-479.0,-0.9204
35925,χρειος,-353.0,-0.9911
35925,χρειος,-266.0,-0.9484375
35925,χρειος,-155.0,-0.8915
35925,χρειος,-50.0,-0.9498181818181819
35925,χρειος,150.0,-0.9510399999999999
35925,χρειος,200.0,-0.99395
35925,χρειος,448.0,-0.9287
35925,χρειος,490.0,-0.8629
35925,χρειος,950.0,-0.9742
35925,χρειος,1127.0,-0.039100000000000024
