id,word,year,mean_weighted_sentiment
36110,χυτρα,-500.0,-0.9884
36110,χυτρα,-266.0,-0.9421999999999999
36110,χυτρα,172.0,-0.9857
36110,χυτρα,200.0,-0.86
36110,χυτρα,950.0,-0.96235
