id,word,year,mean_weighted_sentiment
36104,χυμος,-415.0,-0.9834
36104,χυμος,-353.0,-0.93645
36104,χυμος,172.0,-0.9420666666666667
