id,word,year,mean_weighted_sentiment
36122,χωλος,-50.0,-0.9624375000000001
36122,χωλος,200.0,-0.9669333333333334
36122,χωλος,219.0,-0.9344
36122,χωλος,950.0,-0.9725
