id,word,year,mean_weighted_sentiment
36141,χωρος,-500.0,-0.9574333333333334
36141,χωρος,-450.0,-0.9885
36141,χωρος,-266.0,-0.9766999999999999
36141,χωρος,-50.0,-0.9763636363636362
36141,χωρος,127.0,-0.8981
36141,χωρος,147.0,-0.9183
36141,χωρος,150.0,-0.9845
36141,χωρος,200.0,-0.9914000000000001
36141,χωρος,269.0,0.9729
36141,χωρος,950.0,-0.9899
