id,word,year,mean_weighted_sentiment
36170,ψαρ,-50.0,-0.9800800000000001
36170,ψαρ,150.0,-0.9915
36170,ψαρ,200.0,-0.99185
