id,word,year,mean_weighted_sentiment
36206,ψευδις,-550.0,-0.984
36206,ψευδις,-490.0,-0.9911
36206,ψευδις,-479.0,-0.9404
36206,ψευδις,-353.0,-0.9679
36206,ψευδις,-266.0,-0.98335
36206,ψευδις,-50.0,-0.9632428571428572
36206,ψευδις,150.0,-0.9829
36206,ψευδις,200.0,-0.9495800000000001
36206,ψευδις,352.0,-0.9869
36206,ψευδις,425.0,-0.9221
36206,ψευδις,530.0,-0.9877
36206,ψευδις,550.0,-0.94345
