id,word,year,mean_weighted_sentiment
36211,ψευδοκυων,-450.0,-0.9926
36211,ψευδοκυων,-353.0,-0.3416666666666666
36211,ψευδοκυων,-266.0,-0.94355
36211,ψευδοκυων,-155.0,-0.9555333333333333
36211,ψευδοκυων,-50.0,-0.9471545454545456
36211,ψευδοκυων,90.0,-0.9908
36211,ψευδοκυων,147.0,-0.9154
36211,ψευδοκυων,150.0,-0.91425
36211,ψευδοκυων,172.0,-0.9860666666666665
36211,ψευδοκυων,200.0,-0.9593999999999999
36211,ψευδοκυων,269.0,-0.9852
36211,ψευδοκυων,950.0,-0.9756714285714284
