id,word,year,mean_weighted_sentiment
36257,ψηφος,-353.0,-0.9609538461538462
36257,ψηφος,-266.0,-0.9735
36257,ψηφος,-50.0,-0.7055285714285713
36257,ψηφος,147.0,-0.8760333333333333
36257,ψηφος,150.0,-0.44867500000000005
36257,ψηφος,152.0,-0.8901
36257,ψηφος,200.0,-0.8856
36257,ψηφος,350.0,-0.9237166666666666
36257,ψηφος,425.0,-0.9198999999999999
36257,ψηφος,490.0,-0.8984249999999999
36257,ψηφος,950.0,-0.9701833333333334
