id,word,year,mean_weighted_sentiment
36293,ψοφος,-450.0,-0.9822
36293,ψοφος,-353.0,-0.9587
36293,ψοφος,-50.0,-0.9507800000000001
36293,ψοφος,150.0,-0.918
36293,ψοφος,200.0,-0.9849
36293,ψοφος,950.0,-0.9698166666666667
