id,word,year,mean_weighted_sentiment
36329,ψυχρος,-415.0,-0.9816499999999999
36329,ψυχρος,-353.0,-0.9721500000000001
36329,ψυχρος,-50.0,-0.96858
36329,ψυχρος,127.0,-0.9346
36329,ψυχρος,150.0,-0.94275
36329,ψυχρος,172.0,-0.9741615384615385
36329,ψυχρος,200.0,-0.9533416666666666
36329,ψυχρος,237.0,-0.9482999999999999
36329,ψυχρος,352.0,-0.9944
36329,ψυχρος,530.0,-0.9518
36329,ψυχρος,950.0,-0.9688
