id,word,year,mean_weighted_sentiment
36330,ψυχροτης,-353.0,-0.9466333333333333
36330,ψυχροτης,150.0,-0.8985
36330,ψυχροτης,200.0,-0.9530200000000001
