id,word,year,mean_weighted_sentiment
36323,ψυχοω,-450.0,-0.9919
36323,ψυχοω,-266.0,-0.98855
36323,ψυχοω,-50.0,-0.95428
36323,ψυχοω,15.0,-0.9882
36323,ψυχοω,200.0,-0.94475
36323,ψυχοω,425.0,-0.9072
36323,ψυχοω,448.0,-0.9761142857142858
36323,ψυχοω,950.0,-0.9673
