id,word,year,mean_weighted_sentiment
36310,ψυχικος,-50.0,-0.9595416666666665
36310,ψυχικος,147.0,-0.8488666666666665
36310,ψυχικος,200.0,-0.9496333333333333
36310,ψυχικος,447.0,-0.9690666666666666
36310,ψυχικος,448.0,-0.9222
