id,word,year,mean_weighted_sentiment
36350,ωδινω,-266.0,-0.9846666666666667
36350,ωδινω,150.0,-0.9565
36350,ωδινω,200.0,-0.9907
36350,ωδινω,219.0,-0.9854
36350,ωδινω,269.0,-0.9927
36350,ωδινω,950.0,-0.9904666666666667
