id,word,year,mean_weighted_sentiment
36354,ωδος,-450.0,-0.8722705882352941
36354,ωδος,-266.0,0.0019500000000000073
36354,ωδος,172.0,-0.9933
36354,ωδος,237.0,-0.8892
36354,ωδος,950.0,-0.9790749999999999
