id,word,year,mean_weighted_sentiment
36348,ωδη,-450.0,-0.8722705882352941
36348,ωδη,-266.0,-0.7751785714285714
36348,ωδη,-50.0,-0.94655
36348,ωδη,150.0,-0.9441083333333333
36348,ωδη,152.0,-0.9159
36348,ωδη,172.0,-0.9933
36348,ωδη,237.0,-0.8892
36348,ωδη,311.0,-0.9544
36348,ωδη,350.0,-0.9277
36348,ωδη,425.0,-0.9421
36348,ωδη,950.0,-0.9875642857142857
