id,word,year,mean_weighted_sentiment
36351,ωδι,-353.0,-0.9642
36351,ωδι,150.0,-0.9725999999999999
36351,ωδι,237.0,-0.926
36351,ωδι,350.0,-0.9817
36351,ωδι,950.0,-0.9874666666666667
