id,word,year,mean_weighted_sentiment
36390,ωκυς,-50.0,-0.8382129032258064
36390,ωκυς,950.0,-0.33053333333333335
