id,word,year,mean_weighted_sentiment
36411,ωμοι,-155.0,-0.66065
36411,ωμοι,-50.0,-0.9906
36411,ωμοι,150.0,-0.9868600000000001
36411,ωμοι,950.0,-0.99285
