id,word,year,mean_weighted_sentiment
36418,ωμοτης,-353.0,-0.9933
36418,ωμοτης,-149.0,-0.994
36418,ωμοτης,-50.0,-0.97
36418,ωμοτης,299.0,-0.9546
36418,ωμοτης,425.0,-0.891
36418,ωμοτης,490.0,-0.91825
36418,ωμοτης,950.0,-0.9430000000000001
