id,word,year,mean_weighted_sentiment
36441,ωρασι,-266.0,-0.9725
36441,ωρασι,-155.0,-0.9810285714285715
36441,ωρασι,-50.0,-0.9721000000000001
36441,ωρασι,15.0,-0.89725
36441,ωρασι,147.0,-0.7447699999999999
36441,ωρασι,150.0,-0.899
36441,ωρασι,172.0,-0.9901
36441,ωρασι,200.0,-0.9843
