id,word,year,mean_weighted_sentiment
36450,ωριων,-155.0,-0.9663636363636363
36450,ωριων,-50.0,-0.2899
36450,ωριων,147.0,0.8583
36450,ωριων,200.0,-0.9913
36450,ωριων,950.0,-0.9744666666666667
