id,word,year,mean_weighted_sentiment
36456,ωρος,-415.0,-0.978
36456,ωρος,-266.0,-0.9817
36456,ωρος,-155.0,-0.9827181818181817
36456,ωρος,-50.0,-0.9667111111111111
36456,ωρος,147.0,-0.7835727272727273
36456,ωρος,150.0,-0.9667
36456,ωρος,152.0,-0.91825
36456,ωρος,172.0,-0.9860333333333333
36456,ωρος,182.0,-0.9473
36456,ωρος,200.0,-0.84049375
36456,ωρος,269.0,-0.9905
36456,ωρος,350.0,-0.9477500000000001
36456,ωρος,490.0,-0.9285
36456,ωρος,950.0,-0.9769083333333332
