id,word,year,mean_weighted_sentiment
36461,ωσαυτως,-479.0,-0.8375
36461,ωσαυτως,-353.0,-0.62806
36461,ωσαυτως,-266.0,-0.9449
36461,ωσαυτως,-149.0,-0.93175
36461,ωσαυτως,-50.0,-0.9189499999999999
36461,ωσαυτως,147.0,-0.9009
36461,ωσαυτως,150.0,-0.9444
36461,ωσαυτως,172.0,-0.986
36461,ωσαυτως,200.0,-0.944025
36461,ωσαυτως,299.0,-0.9537
36461,ωσαυτως,448.0,-0.8363
36461,ωσαυτως,530.0,-0.9256333333333333
