id,word,year,mean_weighted_sentiment
36473,ωτιον,-266.0,-0.9744400000000001
36473,ωτιον,49.0,-0.9705
36473,ωτιον,172.0,-0.9904
36473,ωτιον,950.0,-0.9862000000000001
