id,word,year,mean_weighted_sentiment
36476,ωφελεια,-550.0,-0.969
36476,ωφελεια,-149.0,0.9909
36476,ωφελεια,-50.0,-0.9257200000000001
36476,ωφελεια,-34.0,-0.9649
36476,ωφελεια,147.0,-0.90815
36476,ωφελεια,150.0,-0.9088999999999999
36476,ωφελεια,200.0,-0.9273
36476,ωφελεια,425.0,-0.93725
36476,ωφελεια,950.0,-0.9637
