id,word,year,mean_weighted_sentiment
36482,ωφελιμος,147.0,-0.9432999999999999
36482,ωφελιμος,150.0,-0.9587
36482,ωφελιμος,200.0,-0.94835
36482,ωφελιμος,950.0,-0.9864
