id,word,year,mean_weighted_sentiment
36486,ωχρος,-500.0,-0.9899
36486,ωχρος,-353.0,-0.9197500000000001
36486,ωχρος,-50.0,-0.9856750000000001
36486,ωχρος,200.0,-0.9745
