id,word,year,mean_weighted_sentiment
348,αγωγευς,-34.0,-0.9811
348,αγωγευς,147.0,-0.96165
348,αγωγευς,150.0,-0.9057
348,αγωγευς,200.0,-0.8515
348,αγωγευς,950.0,-0.9853666666666667
