id,word,year,mean_weighted_sentiment
103,αγαν,-490.0,-0.95265
103,αγαν,-450.0,-0.9894333333333334
103,αγαν,-149.0,-0.48169999999999996
103,αγαν,-50.0,-0.9604000000000001
103,αγαν,150.0,-0.9899
103,αγαν,152.0,-0.962
103,αγαν,172.0,-0.9886
103,αγαν,200.0,-0.56554
103,αγαν,269.0,-0.97135
103,αγαν,350.0,-0.8605
103,αγαν,352.0,-0.9902
103,αγαν,950.0,-0.9806263157894738
