id,word,year,mean_weighted_sentiment
105,αγαπαζω,-266.0,-0.3961421052631579
105,αγαπαζω,-50.0,-0.9103
105,αγαπαζω,49.0,-0.9583999999999999
105,αγαπαζω,80.0,-0.90815
105,αγαπαζω,150.0,-0.966
105,αγαπαζω,311.0,-0.9206
105,αγαπαζω,359.0,-0.9204
105,αγαπαζω,425.0,-0.9447
105,αγαπαζω,950.0,-0.9820500000000001
105,αγαπαζω,1118.0,-0.9402
