id,word,year,mean_weighted_sentiment
349,αγωγη,-479.0,-0.9446
349,αγωγη,-34.0,-0.9811
349,αγωγη,147.0,-0.9277833333333333
349,αγωγη,150.0,-0.9409666666666666
349,αγωγη,200.0,-0.8515
349,αγωγη,950.0,-0.9853666666666667
