id,word,year,mean_weighted_sentiment
299,αγρυπνια,-266.0,-0.9489666666666667
299,αγρυπνια,-50.0,-0.9383
299,αγρυπνια,49.0,-0.8318
299,αγρυπνια,172.0,-0.9915499999999999
299,αγρυπνια,350.0,-0.8858
