id,word,year,mean_weighted_sentiment
140,αγελη,-450.0,-0.993
140,αγελη,-149.0,-0.9923
140,αγελη,-50.0,-0.9420444444444445
140,αγελη,15.0,-0.89655
140,αγελη,150.0,-0.9415333333333334
140,αγελη,152.0,-0.9066
140,αγελη,172.0,-0.9882
140,αγελη,182.0,-0.9217
140,αγελη,200.0,-0.9589666666666666
140,αγελη,950.0,-0.98465
