id,word,year,mean_weighted_sentiment
292,αγρος,-353.0,-0.95845
292,αγρος,-266.0,-0.8080166666666666
292,αγρος,-50.0,-0.96203
292,αγρος,150.0,-0.9509
292,αγρος,200.0,-0.98565
292,αγρος,350.0,-0.9431333333333333
292,αγρος,490.0,0.9947
292,αγρος,950.0,-0.9749700000000001
