id,word,year,mean_weighted_sentiment
434,αδικεω,-387.0,-0.9924
434,αδικεω,-353.0,-0.9447111111111111
434,αδικεω,-266.0,-0.9854818181818185
434,αδικεω,-50.0,-0.9410545454545454
434,αδικεω,15.0,-0.9358500000000001
434,αδικεω,150.0,-0.9480550000000001
434,αδικεω,200.0,-0.9618785714285714
434,αδικεω,299.0,-0.9577
434,αδικεω,350.0,-0.9413199999999999
434,αδικεω,425.0,0.5812
434,αδικεω,448.0,-0.9824
434,αδικεω,950.0,-0.977175
434,αδικεω,1127.0,-0.9658636363636363
