id,word,year,mean_weighted_sentiment
389,αδελφη,-353.0,-0.9596
389,αδελφη,-266.0,-0.726842857142857
389,αδελφη,-155.0,-0.9172
389,αδελφη,-50.0,-0.8832
389,αδελφη,15.0,-0.9522
389,αδελφη,147.0,-0.9101857142857144
389,αδελφη,150.0,-0.9493142857142859
389,αδελφη,152.0,-0.9816
389,αδελφη,200.0,-0.9922
389,αδελφη,219.0,-0.9095
389,αδελφη,269.0,-0.989
389,αδελφη,299.0,-0.7013
389,αδελφη,425.0,-0.93402
389,αδελφη,490.0,-0.8478
389,αδελφη,950.0,-0.9758846153846156
389,αδελφη,1118.0,-0.9597
