id,word,year,mean_weighted_sentiment
437,αδικια,-387.0,-0.9938
437,αδικια,-353.0,-0.9467666666666666
437,αδικια,-266.0,-0.9819562500000001
437,αδικια,-50.0,-0.9615
437,αδικια,15.0,-0.9049
437,αδικια,127.0,-0.9436
437,αδικια,147.0,-0.9467
437,αδικια,150.0,-0.9494272727272727
437,αδικια,200.0,-0.9756750000000001
437,αδικια,350.0,-0.9059
437,αδικια,425.0,-0.9123999999999999
437,αδικια,950.0,-0.9718111111111111
437,αδικια,1127.0,-0.9842
