id,word,year,mean_weighted_sentiment
412,αδην,-490.0,-0.9946
412,αδην,-266.0,-0.9889749999999999
412,αδην,-50.0,-0.9740000000000001
412,αδην,200.0,-0.98605
412,αδην,448.0,-0.96575
412,αδην,950.0,-0.98575
