id,word,year,mean_weighted_sentiment
477,αδυνατος,-550.0,-0.9698
477,αδυνατος,-353.0,-0.9451800000000002
477,αδυνατος,-155.0,-0.9563
477,αδυνατος,-50.0,-0.9078
477,αδυνατος,150.0,-0.8877
477,αδυνατος,200.0,-0.8546105263157895
477,αδυνατος,269.0,-0.96835
477,αδυνατος,320.0,-0.9388
477,αδυνατος,352.0,-0.98165
477,αδυνατος,448.0,-0.933
477,αδυνατος,530.0,-0.9548
477,αδυνατος,550.0,-0.9447833333333332
477,αδυνατος,950.0,-0.962
477,αδυνατος,1150.0,-0.9881
