id,word,year,mean_weighted_sentiment
518,αελλα,-50.0,-0.6577571428571429
518,αελλα,269.0,-0.89495
518,αελλα,950.0,-0.97915
