id,word,year,mean_weighted_sentiment
519,αελλας,-266.0,-0.9798
519,αελλας,-149.0,-0.9927666666666667
519,αελλας,-50.0,-0.75254
519,αελλας,150.0,-0.9472
519,αελλας,152.0,-0.90744
519,αελλας,269.0,-0.89495
519,αελλας,350.0,-0.9272
519,αελλας,490.0,-0.9002333333333333
519,αελλας,950.0,-0.9803
