id,word,year,mean_weighted_sentiment
520,αελλης,-50.0,-0.6577571428571429
520,αελλης,269.0,-0.89495
520,αελλης,950.0,-0.97915
