id,word,year,mean_weighted_sentiment
571,αηδης,-50.0,-0.9527166666666668
571,αηδης,147.0,-0.968
571,αηδης,150.0,-0.8443
571,αηδης,200.0,-0.9802
571,αηδης,950.0,-0.987575
