id,word,year,mean_weighted_sentiment
624,αθηναιος,-550.0,-0.9737
624,αθηναιος,-500.0,-0.9865999999999999
624,αθηναιος,-353.0,-0.9429
624,αθηναιος,-149.0,-0.9916
624,αθηναιος,-50.0,-0.9538595238095239
624,αθηναιος,-34.0,-0.9727
624,αθηναιος,127.0,-0.9776
624,αθηναιος,150.0,-0.9691784615384614
624,αθηναιος,200.0,-0.3391333333333333
624,αθηναιος,350.0,-0.9523941176470588
624,αθηναιος,448.0,-0.9384
624,αθηναιος,490.0,-0.88305
624,αθηναιος,950.0,-0.9795648648648647
