id,word,year,mean_weighted_sentiment
644,αθλον,-353.0,-0.34556666666666674
644,αθλον,-50.0,-0.9404333333333336
644,αθλον,15.0,-0.9508
644,αθλον,147.0,-0.9505
644,αθλον,150.0,-0.9317333333333333
644,αθλον,152.0,-0.8685
644,αθλον,311.0,-0.7374
644,αθλον,350.0,-0.5424249999999999
644,αθλον,950.0,-0.962175
