id,word,year,mean_weighted_sentiment
767,αιθιοψ,-490.0,-0.9919
767,αιθιοψ,-266.0,-0.959125
767,αιθιοψ,-149.0,-0.9892
767,αιθιοψ,-50.0,-0.9311833333333334
767,αιθιοψ,127.0,-0.9342333333333332
767,αιθιοψ,152.0,-0.7863
767,αιθιοψ,950.0,-0.9654571428571428
