id,word,year,mean_weighted_sentiment
939,αιτησις,-50.0,-0.9527625
939,αιτησις,80.0,-0.9473
939,αιτησις,147.0,-0.9574
939,αιτησις,150.0,0.9556
939,αιτησις,200.0,-0.9534333333333334
939,αιτησις,350.0,-0.9172
939,αιτησις,425.0,-0.89612
939,αιτησις,490.0,-0.88855
