id,word,year,mean_weighted_sentiment
772,αιθρη,-50.0,-0.9144000000000001
772,αιθρη,269.0,0.0038000000000000256
772,αιθρη,950.0,-0.9906
