id,word,year,mean_weighted_sentiment
843,αινισσομαι,-450.0,-0.9894
843,αινισσομαι,-50.0,-0.9429
843,αινισσομαι,15.0,-0.91975
843,αινισσομαι,150.0,-0.9335625000000001
843,αινισσομαι,237.0,-0.8736
843,αινισσομαι,448.0,-0.90175
843,αινισσομαι,530.0,-0.8732
843,αινισσομαι,950.0,-0.9599333333333333
