id,word,year,mean_weighted_sentiment
786,αικης,-490.0,-0.013600000000000001
786,αικης,-50.0,-0.95656
786,αικης,205.0,-0.9746
