id,word,year,mean_weighted_sentiment
929,αισχυνη,-450.0,-0.99205
929,αισχυνη,-387.0,-0.9932
929,αισχυνη,-266.0,-0.8620749999999999
929,αισχυνη,-50.0,-0.9625857142857145
929,αισχυνη,15.0,-0.9855
929,αισχυνη,150.0,-0.9875
929,αισχυνη,350.0,-0.90265
929,αισχυνη,490.0,-0.8888
