id,word,year,mean_weighted_sentiment
774,αιθριαω,-353.0,-0.98715
774,αιθριαω,-50.0,-0.96986
774,αιθριαω,150.0,-0.9671
774,αιθριαω,200.0,-0.994
774,αιθριαω,950.0,-0.9839749999999999
