id,word,year,mean_weighted_sentiment
969,αιων,-353.0,-0.9656
969,αιων,-266.0,-0.4931721030042918
969,αιων,-50.0,-0.7783200000000001
969,αιων,49.0,-0.9323
969,αιων,80.0,-0.9349
969,αιων,150.0,-0.9671
969,αιων,182.0,-0.93265
969,αιων,237.0,-0.93475
969,αιων,269.0,-0.9921
969,αιων,299.0,-0.9917
969,αιων,425.0,-0.9096333333333333
969,αιων,950.0,-0.9376571428571429
