id,word,year,mean_weighted_sentiment
888,αιρεσις,-479.0,-0.952025
888,αιρεσις,-387.0,-0.9919
888,αιρεσις,-353.0,-0.9586499999999999
888,αιρεσις,-266.0,-0.9547
888,αιρεσις,-50.0,-0.9064000000000001
888,αιρεσις,-34.0,-0.9739
888,αιρεσις,15.0,-0.93025
888,αιρεσις,147.0,-0.8935866666666669
888,αιρεσις,200.0,-0.9323666666666668
888,αιρεσις,219.0,-0.8662
888,αιρεσις,425.0,-0.93945
888,αιρεσις,448.0,-0.9270333333333335
