id,word,year,mean_weighted_sentiment
835,αινη,-266.0,-0.9791
835,αινη,-50.0,-0.98175
835,αινη,359.0,-0.9868
835,αινη,950.0,-0.9662000000000001
