id,word,year,mean_weighted_sentiment
689,αιγαιος,-450.0,-0.9903
689,αιγαιος,-50.0,-0.9459
689,αιγαιος,127.0,-0.9169333333333333
689,αιγαιος,950.0,-0.97205
689,αιγαιος,1118.0,-0.9521
