id,word,year,mean_weighted_sentiment
1118,ακολουθεω,-353.0,-0.9419666666666666
1118,ακολουθεω,-50.0,-0.9409
1118,ακολουθεω,150.0,-0.8481
1118,ακολουθεω,152.0,-0.9129
1118,ακολουθεω,200.0,-0.8928799999999999
1118,ακολουθεω,530.0,-0.9325
1118,ακολουθεω,950.0,-0.019299999999999984
1118,ακολουθεω,1127.0,-0.9408
