id,word,year,mean_weighted_sentiment
1080,ακις,-490.0,-0.9936
1080,ακις,-450.0,-0.9912
1080,ακις,-50.0,-0.9652285714285714
1080,ακις,152.0,-0.9378
1080,ακις,172.0,-0.984
1080,ακις,182.0,-0.9268
1080,ακις,200.0,-0.9951
1080,ακις,950.0,-0.9859333333333334
