id,word,year,mean_weighted_sentiment
998,ακανθα,-353.0,-0.8866999999999999
998,ακανθα,-266.0,-0.9474
998,ακανθα,-50.0,-0.9688000000000001
998,ακανθα,49.0,-0.9649
998,ακανθα,150.0,-0.9511
998,ακανθα,172.0,-0.9888600000000001
998,ακανθα,200.0,-0.9884999999999999
998,ακανθα,359.0,-0.9912
998,ακανθα,950.0,-0.9846999999999999
