id,word,year,mean_weighted_sentiment
1006,ακα,-490.0,-0.9936
1006,ακα,-450.0,-0.9912
1006,ακα,-50.0,-0.93758
1006,ακα,150.0,-0.9345
1006,ακα,152.0,-0.9378
1006,ακα,182.0,-0.9268
1006,ακα,200.0,-0.9951
1006,ακα,950.0,-0.9859333333333334
