id,word,year,mean_weighted_sentiment
1499,αλκαιος,-478.0,-0.9874
1499,αλκαιος,-50.0,-0.9439000000000001
1499,αλκαιος,950.0,-0.9868666666666667
