id,word,year,mean_weighted_sentiment
1595,αλς,-490.0,-0.9936
1595,αλς,-353.0,-0.9496666666666668
1595,αλς,-266.0,-0.95938
1595,αλς,-155.0,-0.9689
1595,αλς,-50.0,-0.9645184210526315
1595,αλς,127.0,-0.9869
1595,αλς,150.0,-0.9742500000000001
1595,αλς,200.0,-0.9853999999999999
1595,αλς,269.0,-0.9652499999999999
1595,αλς,311.0,-0.9492
1595,αλς,320.0,-0.98715
1595,αλς,350.0,-0.9471
1595,αλς,448.0,-0.9573333333333333
1595,αλς,950.0,-0.9756
