id,word,year,mean_weighted_sentiment
1633,αλωπηξ,-266.0,-0.9673
1633,αλωπηξ,-50.0,-0.9551
1633,αλωπηξ,150.0,-0.9881
1633,αλωπηξ,200.0,-0.9719833333333335
1633,αλωπηξ,950.0,-0.9857571428571428
