id,word,year,mean_weighted_sentiment
1624,αλωη,-50.0,-0.9708285714285715
1624,αλωη,172.0,-0.9881
1624,αλωη,299.0,-0.9901
1624,αλωη,950.0,-0.989325
