id,word,year,mean_weighted_sentiment
1543,αλλοιοω,-353.0,-0.481975
1543,αλλοιοω,-266.0,-0.9659
1543,αλλοιοω,-50.0,-0.92955
1543,αλλοιοω,147.0,-0.9228
1543,αλλοιοω,150.0,-0.9296
1543,αλλοιοω,172.0,-0.9915
1543,αλλοιοω,200.0,-0.9469
1543,αλλοιοω,425.0,-0.9054
1543,αλλοιοω,530.0,-0.9375375
