id,word,year,mean_weighted_sentiment
1557,αλλοτριοω,-353.0,-0.9188
1557,αλλοτριοω,-266.0,-0.9679380952380952
1557,αλλοτριοω,-50.0,-0.9500800000000001
1557,αλλοτριοω,147.0,-0.8919
1557,αλλοτριοω,150.0,-0.9099599999999999
1557,αλλοτριοω,200.0,-0.9627799999999999
1557,αλλοτριοω,219.0,-0.9621
1557,αλλοτριοω,237.0,-0.9767
1557,αλλοτριοω,269.0,-0.9423
1557,αλλοτριοω,350.0,-0.9171
1557,αλλοτριοω,950.0,-0.9857666666666667
