id,word,year,mean_weighted_sentiment
1350,αλεα,-353.0,-0.9535
1350,αλεα,-50.0,-0.9642875
1350,αλεα,150.0,-0.9333
1350,αλεα,172.0,-0.9901
1350,αλεα,200.0,-0.9854499999999999
1350,αλεα,269.0,-0.9842
1350,αλεα,352.0,-0.99
1350,αλεα,950.0,-0.9842142857142857
