id,word,year,mean_weighted_sentiment
1413,αλης,-353.0,-0.9496666666666668
1413,αλης,-266.0,-0.9820666666666668
1413,αλης,-50.0,-0.9615225806451615
1413,αλης,15.0,-0.9477
1413,αλης,150.0,-0.9429285714285714
1413,αλης,172.0,-0.9901
1413,αλης,200.0,-0.9853999999999999
1413,αλης,249.0,-0.7981
1413,αλης,269.0,-0.9842
1413,αλης,320.0,-0.98715
1413,αλης,350.0,-0.9471
1413,αλης,352.0,-0.99
1413,αλης,448.0,-0.9573333333333333
1413,αλης,950.0,-0.9869999999999999
