id,word,year,mean_weighted_sentiment
1354,αλεγω,-50.0,-0.9484833333333332
1354,αλεγω,150.0,-0.95355
1354,αλεγω,152.0,-0.183
1354,αλεγω,172.0,-0.98895
1354,αλεγω,311.0,-0.9246
1354,αλεγω,350.0,-0.9681
1354,αλεγω,359.0,-0.9146
1354,αλεγω,530.0,-0.9561
