id,word,year,mean_weighted_sentiment
1789,αμμος,-266.0,-0.9356578947368422
1789,αμμος,-50.0,-0.9467166666666667
1789,αμμος,150.0,-0.9804
1789,αμμος,950.0,-0.9796199999999999
