id,word,year,mean_weighted_sentiment
1917,αμφιβολος,-50.0,-0.9644866666666665
1917,αμφιβολος,150.0,-0.9326666666666666
1917,αμφιβολος,200.0,-0.96854
1917,αμφιβολος,950.0,-0.9692999999999999
