id,word,year,mean_weighted_sentiment
1680,αμαρτωλος,-266.0,-0.9638206896551723
1680,αμαρτωλος,49.0,-0.907625
1680,αμαρτωλος,219.0,-0.9675750000000001
1680,αμαρτωλος,425.0,-0.8863
1680,αμαρτωλος,950.0,-0.98385
