id,word,year,mean_weighted_sentiment
1710,αμβροσιος,-50.0,-0.8057166666666667
1710,αμβροσιος,425.0,-0.5217222222222222
