id,word,year,mean_weighted_sentiment
1845,αμπελος,-266.0,-0.7093142857142858
1845,αμπελος,-50.0,-0.9523571428571428
1845,αμπελος,15.0,-0.9141
1845,αμπελος,150.0,-0.7248857142857142
1845,αμπελος,200.0,-0.739107142857143
1845,αμπελος,299.0,-0.9848
1845,αμπελος,350.0,-0.8573
1845,αμπελος,352.0,-0.9905
1845,αμπελος,950.0,-0.9787
