id,word,year,mean_weighted_sentiment
2881,ανθρωπειος,-450.0,-0.9856
2881,ανθρωπειος,-50.0,-0.9596333333333334
2881,ανθρωπειος,15.0,-0.9014
2881,ανθρωπειος,147.0,-0.9722
2881,ανθρωπειος,150.0,-0.94345
2881,ανθρωπειος,269.0,-0.9429
2881,ανθρωπειος,352.0,-0.9556333333333332
2881,ανθρωπειος,448.0,-0.9336
2881,ανθρωπειος,490.0,-0.9027
2881,ανθρωπειος,550.0,-0.9335500000000001
2881,ανθρωπειος,950.0,-0.9164875
2881,ανθρωπειος,1118.0,-0.9368
