id,word,year,mean_weighted_sentiment
2921,ανιαω,-450.0,-0.9498249999999999
2921,ανιαω,-415.0,-0.9872
2921,ανιαω,-266.0,-0.9572499999999999
2921,ανιαω,-50.0,-0.9624666666666667
2921,ανιαω,147.0,-0.8612
2921,ανιαω,150.0,-0.9575
2921,ανιαω,200.0,-0.9685
2921,ανιαω,299.0,-0.9912
2921,ανιαω,350.0,-0.92635
2921,ανιαω,425.0,-0.9747
2921,ανιαω,950.0,-0.9861333333333334
