id,word,year,mean_weighted_sentiment
2983,ανομοιος,-353.0,-0.9861
2983,ανομοιος,200.0,-0.9826
2983,ανομοιος,237.0,-0.9018
2983,ανομοιος,448.0,-0.8387
2983,ανομοιος,530.0,-0.774
2983,ανομοιος,550.0,-0.96105
2983,ανομοιος,950.0,-0.9873666666666666
