id,word,year,mean_weighted_sentiment
2866,ανθος,-490.0,-0.9846999999999999
2866,ανθος,-266.0,-0.97012
2866,ανθος,-50.0,-0.9482666666666667
2866,ανθος,15.0,-0.9553
2866,ανθος,150.0,-0.480125
2866,ανθος,172.0,-0.9387
2866,ανθος,200.0,-0.9784
2866,ανθος,299.0,-0.8709
2866,ανθος,311.0,-0.9205
2866,ανθος,350.0,-0.8946
2866,ανθος,425.0,-0.8545
2866,ανθος,950.0,-0.8400916666666668
