id,word,year,mean_weighted_sentiment
2950,ανοητος,-450.0,-0.9615
2950,ανοητος,-266.0,-0.9876499999999999
2950,ανοητος,-50.0,-0.9440833333333334
2950,ανοητος,150.0,-0.9275285714285715
2950,ανοητος,152.0,-0.9573
2950,ανοητος,200.0,-0.9883
2950,ανοητος,237.0,-0.916
2950,ανοητος,299.0,-0.885
2950,ανοητος,425.0,-0.9077666666666667
2950,ανοητος,950.0,-0.9862714285714285
