id,word,year,mean_weighted_sentiment
2427,αναπνοη,-450.0,-0.9891
2427,αναπνοη,-353.0,-0.88635
2427,αναπνοη,-50.0,-0.9863500000000001
2427,αναπνοη,15.0,-0.9561
2427,αναπνοη,200.0,-0.9888
2427,αναπνοη,950.0,-0.9874
