id,word,year,mean_weighted_sentiment
3513,ανωμαλος,147.0,-0.91545
3513,ανωμαλος,200.0,-0.9745999999999999
3513,ανωμαλος,269.0,-0.9887
