id,word,year,mean_weighted_sentiment
2925,ανιεροω,-266.0,-0.9774
2925,ανιεροω,-50.0,-0.9419352941176472
2925,ανιεροω,200.0,-0.9794
2925,ανιεροω,490.0,-0.9224666666666668
2925,ανιεροω,550.0,0.8198
2925,ανιεροω,950.0,-0.9723250000000001
