id,word,year,mean_weighted_sentiment
3469,αντρον,-490.0,-0.9915666666666666
3469,αντρον,-450.0,-0.9896
3469,αντρον,-50.0,-0.96645
3469,αντρον,150.0,-0.95105
3469,αντρον,172.0,-0.9863
3469,αντρον,200.0,-0.9612666666666666
3469,αντρον,950.0,-0.9823000000000001
