id,word,year,mean_weighted_sentiment
2936,ανισος,-353.0,-0.98325
2936,ανισος,-300.0,-0.9520444444444445
2936,ανισος,-270.0,-0.9425
2936,ανισος,-155.0,-0.9362
2936,ανισος,-50.0,-0.9749
2936,ανισος,150.0,-0.70715
2936,ανισος,200.0,-0.9814
2936,ανισος,249.0,-0.9521
2936,ανισος,320.0,-0.556125
2936,ανισος,1127.0,-0.97105
