id,word,year,mean_weighted_sentiment
2491,αναστασις,-500.0,-0.988
2491,αναστασις,-266.0,-0.9893
2491,αναστασις,-50.0,-0.9671000000000001
2491,αναστασις,49.0,-0.9105
2491,αναστασις,147.0,-0.933
2491,αναστασις,150.0,-0.9648000000000001
2491,αναστασις,161.0,-0.9918
2491,αναστασις,219.0,-0.9629
2491,αναστασις,299.0,-0.9241
2491,αναστασις,311.0,-0.9756
2491,αναστασις,350.0,-0.95865
2491,αναστασις,425.0,-0.9245
2491,αναστασις,490.0,-0.924
