id,word,year,mean_weighted_sentiment
2622,ανδριας,-353.0,-0.99
2622,ανδριας,-266.0,-0.9557
2622,ανδριας,-50.0,-0.984375
2622,ανδριας,147.0,-0.8407
2622,ανδριας,150.0,-0.9297333333333334
2622,ανδριας,200.0,-0.95215
2622,ανδριας,425.0,-0.88785
2622,ανδριας,448.0,-0.9708
2622,ανδριας,550.0,-0.9289
2622,ανδριας,950.0,-0.9836
