id,word,year,mean_weighted_sentiment
3066,αντα,-450.0,-0.44806666666666667
3066,αντα,-50.0,-0.8624611111111112
3066,αντα,127.0,-0.9903
3066,αντα,200.0,0.9212
3066,αντα,269.0,-0.6374
3066,αντα,448.0,-0.9888
3066,αντα,950.0,-0.776675
