id,word,year,mean_weighted_sentiment
3173,αντιγραφω,-266.0,-0.9232125
3173,αντιγραφω,-50.0,-0.9699333333333332
3173,αντιγραφω,127.0,-0.9646
3173,αντιγραφω,172.0,-0.9899571428571428
3173,αντιγραφω,550.0,-0.9596
3173,αντιγραφω,950.0,-0.9809
