id,word,year,mean_weighted_sentiment
2979,ανομια,-266.0,-0.912228
2979,ανομια,49.0,-0.9005000000000001
2979,ανομια,219.0,-0.9634
2979,ανομια,350.0,-0.9663
