id,word,year,mean_weighted_sentiment
2489,ανασσω,-490.0,-0.9924
2489,ανασσω,-450.0,-0.9903500000000001
2489,ανασσω,-50.0,-0.9688249999999999
2489,ανασσω,15.0,-0.9714
2489,ανασσω,152.0,-0.9416
2489,ανασσω,350.0,-0.9447
2489,ανασσω,490.0,-0.8459
2489,ανασσω,950.0,-0.9696
