id,word,year,mean_weighted_sentiment
2938,ανισοω,-353.0,-0.98325
2938,ανισοω,-300.0,-0.9221
2938,ανισοω,-270.0,-0.9425
2938,ανισοω,-155.0,-0.9362
2938,ανισοω,-50.0,-0.9749
2938,ανισοω,320.0,-0.556125
2938,ανισοω,1127.0,-0.9503
