id,word,year,mean_weighted_sentiment
3570,αξων,-300.0,-0.9253
3570,αξων,-270.0,-0.9283
3570,αξων,-266.0,-0.98
3570,αξων,-249.0,-0.9252714285714286
3570,αξων,-50.0,-0.9498928571428572
3570,αξων,150.0,-0.9307875
3570,αξων,320.0,-0.9865
3570,αξων,950.0,-0.9926
