id,word,year,mean_weighted_sentiment
3572,αοιδη,-450.0,-0.8722705882352941
3572,αοιδη,-266.0,-0.7751785714285714
3572,αοιδη,-50.0,-0.9575
3572,αοιδη,147.0,-0.9831
3572,αοιδη,150.0,-0.9451
3572,αοιδη,152.0,-0.9159
3572,αοιδη,172.0,-0.9933
3572,αοιδη,237.0,-0.8892
3572,αοιδη,311.0,-0.9544
3572,αοιδη,350.0,-0.9277
3572,αοιδη,425.0,-0.9421
3572,αοιδη,950.0,-0.9877470588235295
