id,word,year,mean_weighted_sentiment
3578,αοιδος,-50.0,-0.9487166666666665
3578,αοιδος,150.0,-0.9473333333333334
3578,αοιδος,950.0,-0.9834
