id,word,year,mean_weighted_sentiment
4446,αποστημα,-300.0,-0.9111333333333334
4446,αποστημα,-270.0,-0.9342999999999999
4446,αποστημα,200.0,-0.9896
