id,word,year,mean_weighted_sentiment
3771,απειλεω,-490.0,-0.989
3771,απειλεω,-50.0,-0.9616523809523807
3771,απειλεω,15.0,-0.9909
3771,απειλεω,152.0,-0.9808
3771,απειλεω,425.0,-0.89014
3771,απειλεω,490.0,-0.9553
3771,απειλεω,950.0,-0.9910333333333333
3771,απειλεω,1118.0,-0.9825
