id,word,year,mean_weighted_sentiment
3708,απαρασσω,-353.0,-0.9209222222222222
3708,απαρασσω,-149.0,-0.9922
3708,απαρασσω,-50.0,-0.9493199999999999
3708,απαρασσω,15.0,-0.8729
3708,απαρασσω,147.0,-0.9176
3708,απαρασσω,150.0,-0.9533499999999999
3708,απαρασσω,152.0,-0.9796
3708,απαρασσω,200.0,-0.967275
3708,απαρασσω,350.0,-0.93905
3708,απαρασσω,550.0,-0.8019
3708,απαρασσω,950.0,-0.9747999999999999
3708,απαρασσω,1127.0,-0.9603
