id,word,year,mean_weighted_sentiment
3904,απιστος,-50.0,-0.9528428571428573
3904,απιστος,15.0,-0.9055
3904,απιστος,150.0,-0.9694499999999999
3904,απιστος,200.0,-0.9933
3904,απιστος,350.0,-0.9607
3904,απιστος,490.0,-0.8622
