id,word,year,mean_weighted_sentiment
4201,απολλωνιος,-266.0,-0.94754
4201,απολλωνιος,-149.0,-0.9914499999999999
4201,απολλωνιος,-50.0,-0.9599636363636364
4201,απολλωνιος,127.0,-0.9513333333333333
4201,απολλωνιος,172.0,-0.98735
4201,απολλωνιος,320.0,-0.9452
4201,απολλωνιος,425.0,-0.9441
4201,απολλωνιος,950.0,-0.9782666666666668
