id,word,year,mean_weighted_sentiment
4596,απρακτος,-50.0,-0.972375
4596,απρακτος,147.0,-0.894075
4596,απρακτος,150.0,-0.9546
4596,απρακτος,950.0,-0.9847999999999999
