id,word,year,mean_weighted_sentiment
4023,αποδοσις,-266.0,-0.9697
4023,αποδοσις,-50.0,-0.8643571428571428
4023,αποδοσις,200.0,-0.9433833333333334
4023,αποδοσις,269.0,-0.8932
4023,αποδοσις,352.0,-0.9135
4023,αποδοσις,530.0,-0.9812
