id,word,year,mean_weighted_sentiment
4210,απολουω,-550.0,-0.964
4210,απολουω,-450.0,-0.9951
4210,απολουω,-353.0,-0.98795
4210,απολουω,-50.0,-0.8086109090909093
4210,απολουω,15.0,-0.9517
4210,απολουω,147.0,-0.9871
4210,απολουω,150.0,-0.835038888888889
4210,απολουω,152.0,0.9951000000000001
4210,απολουω,172.0,-0.9933
4210,απολουω,200.0,-0.9738199999999999
4210,απολουω,237.0,-0.94945
4210,απολουω,269.0,-0.9800599999999999
4210,απολουω,448.0,-0.9144000000000001
4210,απολουω,950.0,-0.98006875
