id,word,year,mean_weighted_sentiment
4438,αποστελλω,-353.0,-0.8813
4438,αποστελλω,-266.0,-0.9492166666666666
4438,αποστελλω,-249.0,-0.9099
4438,αποστελλω,-50.0,-0.9497666666666666
4438,αποστελλω,150.0,-0.9124
4438,αποστελλω,219.0,-0.941
4438,αποστελλω,425.0,-0.8853
4438,αποστελλω,1118.0,-0.9626
