id,word,year,mean_weighted_sentiment
3773,απειλη,-490.0,-0.989
3773,απειλη,-50.0,-0.9542285714285713
3773,απειλη,15.0,-0.9909
3773,απειλη,152.0,-0.9808
3773,απειλη,350.0,-0.9041
3773,απειλη,425.0,-0.899725
3773,απειλη,950.0,-0.9910333333333333
