id,word,year,mean_weighted_sentiment
3971,απογραφω,-353.0,-0.9461499999999999
3971,απογραφω,950.0,-0.9807333333333333
