id,word,year,mean_weighted_sentiment
3727,απαρχη,-266.0,-0.98465
3727,απαρχη,-50.0,-0.9627666666666667
3727,απαρχη,15.0,-0.8469
3727,απαρχη,150.0,-0.9246
3727,απαρχη,425.0,-0.9165
3727,απαρχη,490.0,-0.8758
