id,word,year,mean_weighted_sentiment
4658,απωλεια,-266.0,-0.9607249999999999
4658,απωλεια,-50.0,-0.9497800000000002
4658,απωλεια,150.0,-0.9323
4658,απωλεια,205.0,-0.972
4658,απωλεια,490.0,-0.89215
