id,word,year,mean_weighted_sentiment
4698,αργεω,-266.0,-0.9839600000000001
4698,αργεω,-155.0,-0.9626
4698,αργεω,-50.0,-0.9613352941176471
4698,αργεω,150.0,-0.9419
4698,αργεω,152.0,-0.927
4698,αργεω,200.0,-0.9731000000000001
4698,αργεω,950.0,-0.9796999999999999
