id,word,year,mean_weighted_sentiment
5030,αρυω,-50.0,-0.9448000000000001
5030,αρυω,950.0,-0.98875
