id,word,year,mean_weighted_sentiment
4955,αρσην,-415.0,-0.9845
4955,αρσην,-353.0,-0.7246444444444444
4955,αρσην,-266.0,-0.9738
4955,αρσην,-50.0,-0.9585733333333335
4955,αρσην,15.0,-0.9237
4955,αρσην,49.0,-0.9246
4955,αρσην,150.0,-0.7407111111111111
4955,αρσην,172.0,-0.97775
4955,αρσην,200.0,-0.9624111111111113
4955,αρσην,237.0,-0.86235
4955,αρσην,311.0,-0.9914
4955,αρσην,448.0,-0.9085000000000001
4955,αρσην,950.0,-0.9606833333333333
