id,word,year,mean_weighted_sentiment
4802,αριθμητικος,90.0,-0.9007750000000001
4802,αριθμητικος,147.0,-0.9439
4802,αριθμητικος,150.0,-0.9903
4802,αριθμητικος,320.0,-0.90145
4802,αριθμητικος,352.0,-0.96485
4802,αριθμητικος,448.0,-0.9405
4802,αριθμητικος,550.0,-0.9329
4802,αριθμητικος,950.0,-0.9732666666666666
4802,αριθμητικος,1127.0,-0.9358
