id,word,year,mean_weighted_sentiment
4873,αρμονικος,90.0,-0.9148333333333333
4873,αρμονικος,320.0,-0.5484499999999999
4873,αρμονικος,352.0,-0.97245
