id,word,year,mean_weighted_sentiment
4919,αρπαξ,-500.0,-0.9902
4919,αρπαξ,147.0,-0.8797
4919,αρπαξ,150.0,-0.97585
4919,αρπαξ,200.0,-0.9829
4919,αρπαξ,350.0,-0.9784
4919,αρπαξ,950.0,-0.95685
