id,word,year,mean_weighted_sentiment
4868,αρμοδιος,-353.0,-0.9763
4868,αρμοδιος,-50.0,-0.93795
4868,αρμοδιος,150.0,-0.3130333333333334
4868,αρμοδιος,490.0,-0.8768
4868,αρμοδιος,950.0,-0.9809000000000001
