id,word,year,mean_weighted_sentiment
4701,αργια,-266.0,-0.9695
4701,αργια,-50.0,-0.95945
4701,αργια,150.0,-0.9303666666666667
4701,αργια,200.0,-0.9831
4701,αργια,350.0,-0.93065
4701,αργια,448.0,-0.9119
4701,αργια,950.0,-0.9915
