id,word,year,mean_weighted_sentiment
4718,αργος,-490.0,-0.9934
4718,αργος,-353.0,-0.9762999999999998
4718,αργος,-266.0,-0.993
4718,αργος,-155.0,-0.9446599999999998
4718,αργος,-149.0,-0.9929
4718,αργος,-50.0,-0.9179348837209304
4718,αργος,127.0,-0.9419
4718,αργος,150.0,-0.8054333333333332
4718,αργος,152.0,-0.93005
4718,αργος,200.0,-0.9661333333333334
4718,αργος,950.0,-0.979109090909091
