id,word,year,mean_weighted_sentiment
4872,αρμονια,-50.0,-0.30751666666666666
4872,αρμονια,-34.0,0.00024999999999997247
4872,αρμονια,90.0,-0.8374
4872,αρμονια,127.0,-0.9513
4872,αρμονια,150.0,-0.9504384615384616
4872,αρμονια,350.0,-0.8934
4872,αρμονια,448.0,-0.9283166666666668
4872,αρμονια,550.0,-0.9582
4872,αρμονια,950.0,-0.976325
