id,word,year,mean_weighted_sentiment
4753,αργω,-266.0,-0.993
4753,αργω,-155.0,-0.9446599999999998
4753,αργω,-149.0,-0.9923
4753,αργω,-50.0,-0.6923857142857143
4753,αργω,152.0,-0.9331
4753,αργω,200.0,-0.9799
4753,αργω,950.0,-0.986675
