id,word,year,mean_weighted_sentiment
4693,αργειος,-450.0,-0.9885111111111112
4693,αργειος,-353.0,-0.92595
4693,αργειος,-149.0,-0.9935
4693,αργειος,-50.0,-0.9369643835616439
4693,αργειος,150.0,-0.9368000000000001
4693,αργειος,152.0,-0.927
4693,αργειος,269.0,-0.9793499999999999
4693,αργειος,950.0,-0.9826200000000002
