id,word,year,mean_weighted_sentiment
4680,αραρισκω,-500.0,-0.9924
4680,αραρισκω,-415.0,-0.9845
4680,αραρισκω,-155.0,-0.9916
4680,αραρισκω,-50.0,-0.8924296296296297
4680,αραρισκω,152.0,-0.9936
4680,αραρισκω,200.0,-0.9775
4680,αραρισκω,950.0,-0.9249142857142857
