id,word,year,mean_weighted_sentiment
4791,αρθροω,-50.0,-0.9600562499999999
4791,αρθροω,172.0,-0.9292333333333334
4791,αρθροω,950.0,-0.9805999999999999
