id,word,year,mean_weighted_sentiment
4844,αρκτος,-155.0,-0.9248999999999999
4844,αρκτος,-50.0,-0.9617142857142856
4844,αρκτος,15.0,-0.9088
4844,αρκτος,127.0,-0.9723
4844,αρκτος,147.0,-0.9509
4844,αρκτος,150.0,-0.9243
4844,αρκτος,152.0,-0.9393
4844,αρκτος,172.0,-0.9923
4844,αρκτος,200.0,-0.9684499999999999
4844,αρκτος,425.0,-0.8478
4844,αρκτος,490.0,-0.9195
4844,αρκτος,950.0,-0.9809333333333333
