id,word,year,mean_weighted_sentiment
4763,αρειος,-500.0,-0.9915333333333334
4763,αρειος,-353.0,-0.9672499999999999
4763,αρειος,-266.0,-0.9382
4763,αρειος,-50.0,-0.8838125
4763,αρειος,425.0,-0.93122
4763,αρειος,490.0,-0.8623
4763,αρειος,950.0,-0.9822500000000001
