id,word,year,mean_weighted_sentiment
5125,ασθμα,-50.0,-0.9799000000000001
5125,ασθμα,172.0,-0.98325
5125,ασθμα,425.0,0.8865
