id,word,year,mean_weighted_sentiment
5347,ασωματος,15.0,-0.9852
5347,ασωματος,200.0,-0.5475526315789474
5347,ασωματος,237.0,-0.9908
5347,ασωματος,448.0,-0.94045
5347,ασωματος,530.0,-0.9813
