id,word,year,mean_weighted_sentiment
5178,ασπασιος,-50.0,-0.9687714285714285
5178,ασπασιος,150.0,-0.8142666666666667
5178,ασπασιος,425.0,-0.8982
