id,word,year,mean_weighted_sentiment
5127,ασια,-490.0,-0.9935
5127,ασια,-266.0,-0.9574
5127,ασια,-149.0,-0.6527363636363637
5127,ασια,-50.0,-0.9500000000000001
5127,ασια,127.0,-0.9559307692307691
5127,ασια,150.0,-0.9517000000000001
5127,ασια,425.0,-0.8724
5127,ασια,490.0,-0.8977142857142858
