id,word,year,mean_weighted_sentiment
5327,ασφαλης,-353.0,-0.9402
5327,ασφαλης,-266.0,-0.8631
5327,ασφαλης,-50.0,-0.9559769230769231
5327,ασφαλης,15.0,-0.862
5327,ασφαλης,150.0,-0.9483999999999999
5327,ασφαλης,172.0,-0.9934
5327,ασφαλης,200.0,-0.989
5327,ασφαλης,350.0,-0.9475
