id,word,year,mean_weighted_sentiment
5253,αστραγαλος,-353.0,-0.9029
5253,αστραγαλος,-50.0,-0.9514999999999999
5253,αστραγαλος,150.0,-0.9387000000000001
