id,word,year,mean_weighted_sentiment
5107,ασεβεω,-266.0,-0.9768742857142858
5107,ασεβεω,-50.0,-0.94825
5107,ασεβεω,49.0,-0.8965
5107,ασεβεω,200.0,-0.9314
5107,ασεβεω,299.0,-0.90455
5107,ασεβεω,425.0,-0.94285
