id,word,year,mean_weighted_sentiment
5134,ασιος,-490.0,-0.9935
5134,ασιος,-266.0,-0.9574
5134,ασιος,-149.0,-0.6527363636363637
5134,ασιος,-50.0,-0.9570290322580646
5134,ασιος,127.0,-0.9559307692307691
5134,ασιος,150.0,-0.9517000000000001
5134,ασιος,425.0,-0.8724
5134,ασιος,490.0,-0.8977142857142858
