id,word,year,mean_weighted_sentiment
5104,ασαφης,-550.0,-0.9512
5104,ασαφης,-50.0,-0.9434499999999999
5104,ασαφης,150.0,-0.9563
5104,ασαφης,200.0,-0.9609599999999998
