id,word,year,mean_weighted_sentiment
5446,ατομος,-479.0,-0.931675
5446,ατομος,-353.0,-0.9748333333333333
5446,ατομος,-249.0,-0.9571000000000001
5446,ατομος,200.0,-0.9343199999999999
5446,ατομος,237.0,-0.9786
5446,ατομος,352.0,-0.9661666666666667
5446,ατομος,359.0,-0.9904
5446,ατομος,383.0,-0.9544
5446,ατομος,530.0,-0.9432933333333333
5446,ατομος,550.0,-0.9835666666666666
5446,ατομος,950.0,-0.9709333333333333
