id,word,year,mean_weighted_sentiment
5415,ατιμαζω,-266.0,-0.7534
5415,ατιμαζω,-50.0,-0.9338249999999999
5415,ατιμαζω,150.0,-0.96505
5415,ατιμαζω,350.0,-0.9535
5415,ατιμαζω,950.0,-0.9630333333333333
