id,word,year,mean_weighted_sentiment
5420,ατιμια,-387.0,-0.9938
5420,ατιμια,-353.0,-0.9684
5420,ατιμια,-266.0,-0.97442
5420,ατιμια,-50.0,-0.9666250000000001
5420,ατιμια,15.0,-0.9503999999999999
5420,ατιμια,147.0,-0.9333
5420,ατιμια,350.0,-0.9097
5420,ατιμια,425.0,-0.9275749999999999
5420,ατιμια,950.0,-0.9794
