id,word,year,mean_weighted_sentiment
5365,αταρ,-500.0,-0.9887
5365,αταρ,-155.0,-0.66912
5365,αταρ,-50.0,-0.9487956521739132
5365,αταρ,127.0,-0.9884999999999999
5365,αταρ,150.0,-0.9933
5365,αταρ,152.0,-0.9771000000000001
5365,αταρ,172.0,-0.97605
5365,αταρ,200.0,-0.979
5365,αταρ,269.0,-0.6248727272727272
5365,αταρ,311.0,-0.9598
5365,αταρ,448.0,-0.9651
5365,αταρ,950.0,-0.98138
