id,word,year,mean_weighted_sentiment
5388,ατε,-450.0,-0.993
5388,ατε,-300.0,-0.94665
5388,ατε,-50.0,-0.9359571428571429
5388,ατε,147.0,-0.8711
5388,ατε,150.0,-0.9535999999999999
5388,ατε,172.0,-0.9832
5388,ατε,219.0,-0.9531
5388,ατε,237.0,-0.9482
5388,ατε,249.0,-0.9725
5388,ατε,320.0,-0.9463
5388,ατε,425.0,-0.85665
5388,ατε,550.0,-0.9148499999999999
5388,ατε,950.0,-0.97446
5388,ατε,1118.0,-0.9626
