id,word,year,mean_weighted_sentiment
5391,ατερος,-353.0,-0.9454
5391,ατερος,-50.0,-0.96505
5391,ατερος,15.0,-0.9844
5391,ατερος,150.0,-0.9656
5391,ατερος,200.0,-0.9858666666666668
5391,ατερος,237.0,-0.9481
5391,ατερος,269.0,-0.9616
5391,ατερος,425.0,-0.9173
5391,ατερος,530.0,-0.9575999999999999
5391,ατερος,1118.0,-0.9523
5391,ατερος,1127.0,-0.9876
