id,word,year,mean_weighted_sentiment
5714,αυω,-50.0,-0.8854428571428572
5714,αυω,205.0,-0.9519
5714,αυω,950.0,-0.9851333333333333
