id,word,year,mean_weighted_sentiment
5609,αυτοθι,-50.0,-0.95096
5609,αυτοθι,150.0,-0.9748
5609,αυτοθι,152.0,-0.9515499999999999
5609,αυτοθι,200.0,-0.9924
5609,αυτοθι,350.0,-0.9558
5609,αυτοθι,425.0,-0.3278
5609,αυτοθι,490.0,-0.8831833333333333
5609,αυτοθι,950.0,-0.982
