id,word,year,mean_weighted_sentiment
5510,αυδη,-490.0,-0.9652
5510,αυδη,-450.0,-0.9871
5510,αυδη,-50.0,-0.9681181818181819
5510,αυδη,950.0,-0.98825
