id,word,year,mean_weighted_sentiment
5562,αυρα,-50.0,-0.9733999999999999
5562,αυρα,150.0,-0.8841
5562,αυρα,200.0,-0.9867
5562,αυρα,950.0,-0.9812166666666667
