id,word,year,mean_weighted_sentiment
5550,αυλων,-450.0,0.9864
5550,αυλων,-149.0,-0.9858
5550,αυλων,-50.0,-0.9589666666666666
5550,αυλων,150.0,-0.9482833333333334
5550,αυλων,200.0,-0.4288
5550,αυλων,550.0,-0.906
5550,αυλων,950.0,-0.96994
