id,word,year,mean_weighted_sentiment
5534,αυλητης,-353.0,-0.9836666666666667
5534,αυλητης,150.0,-0.9422
5534,αυλητης,200.0,-0.13520000000000004
5534,αυλητης,950.0,-0.97604
