id,word,year,mean_weighted_sentiment
5506,αυγη,-450.0,-0.9877
5506,αυγη,-266.0,0.7148
5506,αυγη,-155.0,-0.9902
5506,αυγη,-50.0,-0.9549909090909092
5506,αυγη,15.0,-0.9093
5506,αυγη,127.0,-0.889
5506,αυγη,150.0,-0.9893
5506,αυγη,200.0,-0.9664666666666667
5506,αυγη,269.0,-0.9668
5506,αυγη,447.0,-0.9349
5506,αυγη,448.0,-0.9457
5506,αυγη,950.0,-0.9863
5506,αυγη,1118.0,-0.9257
