id,word,year,mean_weighted_sentiment
5508,αυδαω,-500.0,0.9046
5508,αυδαω,-490.0,-0.9652
5508,αυδαω,-450.0,-0.98865
5508,αυδαω,-50.0,-0.9687428571428571
5508,αυδαω,950.0,-0.98825
