id,word,year,mean_weighted_sentiment
5632,αυτοματος,-415.0,-0.98225
5632,αυτοματος,-353.0,-0.6729428571428571
5632,αυτοματος,-50.0,-0.96044
5632,αυτοματος,147.0,-0.9261
5632,αυτοματος,150.0,-0.9468
5632,αυτοματος,152.0,-0.9676
5632,αυτοματος,172.0,-0.4212666666666667
5632,αυτοματος,200.0,-0.9344
5632,αυτοματος,237.0,-0.9727
5632,αυτοματος,299.0,-0.3105333333333334
5632,αυτοματος,425.0,0.7262
5632,αυτοματος,550.0,-0.9153
5632,αυτοματος,950.0,-0.99195
5632,αυτοματος,1150.0,-0.98275
