id,word,year,mean_weighted_sentiment
5728,αφανιζω,-266.0,-0.9364
5728,αφανιζω,-50.0,-0.9422250000000001
5728,αφανιζω,950.0,-0.9494666666666666
