id,word,year,mean_weighted_sentiment
5749,αφελης,-50.0,-0.8752
5749,αφελης,-34.0,0.9353
5749,αφελης,49.0,-0.9687
5749,αφελης,147.0,-0.942
5749,αφελης,150.0,-0.7777499999999999
5749,αφελης,950.0,-0.9853000000000001
