id,word,year,mean_weighted_sentiment
5772,αφη,-450.0,-0.9915
5772,αφη,-415.0,-0.9799
5772,αφη,-353.0,-0.9033
5772,αφη,-300.0,-0.9389
5772,αφη,-249.0,-0.8961666666666667
5772,αφη,-50.0,-0.9302125
5772,αφη,15.0,-0.8718
5772,αφη,152.0,-0.9436
5772,αφη,172.0,-0.986
5772,αφη,200.0,-0.9738199999999999
5772,αφη,530.0,-0.92336
5772,αφη,950.0,-0.969525
