id,word,year,mean_weighted_sentiment
5850,αφροδιτη,-50.0,-0.9490383333333335
5850,αφροδιτη,127.0,-0.9519249999999999
5850,αφροδιτη,147.0,-0.9046625
5850,αφροδιτη,150.0,-0.9647400000000002
5850,αφροδιτη,152.0,0.6271863636363636
5850,αφροδιτη,200.0,-0.9928
5850,αφροδιτη,237.0,-0.9634499999999999
5850,αφροδιτη,269.0,-0.9889
5850,αφροδιτη,448.0,-0.9163
5850,αφροδιτη,950.0,-0.9753666666666666
