id,word,year,mean_weighted_sentiment
5875,αφωνος,-50.0,-0.9080166666666667
5875,αφωνος,150.0,-0.9559500000000001
5875,αφωνος,172.0,-0.96855
5875,αφωνος,350.0,-0.9716
5875,αφωνος,950.0,-0.9724
