id,word,year,mean_weighted_sentiment
5937,αχρειος,-50.0,-0.9146000000000001
5937,αχρειος,150.0,-0.8821
5937,αχρειος,200.0,-0.98805
5937,αχρειος,950.0,-0.9662000000000001
