id,word,year,mean_weighted_sentiment
5877,αχαια,-450.0,-0.9931
5877,αχαια,-149.0,-0.9914333333333335
5877,αχαια,-50.0,-0.9632414634146341
5877,αχαια,150.0,-0.9649
5877,αχαια,269.0,-0.9852555555555556
5877,αχαια,350.0,-0.9705
5877,αχαια,425.0,-0.966
5877,αχαια,950.0,-0.98005
