id,word,year,mean_weighted_sentiment
5910,αχευω,-450.0,-0.9504
5910,αχευω,-353.0,-0.9507
5910,αχευω,-266.0,0.9792
5910,αχευω,-50.0,-0.9600500000000001
5910,αχευω,150.0,-0.94865
5910,αχευω,200.0,0.9959
5910,αχευω,425.0,-0.92595
5910,αχευω,490.0,-0.8839
5910,αχευω,950.0,-0.98776
