id,word,year,mean_weighted_sentiment
6097,βαμμα,-266.0,-0.9755666666666668
6097,βαμμα,950.0,-0.9709333333333333
