id,word,year,mean_weighted_sentiment
6043,βαιος,-450.0,-0.3413333333333333
6043,βαιος,-266.0,-0.93405
6043,βαιος,-155.0,-0.9771000000000001
6043,βαιος,-50.0,-0.9778
6043,βαιος,950.0,-0.9876
