id,word,year,mean_weighted_sentiment
6220,βαφη,-450.0,-0.9937
6220,βαφη,-50.0,-0.9016500000000001
6220,βαφη,950.0,-0.9861500000000001
