id,word,year,mean_weighted_sentiment
6157,βαρυς,-450.0,-0.99245
6157,βαρυς,-353.0,-0.9262666666666667
6157,βαρυς,-266.0,-0.9804250000000001
6157,βαρυς,-149.0,0.9918
6157,βαρυς,-50.0,-0.899411111111111
6157,βαρυς,15.0,-0.9829
6157,βαρυς,127.0,-0.981
6157,βαρυς,150.0,-0.9585666666666667
6157,βαρυς,200.0,-0.9680800000000002
6157,βαρυς,530.0,-0.92256
6157,βαρυς,950.0,-0.7894
