id,word,year,mean_weighted_sentiment
6305,βιοτος,-50.0,-0.9796833333333334
6305,βιοτος,127.0,-0.91455
6305,βιοτος,172.0,-0.9919
6305,βιοτος,200.0,-0.9931
6305,βιοτος,299.0,-0.9922
6305,βιοτος,950.0,-0.9914
6305,βιοτος,1118.0,-0.987
