id,word,year,mean_weighted_sentiment
6324,βλαπτω,-450.0,-0.9904
6324,βλαπτω,-353.0,-0.9458333333333333
6324,βλαπτω,-50.0,-0.9614176470588236
6324,βλαπτω,172.0,-0.9907
6324,βλαπτω,200.0,-0.9726083333333334
6324,βλαπτω,350.0,-0.9601333333333333
6324,βλαπτω,950.0,-0.9764857142857143
6324,βλαπτω,1127.0,-0.9895
