id,word,year,mean_weighted_sentiment
6340,βλεπος,-266.0,-0.9723999999999999
6340,βλεπος,-50.0,-0.8751
6340,βλεπος,182.0,-0.9783
6340,βλεπος,200.0,-0.47380000000000005
6340,βλεπος,311.0,-0.9288
6340,βλεπος,350.0,-0.9492666666666668
6340,βλεπος,425.0,-0.8961
6340,βλεπος,448.0,-0.9535
6340,βλεπος,950.0,-0.9761
