id,word,year,mean_weighted_sentiment
6346,βλεφαρον,-450.0,-0.9934
6346,βλεφαρον,-353.0,-0.9052
6346,βλεφαρον,-266.0,-0.9783666666666667
6346,βλεφαρον,-50.0,-0.9711
6346,βλεφαρον,150.0,-0.9188
6346,βλεφαρον,172.0,-0.98765
6346,βλεφαρον,950.0,-0.9576
