id,word,year,mean_weighted_sentiment
6443,βοσπορος,-149.0,-0.98234
6443,βοσπορος,-50.0,-0.9447
6443,βοσπορος,127.0,-0.9492
6443,βοσπορος,150.0,-0.9774499999999999
6443,βοσπορος,425.0,-0.9714
6443,βοσπορος,490.0,-0.848
