id,word,year,mean_weighted_sentiment
6374,βοευς,-450.0,-0.9383
6374,βοευς,-266.0,-0.4569666666666667
6374,βοευς,-50.0,-0.9429621621621622
6374,βοευς,15.0,-0.8968
6374,βοευς,150.0,-0.9229
6374,βοευς,152.0,-0.8435
6374,βοευς,200.0,-0.9741
6374,βοευς,350.0,-0.9361999999999999
6374,βοευς,425.0,-0.8734
6374,βοευς,950.0,-0.9760714285714285
