id,word,year,mean_weighted_sentiment
6400,βοιωτιαζω,-149.0,-0.9923333333333333
6400,βοιωτιαζω,-50.0,-0.94018
6400,βοιωτιαζω,127.0,-0.9583
6400,βοιωτιαζω,150.0,-0.9489875
6400,βοιωτιαζω,950.0,-0.9793714285714286
