id,word,year,mean_weighted_sentiment
6403,βοιωτιος,-149.0,-0.9923333333333333
6403,βοιωτιος,-50.0,-0.9437363636363636
6403,βοιωτιος,127.0,-0.9583
6403,βοιωτιος,150.0,-0.9547100000000001
6403,βοιωτιος,950.0,-0.9819444444444445
