id,word,year,mean_weighted_sentiment
6430,βορειος,-155.0,-0.93234
6430,βορειος,-149.0,-0.993
6430,βορειος,-50.0,-0.925925
6430,βορειος,127.0,-0.9279999999999999
6430,βορειος,147.0,-0.9539
6430,βορειος,352.0,-0.9942
6430,βορειος,950.0,-0.9597749999999999
