id,word,year,mean_weighted_sentiment
6429,βορεας,-490.0,-0.9938
6429,βορεας,-353.0,-0.9824
6429,βορεας,-266.0,-0.990775
6429,βορεας,-155.0,-0.98765
6429,βορεας,-149.0,-0.983
6429,βορεας,-50.0,-0.9600375000000001
6429,βορεας,127.0,-0.9459500000000001
6429,βορεας,147.0,-0.9539
6429,βορεας,200.0,-0.9817
6429,βορεας,269.0,-0.9657
6429,βορεας,425.0,-0.9409
6429,βορεας,950.0,-0.9821799999999999
