id,word,year,mean_weighted_sentiment
6371,βοειη,-450.0,-0.97958
6371,βοειη,-266.0,-0.4569666666666667
6371,βοειη,-100.0,-0.9554
6371,βοειη,-50.0,-0.8836292682926831
6371,βοειη,15.0,-0.8968
6371,βοειη,150.0,-0.9192199999999999
6371,βοειη,152.0,-0.8435
6371,βοειη,200.0,-0.9817
6371,βοειη,269.0,-0.9196
6371,βοειη,311.0,-0.918
6371,βοειη,350.0,-0.9389799999999999
6371,βοειη,425.0,-0.9003
6371,βοειη,950.0,-0.9795421052631579
