id,word,year,mean_weighted_sentiment
6492,βουλευτηριον,-353.0,-0.9864666666666667
6492,βουλευτηριον,-266.0,-0.9664333333333334
6492,βουλευτηριον,-50.0,-0.9788666666666668
6492,βουλευτηριον,350.0,-0.9123666666666667
6492,βουλευτηριον,425.0,-0.90545
6492,βουλευτηριον,950.0,-0.9883
