id,word,year,mean_weighted_sentiment
6613,βρονταω,-490.0,-0.9937
6613,βρονταω,-353.0,-0.9570333333333333
6613,βρονταω,-266.0,-0.9062
6613,βρονταω,-50.0,-0.9496625000000001
6613,βρονταω,150.0,-0.9616
6613,βρονταω,350.0,-0.9506
6613,βρονταω,448.0,-0.9509
6613,βρονταω,950.0,-0.9817
