id,word,year,mean_weighted_sentiment
6649,βρωμα,-266.0,-0.9638866666666668
6649,βρωμα,-50.0,-0.96455
6649,βρωμα,49.0,-0.9598
6649,βρωμα,80.0,-0.9123
6649,βρωμα,200.0,-0.9896
6649,βρωμα,950.0,-0.9858111111111112
