id,word,year,mean_weighted_sentiment
6739,γαμος,-490.0,-0.9919666666666668
6739,γαμος,-353.0,-0.9651666666666666
6739,γαμος,-266.0,-0.958
6739,γαμος,-50.0,-0.9411125
6739,γαμος,-34.0,-0.9594
6739,γαμος,147.0,-0.94704
6739,γαμος,150.0,-0.9411200000000001
6739,γαμος,200.0,-0.9834142857142857
6739,γαμος,269.0,-0.9383
6739,γαμος,311.0,-0.9569
6739,γαμος,425.0,-0.9291499999999999
6739,γαμος,448.0,-0.9326
6739,γαμος,490.0,-0.9016
6739,γαμος,950.0,-0.9744642857142859
6739,γαμος,1150.0,0.5797
