id,word,year,mean_weighted_sentiment
6861,γερων,-450.0,-0.9914666666666667
6861,γερων,-266.0,-0.9446333333333333
6861,γερων,-50.0,-0.899664
6861,γερων,150.0,-0.8772500000000001
6861,γερων,152.0,-0.9389
6861,γερων,172.0,-0.9804999999999998
6861,γερων,200.0,-0.8701526315789473
6861,γερων,269.0,-0.954125
6861,γερων,311.0,-0.992
6861,γερων,350.0,-0.9335
6861,γερων,447.0,-0.9634
6861,γερων,950.0,-0.9846368421052633
