id,word,year,mean_weighted_sentiment
6883,γεωργεω,-353.0,-0.94675
6883,γεωργεω,-266.0,-0.98105
6883,γεωργεω,-50.0,-0.8747250000000001
6883,γεωργεω,150.0,-0.8391733333333334
6883,γεωργεω,200.0,-0.9792399999999999
6883,γεωργεω,219.0,-0.9415
6883,γεωργεω,350.0,-0.9898
6883,γεωργεω,425.0,-0.9923
6883,γεωργεω,950.0,-0.97774
