id,word,year,mean_weighted_sentiment
6777,γεγωνεω,-490.0,-0.9903500000000001
6777,γεγωνεω,-50.0,-0.9835499999999999
6777,γεγωνεω,950.0,-0.9807
