id,word,year,mean_weighted_sentiment
6865,γεφυρα,-50.0,-0.9497857142857143
6865,γεφυρα,150.0,-0.988
6865,γεφυρα,490.0,-0.89664
6865,γεφυρα,950.0,-0.9662
