id,word,year,mean_weighted_sentiment
6810,γεμω,200.0,-0.9906333333333333
6810,γεμω,950.0,-0.97956
