id,word,year,mean_weighted_sentiment
6812,γενεαλογια,-50.0,-0.9003333333333333
6812,γενεαλογια,269.0,-0.9777
6812,γενεαλογια,950.0,-0.9580500000000001
