id,word,year,mean_weighted_sentiment
6936,γλαυξ,-550.0,-0.8351
6936,γλαυξ,-50.0,-0.9596285714285714
6936,γλαυξ,150.0,-0.94345
6936,γλαυξ,950.0,-0.9798142857142859
