id,word,year,mean_weighted_sentiment
6976,γλωσσα,-490.0,-0.9816750000000001
6976,γλωσσα,-450.0,-0.9773833333333332
6976,γλωσσα,-353.0,-0.60144
6976,γλωσσα,-266.0,-0.8377714285714287
6976,γλωσσα,-50.0,-0.9466749999999999
6976,γλωσσα,150.0,-0.9709
6976,γλωσσα,172.0,-0.9925999999999999
6976,γλωσσα,200.0,-0.9888
6976,γλωσσα,350.0,-0.9592
6976,γλωσσα,425.0,-0.89
6976,γλωσσα,950.0,-0.9778933333333334
6976,γλωσσα,1118.0,-0.95
