id,word,year,mean_weighted_sentiment
7049,γοργω,-490.0,-0.9902
7049,γοργω,-50.0,-0.9704499999999999
7049,γοργω,950.0,-0.973175
