id,word,year,mean_weighted_sentiment
7068,γραμματικος,-50.0,-0.9320333333333334
7068,γραμματικος,15.0,-0.8679
7068,γραμματικος,147.0,-0.9652
7068,γραμματικος,172.0,-0.9895
7068,γραμματικος,200.0,-0.9931
7068,γραμματικος,530.0,-0.9917
7068,γραμματικος,550.0,-0.9821
7068,γραμματικος,950.0,-0.9688083333333332
