id,word,year,mean_weighted_sentiment
7056,γραια,150.0,-0.9668
7056,γραια,200.0,-0.9906999999999999
7056,γραια,950.0,-0.9907666666666667
