id,word,year,mean_weighted_sentiment
7083,γραυς,-353.0,-0.9633
7083,γραυς,-50.0,-0.9355461538461539
7083,γραυς,200.0,-0.9906666666666667
7083,γραυς,269.0,-0.9809
7083,γραυς,311.0,-0.9364
7083,γραυς,350.0,-0.9238
7083,γραυς,950.0,-0.9824
