id,word,year,mean_weighted_sentiment
7124,γυμνασιον,-50.0,-0.9635499999999999
7124,γυμνασιον,15.0,-0.908
7124,γυμνασιον,150.0,-0.9323750000000001
7124,γυμνασιον,172.0,-0.9761
