id,word,year,mean_weighted_sentiment
7125,γυμνας,-50.0,-0.9710999999999999
7125,γυμνας,150.0,-0.9601
7125,γυμνας,152.0,-0.9926
7125,γυμνας,425.0,-0.9229499999999999
