id,word,year,mean_weighted_sentiment
7143,γυναικειος,-415.0,-0.5092
7143,γυναικειος,-353.0,-0.9859
7143,γυναικειος,-50.0,-0.9620333333333332
7143,γυναικειος,150.0,-0.9779
7143,γυναικειος,172.0,-0.9774
7143,γυναικειος,350.0,-0.9763
7143,γυναικειος,448.0,-0.9519500000000001
7143,γυναικειος,950.0,-0.9871388888888889
