id,word,year,mean_weighted_sentiment
7195,δαιμονιος,-450.0,-0.9906
7195,δαιμονιος,-387.0,-0.9693
7195,δαιμονιος,-266.0,-0.9518666666666666
7195,δαιμονιος,-155.0,-0.9894
7195,δαιμονιος,-149.0,-0.9907
7195,δαιμονιος,-50.0,-0.9603744680851062
7195,δαιμονιος,147.0,-0.9218999999999999
7195,δαιμονιος,150.0,-0.6984391304347828
7195,δαιμονιος,350.0,-0.92815
7195,δαιμονιος,448.0,-0.537475
7195,δαιμονιος,950.0,-0.91288
