id,word,year,mean_weighted_sentiment
7261,δανειον,-50.0,-0.966275
7261,δανειον,147.0,-0.959
7261,δανειον,150.0,-0.9388000000000001
7261,δανειον,950.0,-0.9885
