id,word,year,mean_weighted_sentiment
7320,δαω,-155.0,-0.9889
7320,δαω,-50.0,-0.8664619047619049
7320,δαω,152.0,-0.9862
7320,δαω,205.0,-0.969
7320,δαω,269.0,-0.9868
7320,δαω,311.0,-0.98685
7320,δαω,350.0,-0.926
7320,δαω,448.0,-0.9669
7320,δαω,950.0,-0.9791666666666666
