id,word,year,mean_weighted_sentiment
7285,δαρειος,-149.0,-0.9912
7285,δαρειος,-50.0,-0.9828
7285,δαρειος,150.0,-0.9788466666666665
7285,δαρειος,490.0,-0.8846
7285,δαρειος,950.0,-0.9645699999999999
