id,word,year,mean_weighted_sentiment
7199,δαιος,-490.0,-0.9941
7199,δαιος,-450.0,-0.9918
7199,δαιος,-50.0,-0.9134382352941177
7199,δαιος,152.0,-0.9289
7199,δαιος,182.0,-0.9278
7199,δαιος,205.0,-0.969
7199,δαιος,269.0,-0.9868
7199,δαιος,311.0,-0.98685
7199,δαιος,350.0,-0.926
7199,δαιος,448.0,-0.9669
7199,δαιος,950.0,-0.9753692307692308
