id,word,year,mean_weighted_sentiment
7192,δαιμοναω,-353.0,-0.9854
7192,δαιμοναω,-266.0,-0.9405
7192,δαιμοναω,-50.0,-0.9459400000000001
7192,δαιμοναω,15.0,-0.9029
7192,δαιμοναω,147.0,-0.9287000000000001
7192,δαιμοναω,150.0,-0.7922625
7192,δαιμοναω,172.0,-0.9908
7192,δαιμοναω,182.0,-0.9422
7192,δαιμοναω,237.0,-0.9439
7192,δαιμοναω,350.0,-0.9066
7192,δαιμοναω,425.0,-0.9498500000000001
7192,δαιμοναω,448.0,-0.5399
7192,δαιμοναω,950.0,-0.9738777777777778
