id,word,year,mean_weighted_sentiment
7184,δαηρ,-50.0,-0.9676666666666667
7184,δαηρ,950.0,-0.9892000000000001
