id,word,year,mean_weighted_sentiment
7267,δανος,-450.0,-0.9929666666666668
7267,δανος,-266.0,-0.9763
7267,δανος,-50.0,-0.88505
7267,δανος,269.0,-0.9899333333333334
7267,δανος,299.0,-0.9882
7267,δανος,950.0,-0.9911749999999999
