id,word,year,mean_weighted_sentiment
7194,δαιμονιον,-450.0,-0.9906
7194,δαιμονιον,-266.0,-0.9518666666666666
7194,δαιμονιον,-149.0,-0.9907
7194,δαιμονιον,-50.0,-0.9758
7194,δαιμονιον,147.0,-0.9218999999999999
7194,δαιμονιον,150.0,-0.6753571428571429
7194,δαιμονιον,350.0,-0.9145
7194,δαιμονιον,448.0,-0.11430000000000001
7194,δαιμονιον,950.0,-0.9816333333333332
