id,word,year,mean_weighted_sentiment
7375,δειπνον,-450.0,-0.9835
7375,δειπνον,-50.0,-0.9544727272727275
7375,δειπνον,150.0,-0.047099999999999975
7375,δειπνον,152.0,-0.9401
7375,δειπνον,200.0,-0.9500307692307692
7375,δειπνον,269.0,-0.9688333333333334
7375,δειπνον,350.0,-0.9248666666666666
7375,δειπνον,950.0,-0.9744904761904761
