id,word,year,mean_weighted_sentiment
7369,δειπνεω,-50.0,-0.9671
7369,δειπνεω,150.0,0.8483
7369,δειπνεω,200.0,-0.991675
7369,δειπνεω,269.0,-0.936
7369,δειπνεω,350.0,-0.9829
7369,δειπνεω,950.0,-0.97795
