id,word,year,mean_weighted_sentiment
7477,δεξια,-415.0,-0.9826
7477,δεξια,-353.0,-0.9538666666666668
7477,δεξια,-266.0,-0.7730148936170212
7477,δεξια,-155.0,-0.8469642857142857
7477,δεξια,-50.0,-0.9620444444444445
7477,δεξια,15.0,-0.9669
7477,δεξια,127.0,-0.9692
7477,δεξια,150.0,-0.92866
7477,δεξια,152.0,-0.9896
7477,δεξια,172.0,-0.99075
7477,δεξια,200.0,-0.9008
7477,δεξια,269.0,-0.9431
7477,δεξια,425.0,-0.9108
7477,δεξια,448.0,-0.93875
7477,δεξια,950.0,-0.9680181818181818
