id,word,year,mean_weighted_sentiment
7467,δενδρον,-415.0,-0.9467
7467,δενδρον,-266.0,-0.93005
7467,δενδρον,-50.0,-0.9577666666666667
7467,δενδρον,15.0,-0.9087
7467,δενδρον,150.0,-0.9150090909090909
7467,δενδρον,200.0,-0.3117333333333333
7467,δενδρον,350.0,-0.954
7467,δενδρον,352.0,-0.9838
7467,δενδρον,359.0,-0.9089
7467,δενδρον,950.0,-0.9850285714285715
