id,word,year,mean_weighted_sentiment
7457,δεμω,-50.0,-0.97485
7457,δεμω,150.0,-0.9855
7457,δεμω,205.0,-0.9787
7457,δεμω,950.0,-0.989425
7457,δεμω,1150.0,-0.9332
