id,word,year,mean_weighted_sentiment
7421,δεκατος,-479.0,-0.951
7421,δεκατος,-353.0,-0.9778
7421,δεκατος,-266.0,-0.9525
7421,δεκατος,-50.0,-0.9688416666666666
7421,δεκατος,200.0,-0.91595
7421,δεκατος,269.0,-0.98805
7421,δεκατος,320.0,-0.9628
7421,δεκατος,448.0,-0.9529
7421,δεκατος,550.0,-0.95565
7421,δεκατος,950.0,-0.9849875
