id,word,year,mean_weighted_sentiment
7541,δεχομαι,-353.0,-0.9872
7541,δεχομαι,-266.0,-0.97175
7541,δεχομαι,-50.0,-0.880617391304348
7541,δεχομαι,15.0,-0.8483
7541,δεχομαι,200.0,-0.9245666666666666
7541,δεχομαι,299.0,-0.9562
7541,δεχομαι,350.0,-0.8914
7541,δεχομαι,425.0,-0.9124666666666666
7541,δεχομαι,490.0,-0.9258
7541,δεχομαι,950.0,-0.9782666666666667
