id,word,year,mean_weighted_sentiment
7366,δεινοω,-50.0,-0.9629105263157896
7366,δεινοω,15.0,-0.9586
7366,δεινοω,150.0,-0.9527
7366,δεινοω,200.0,0.013350000000000029
7366,δεινοω,299.0,-0.9246
7366,δεινοω,490.0,-0.9208
7366,δεινοω,950.0,-0.989925
