id,word,year,mean_weighted_sentiment
7326,δεησις,-266.0,-0.8392133333333333
7326,δεησις,-50.0,-0.9516846153846156
7326,δεησις,49.0,-0.9423
7326,δεησις,147.0,-0.9635333333333334
7326,δεησις,152.0,-0.9933
7326,δεησις,200.0,-0.95075
7326,δεησις,425.0,-0.9791
