id,word,year,mean_weighted_sentiment
7626,δημος,-353.0,-0.9623657142857143
7626,δημος,-266.0,-0.8947799999999999
7626,δημος,-50.0,-0.9735634146341463
7626,δημος,15.0,-0.29219999999999996
7626,δημος,150.0,-0.9608578947368421
7626,δημος,200.0,-0.987
7626,δημος,237.0,-0.9016
7626,δημος,269.0,-0.981475
7626,δημος,299.0,-0.92145
7626,δημος,350.0,-0.931109090909091
7626,δημος,425.0,-0.54474
7626,δημος,490.0,-0.863525
7626,δημος,950.0,-0.9776599999999999
