id,word,year,mean_weighted_sentiment
7653,δητα,-490.0,-0.9753
7653,δητα,-450.0,-0.91515
7653,δητα,-50.0,-0.9693750000000001
7653,δητα,950.0,-0.98715
