id,word,year,mean_weighted_sentiment
7727,διαδημα,-300.0,-0.9755
7727,διαδημα,-266.0,-0.9566999999999999
7727,διαδημα,-50.0,-0.9625666666666666
7727,διαδημα,425.0,-0.9159
7727,διαδημα,950.0,-0.9827
