id,word,year,mean_weighted_sentiment
7676,διαβολη,-266.0,-0.9635000000000001
7676,διαβολη,-50.0,-0.9826
7676,διαβολη,200.0,-0.509725
7676,διαβολη,425.0,-0.8684
7676,διαβολη,490.0,-0.9351
