id,word,year,mean_weighted_sentiment
8586,δις,-450.0,-0.9886999999999999
8586,δις,-353.0,-0.9498333333333333
8586,δις,-266.0,-0.96645
8586,δις,-149.0,-0.9942
8586,δις,-50.0,-0.9621545454545455
8586,δις,90.0,-0.9926000000000001
8586,δις,147.0,-0.8749
8586,δις,150.0,-0.93828
8586,δις,172.0,-0.9123343749999999
8586,δις,200.0,-0.9868
8586,δις,249.0,-0.97605
8586,δις,320.0,-0.9525
8586,δις,350.0,-0.9552
8586,δις,1127.0,-0.9223
