id,word,year,mean_weighted_sentiment
8645,διχως,-479.0,-0.9737
8645,διχως,-353.0,-0.96785
8645,διχως,-50.0,-0.9575583333333334
8645,διχως,200.0,-0.9519500000000001
8645,διχως,530.0,-0.9838
8645,διχως,550.0,-0.9639599999999999
