id,word,year,mean_weighted_sentiment
8292,διδημι,-450.0,-0.9739
8292,διδημι,-50.0,-0.942125
8292,διδημι,15.0,-0.8951
8292,διδημι,147.0,-0.9537
8292,διδημι,150.0,-0.95084
8292,διδημι,172.0,-0.9878699999999998
8292,διδημι,200.0,0.996
8292,διδημι,219.0,-0.9745
8292,διδημι,237.0,-0.9002
8292,διδημι,350.0,-0.9544
8292,διδημι,448.0,-0.8375
8292,διδημι,530.0,-0.9658
8292,διδημι,950.0,-0.9879285714285714
