id,word,year,mean_weighted_sentiment
7786,διαιταω,-490.0,-0.9485
7786,διαιταω,-415.0,-0.06719999999999998
7786,διαιταω,-353.0,-0.9704428571428572
7786,διαιταω,-50.0,-0.90835
7786,διαιταω,150.0,-0.95454
7786,διαιταω,172.0,-0.91825
7786,διαιταω,200.0,0.8058
7786,διαιταω,448.0,-0.9636
7786,διαιταω,530.0,-0.9529
7786,διαιταω,550.0,-0.9195
7786,διαιταω,950.0,-0.9813125
7786,διαιταω,1118.0,-0.9724
