id,word,year,mean_weighted_sentiment
8621,διχα,-450.0,-0.9869
8621,διχα,-353.0,-0.9319
8621,διχα,-249.0,-0.9718
8621,διχα,-155.0,-0.99045
8621,διχα,-50.0,-0.9642124999999999
8621,διχα,90.0,-0.9416
8621,διχα,150.0,-0.974125
8621,διχα,269.0,-0.9574
8621,διχα,320.0,-0.9774
8621,διχα,490.0,-0.8578
8621,διχα,950.0,-0.982175
