id,word,year,mean_weighted_sentiment
7935,διαμετρος,-300.0,-0.9247285714285713
7935,διαμετρος,-270.0,-0.9449500000000001
7935,διαμετρος,-249.0,-0.9343818181818182
7935,διαμετρος,127.0,-0.9557
7935,διαμετρος,147.0,-0.9358333333333334
7935,διαμετρος,150.0,-0.9431292682926828
7935,διαμετρος,249.0,-0.9160666666666666
7935,διαμετρος,320.0,-0.9494545454545453
7935,διαμετρος,448.0,-0.8748499999999999
7935,διαμετρος,950.0,-0.9511
