id,word,year,mean_weighted_sentiment
8427,δικαστης,-450.0,-0.9909
8427,δικαστης,-353.0,-0.9617222222222223
8427,δικαστης,-266.0,-0.9489000000000001
8427,δικαστης,-50.0,-0.8963
8427,δικαστης,15.0,-0.9523
8427,δικαστης,150.0,-0.9649533333333333
8427,δικαστης,152.0,-0.9328666666666666
8427,δικαστης,200.0,-0.9534
8427,δικαστης,350.0,-0.9318631578947367
8427,δικαστης,448.0,-0.9468
8427,δικαστης,1127.0,-0.9645333333333334
