id,word,year,mean_weighted_sentiment
8212,διαφαινω,-266.0,0.9856
8212,διαφαινω,-50.0,-0.56436
8212,διαφαινω,200.0,-0.7572535714285715
8212,διαφαινω,530.0,-0.8978
8212,διαφαινω,950.0,-0.9529000000000001
