id,word,year,mean_weighted_sentiment
8135,διαστασις,-387.0,-0.9915
8135,διαστασις,-50.0,-0.9658999999999999
8135,διαστασις,147.0,-0.94755
8135,διαστασις,150.0,-0.9202
8135,διαστασις,200.0,-0.9395
