id,word,year,mean_weighted_sentiment
8197,διατριβω,-50.0,-0.9733375
8197,διατριβω,-34.0,-0.9766
8197,διατριβω,15.0,-0.9298
8197,διατριβω,150.0,-0.48607500000000003
8197,διατριβω,152.0,-0.9794999999999999
8197,διατριβω,200.0,-0.8955
8197,διατριβω,350.0,-0.89795
8197,διατριβω,425.0,-0.9643
8197,διατριβω,490.0,-0.92385
8197,διατριβω,950.0,-0.9700571428571427
8197,διατριβω,1118.0,-0.9642
