id,word,year,mean_weighted_sentiment
7661,διαβασις,-266.0,-0.93475
7661,διαβασις,-149.0,-0.9719
7661,διαβασις,-50.0,-0.9455599999999998
7661,διαβασις,150.0,-0.9099
7661,διαβασις,490.0,-0.9694
