id,word,year,mean_weighted_sentiment
8690,δοιοι,-50.0,-0.981325
8690,δοιοι,172.0,-0.9904999999999999
8690,δοιοι,448.0,-0.96
8690,δοιοι,950.0,-0.9678599999999999
