id,word,year,mean_weighted_sentiment
8811,δοτηρ,-50.0,-0.94425
8811,δοτηρ,147.0,-0.9438666666666666
8811,δοτηρ,200.0,-0.992
8811,δοτηρ,950.0,-0.9928
