id,word,year,mean_weighted_sentiment
8829,δουπος,-450.0,-0.9933
8829,δουπος,-50.0,-0.9801285714285715
8829,δουπος,950.0,-0.9905999999999999
