id,word,year,mean_weighted_sentiment
8890,δρομευς,-50.0,-0.9834999999999999
8890,δρομευς,150.0,-0.9199666666666667
8890,δρομευς,950.0,-0.9716
8890,δρομευς,1118.0,-0.9408
