id,word,year,mean_weighted_sentiment
8908,δρυς,-50.0,-0.9636333333333335
8908,δρυς,150.0,-0.9788666666666668
8908,δρυς,172.0,-0.9939
8908,δρυς,200.0,-0.9676333333333333
8908,δρυς,448.0,-0.9886
8908,δρυς,550.0,-0.9669
8908,δρυς,950.0,-0.9737
