id,word,year,mean_weighted_sentiment
8900,δρυμος,-266.0,-0.58933
8900,δρυμος,-50.0,0.6927
8900,δρυμος,200.0,-0.9841
8900,δρυμος,490.0,-0.8244
8900,δρυμος,950.0,-0.96695
