id,word,year,mean_weighted_sentiment
9221,δυστηνος,-500.0,-0.9913
9221,δυστηνος,-490.0,-0.992
9221,δυστηνος,-450.0,-0.9895999999999999
9221,δυστηνος,-50.0,-0.9815000000000002
9221,δυστηνος,150.0,-0.9924
9221,δυστηνος,200.0,-0.9881
