id,word,year,mean_weighted_sentiment
9321,δωριζω,-149.0,-0.9908166666666668
9321,δωριζω,-50.0,-0.9444833333333333
9321,δωριζω,150.0,-0.9208
9321,δωριζω,950.0,-0.97195
