id,word,year,mean_weighted_sentiment
9308,δωδωνη,-149.0,-0.9914
9308,δωδωνη,-50.0,-0.9618333333333333
9308,δωδωνη,150.0,-0.94065
9308,δωδωνη,950.0,-0.9874333333333333
