id,word,year,mean_weighted_sentiment
9309,δωμα,-500.0,-0.9894499999999999
9309,δωμα,-490.0,-0.9936
9309,δωμα,-450.0,-0.9914000000000001
9309,δωμα,-266.0,-0.3030333333333333
9309,δωμα,-50.0,-0.9549636363636366
9309,δωμα,150.0,-0.9262
9309,δωμα,200.0,-0.991
9309,δωμα,219.0,-0.8222
9309,δωμα,950.0,-0.9868399999999999
