id,word,year,mean_weighted_sentiment
9499,εγκρατεια,-387.0,-0.97375
9499,εγκρατεια,-353.0,-0.9680666666666666
9499,εγκρατεια,-266.0,0.9957
9499,εγκρατεια,-50.0,-0.9148
9499,εγκρατεια,49.0,-0.9177
9499,εγκρατεια,147.0,-0.9853
9499,εγκρατεια,200.0,-0.9564
9499,εγκρατεια,311.0,-0.9196
9499,εγκρατεια,950.0,-0.97525
