id,word,year,mean_weighted_sentiment
9519,εγκυος,-266.0,-0.9646
9519,εγκυος,-50.0,-0.9119333333333334
9519,εγκυος,15.0,-0.8359
9519,εγκυος,150.0,-0.8983
9519,εγκυος,950.0,-0.9901500000000001
