id,word,year,mean_weighted_sentiment
9419,εγκαλεω,-353.0,-0.9485
9419,εγκαλεω,-50.0,-0.9525
9419,εγκαλεω,152.0,-0.8597
9419,εγκαλεω,299.0,-0.9464
9419,εγκαλεω,350.0,-0.92606
9419,εγκαλεω,425.0,-0.9239
9419,εγκαλεω,550.0,-0.9488
9419,εγκαλεω,950.0,-0.974309090909091
