id,word,year,mean_weighted_sentiment
9565,εγχωρεω,-550.0,-0.8555
9565,εγχωρεω,-353.0,-0.1704
9565,εγχωρεω,-50.0,-0.9733666666666666
9565,εγχωρεω,150.0,-0.9946
9565,εγχωρεω,950.0,-0.9728714285714286
9565,εγχωρεω,1118.0,-0.9053
