id,word,year,mean_weighted_sentiment
9832,εισθεω,-415.0,-0.9605
9832,εισθεω,-266.0,-0.9726999999999999
9832,εισθεω,-50.0,-0.9480111111111111
9832,εισθεω,150.0,-0.9214
9832,εισθεω,172.0,-0.9858
9832,εισθεω,200.0,-0.9761333333333333
9832,εισθεω,219.0,-0.9904
