id,word,year,mean_weighted_sentiment
9855,εισοδος,-353.0,-0.9755
9855,εισοδος,-266.0,-0.9028666666666667
9855,εισοδος,-50.0,-0.9501
9855,εισοδος,15.0,-0.9762
9855,εισοδος,147.0,-0.9287749999999999
9855,εισοδος,200.0,0.9906
9855,εισοδος,425.0,-0.95495
