id,word,year,mean_weighted_sentiment
9732,ειπερ,-450.0,-0.9903
9732,ειπερ,-353.0,-0.96865
9732,ειπερ,-300.0,-0.9731
9732,ειπερ,-50.0,-0.9419583333333335
9732,ειπερ,150.0,-0.9446142857142856
9732,ειπερ,161.0,-0.8927
9732,ειπερ,200.0,-0.9806250000000001
9732,ειπερ,237.0,-0.9164666666666665
9732,ειπερ,350.0,-0.9763
9732,ειπερ,352.0,-0.9859
9732,ειπερ,448.0,-0.9769
9732,ειπερ,530.0,-0.9437500000000001
9732,ειπερ,550.0,-0.9658000000000001
9732,ειπερ,1118.0,-0.95155
