id,word,year,mean_weighted_sentiment
10013,εκδικος,-353.0,-0.9905
10013,εκδικος,-266.0,-0.966725
10013,εκδικος,950.0,-0.9799500000000001
