id,word,year,mean_weighted_sentiment
10361,εκτεινω,-550.0,-0.9131
10361,εκτεινω,-266.0,-0.9666250000000001
10361,εκτεινω,-50.0,-0.9377833333333333
10361,εκτεινω,350.0,-0.8569
10361,εκτεινω,950.0,-0.9742666666666667
