id,word,year,mean_weighted_sentiment
10267,εκπλησσω,-450.0,0.6261
10267,εκπλησσω,-50.0,-0.7290777777777778
10267,εκπλησσω,150.0,-0.93605
10267,εκπλησσω,425.0,-0.8483
