id,word,year,mean_weighted_sentiment
9929,εκατη,-50.0,-0.9600833333333334
9929,εκατη,150.0,0.996
9929,εκατη,152.0,-0.9401
9929,εκατη,950.0,-0.9702000000000001
