id,word,year,mean_weighted_sentiment
10100,εκκλησιαζω,-353.0,-0.4834
10100,εκκλησιαζω,-266.0,-0.6645
10100,εκκλησιαζω,-149.0,0.8748
10100,εκκλησιαζω,-50.0,-0.9540999999999998
10100,εκκλησιαζω,-34.0,-0.9086
10100,εκκλησιαζω,80.0,-0.91635
10100,εκκλησιαζω,150.0,-0.9220357142857144
10100,εκκλησιαζω,200.0,-0.9901
10100,εκκλησιαζω,219.0,-0.93405
10100,εκκλησιαζω,311.0,-0.95295
10100,εκκλησιαζω,350.0,-0.9410142857142857
10100,εκκλησιαζω,425.0,-0.8414046875
10100,εκκλησιαζω,490.0,-0.9613
