id,word,year,mean_weighted_sentiment
10234,εκπεμπω,-353.0,-0.9475
10234,εκπεμπω,-50.0,-0.9483333333333333
10234,εκπεμπω,490.0,-0.8644
10234,εκπεμπω,950.0,-0.81645
