id,word,year,mean_weighted_sentiment
10379,εκτινω,-353.0,-0.9784
10379,εκτινω,-266.0,-0.9713
10379,εκτινω,-149.0,-0.9886999999999999
10379,εκτινω,-50.0,-0.984
10379,εκτινω,200.0,-0.9708333333333333
10379,εκτινω,950.0,-0.9897
