id,word,year,mean_weighted_sentiment
9985,εκγονος,-450.0,-0.9533
9985,εκγονος,-266.0,-0.9656
9985,εκγονος,-50.0,-0.9623199999999998
9985,εκγονος,448.0,-0.9449
9985,εκγονος,950.0,-0.97315
