id,word,year,mean_weighted_sentiment
10029,εκειθεν,-353.0,-0.9254666666666668
10029,εκειθεν,-266.0,-0.9592857142857143
10029,εκειθεν,-50.0,-0.95565
10029,εκειθεν,15.0,-0.9674
10029,εκειθεν,127.0,-0.91735
10029,εκειθεν,150.0,-0.9037499999999999
10029,εκειθεν,200.0,-0.9796
10029,εκειθεν,237.0,-0.8923399999999999
10029,εκειθεν,350.0,-0.9232999999999999
10029,εκειθεν,425.0,-0.9352
10029,εκειθεν,448.0,-0.93835
10029,εκειθεν,950.0,-0.9716999999999999
10029,εκειθεν,1118.0,-0.94446
