id,word,year,mean_weighted_sentiment
10590,ελκεω,-415.0,-0.17505000000000004
10590,ελκεω,-353.0,-0.9667
10590,ελκεω,-155.0,-0.9901
10590,ελκεω,-50.0,-0.93198
10590,ελκεω,150.0,-0.9344
10590,ελκεω,172.0,-0.98965
10590,ελκεω,447.0,-0.9123
10590,ελκεω,950.0,-0.9605
10590,ελκεω,1118.0,-0.9611
