id,word,year,mean_weighted_sentiment
10464,ελαια,-450.0,-0.9888
10464,ελαια,-353.0,-0.984975
10464,ελαια,-266.0,-0.9821
10464,ελαια,-50.0,-0.97865
10464,ελαια,15.0,-0.9491
10464,ελαια,127.0,-0.9289
10464,ελαια,150.0,-0.9543333333333334
10464,ελαια,200.0,-0.9811
10464,ελαια,269.0,-0.9908
10464,ελαια,311.0,-0.9684
10464,ελαια,950.0,-0.9759851851851852
