id,word,year,mean_weighted_sentiment
10642,ελπιζω,-266.0,-0.12464166666666666
10642,ελπιζω,-50.0,-0.9646
10642,ελπιζω,49.0,-0.93215
10642,ελπιζω,200.0,-0.9895
10642,ελπιζω,950.0,-0.985
