id,word,year,mean_weighted_sentiment
10611,ελλας,-266.0,-0.9298
10611,ελλας,-155.0,-0.92885
10611,ελλας,-149.0,-0.7101
10611,ελλας,-50.0,-0.9554095238095238
10611,ελλας,150.0,-0.9550384615384616
10611,ελλας,152.0,-0.9165166666666665
10611,ελλας,350.0,-0.9590333333333333
10611,ελλας,425.0,-0.9871
10611,ελλας,490.0,-0.9169499999999999
10611,ελλας,950.0,-0.9768900000000003
