id,word,year,mean_weighted_sentiment
10548,ελευθερος,-490.0,-0.9694
10548,ελευθερος,-450.0,-0.7154
10548,ελευθερος,-353.0,-0.9196
10548,ελευθερος,-266.0,-0.975275
10548,ελευθερος,-50.0,-0.9407
10548,ελευθερος,15.0,-0.9044
10548,ελευθερος,150.0,-0.9324636363636365
10548,ελευθερος,152.0,-0.9762
10548,ελευθερος,200.0,-0.9902
10548,ελευθερος,350.0,-0.92435
10548,ελευθερος,425.0,-0.9212
10548,ελευθερος,448.0,-0.9672
10548,ελευθερος,950.0,-0.9823500000000001
