id,word,year,mean_weighted_sentiment
10540,ελεος,-550.0,-0.9279
10540,ελεος,-266.0,-0.19215000000000004
10540,ελεος,-50.0,-0.8930137931034484
10540,ελεος,15.0,-0.9251
10540,ελεος,80.0,-0.9278
10540,ελεος,350.0,-0.9943
10540,ελεος,950.0,-0.9919
