id,word,year,mean_weighted_sentiment
10796,εμπορος,-353.0,0.7412
10796,εμπορος,-266.0,-0.9549
10796,εμπορος,-149.0,-0.99065
10796,εμπορος,127.0,-0.9543
10796,εμπορος,150.0,-0.9432333333333333
10796,εμπορος,200.0,-0.14780000000000004
10796,εμπορος,350.0,-0.9734
10796,εμπορος,950.0,-0.9719
