id,word,year,mean_weighted_sentiment
11147,ενοικεω,-266.0,-0.9359999999999999
11147,ενοικεω,-50.0,-0.9813000000000001
11147,ενοικεω,425.0,-0.8758
