id,word,year,mean_weighted_sentiment
11083,ενθυμημα,-266.0,-0.9736800000000001
11083,ενθυμημα,-50.0,-0.45882500000000004
11083,ενθυμημα,950.0,0.5517
