id,word,year,mean_weighted_sentiment
10960,ενδεω,-387.0,-0.9927
10960,ενδεω,-353.0,-0.96
10960,ενδεω,-266.0,-0.9731
10960,ενδεω,-50.0,-0.9591249999999999
10960,ενδεω,15.0,-0.9407
10960,ενδεω,150.0,-0.9504166666666666
10960,ενδεω,237.0,-0.9664
10960,ενδεω,425.0,-0.9535
10960,ενδεω,490.0,-0.8471
10960,ενδεω,950.0,-0.96768
