id,word,year,mean_weighted_sentiment
11235,εντομος,-353.0,-0.7453777777777778
11235,εντομος,-50.0,-0.9901333333333334
11235,εντομος,150.0,-0.9669
11235,εντομος,352.0,-0.9937
11235,εντομος,950.0,-0.9903
