id,word,year,mean_weighted_sentiment
11268,ενυδρος,-353.0,-0.94112
11268,ενυδρος,-50.0,-0.9672
11268,ενυδρος,15.0,-0.8532
11268,ενυδρος,200.0,-0.9656333333333333
11268,ενυδρος,352.0,-0.9932
11268,ενυδρος,950.0,-0.9881666666666667
