id,word,year,mean_weighted_sentiment
11234,εντολη,-490.0,-0.993
11234,εντολη,-450.0,-0.9872
11234,εντολη,-266.0,-0.7933064516129033
11234,εντολη,-50.0,-0.9488125000000001
11234,εντολη,49.0,-0.9226333333333333
11234,εντολη,80.0,-0.9549
11234,εντολη,150.0,-0.8499
11234,εντολη,200.0,0.5747
11234,εντολη,311.0,-0.9834
11234,εντολη,425.0,-0.9235
11234,εντολη,950.0,-0.9637
