id,word,year,mean_weighted_sentiment
11126,εννεας,-266.0,-0.9713
11126,εννεας,-50.0,-0.94618
11126,εννεας,269.0,-0.9746
11126,εννεας,320.0,-0.9823999999999999
11126,εννεας,448.0,-0.9611
11126,εννεας,550.0,-0.9287
11126,εννεας,950.0,-0.9878250000000001
