id,word,year,mean_weighted_sentiment
11218,εντερον,-415.0,-0.9872
11218,εντερον,-353.0,-0.9348000000000001
11218,εντερον,-50.0,-0.9586466666666668
11218,εντερον,49.0,-0.9298
11218,εντερον,172.0,-0.9799
11218,εντερον,950.0,-0.9853166666666667
