id,word,year,mean_weighted_sentiment
11269,ενυπνιον,-266.0,-0.94436
11269,ενυπνιον,-50.0,-0.9823
11269,ενυπνιον,150.0,-0.32103333333333334
11269,ενυπνιον,352.0,-0.9745000000000001
11269,ενυπνιον,425.0,-0.9655
11269,ενυπνιον,448.0,-0.9614333333333334
11269,ενυπνιον,490.0,-0.9552499999999999
