id,word,year,mean_weighted_sentiment
11031,ενεργος,-50.0,-0.9804333333333332
11031,ενεργος,150.0,-0.8586
11031,ενεργος,950.0,-0.986525
