id,word,year,mean_weighted_sentiment
10942,ενδεης,-353.0,-0.9296
10942,ενδεης,-266.0,-0.9731
10942,ενδεης,-50.0,-0.9591249999999999
10942,ενδεης,15.0,-0.8727
10942,ενδεης,150.0,-0.9521333333333333
10942,ενδεης,237.0,-0.9664
10942,ενδεης,425.0,-0.9535
10942,ενδεης,950.0,-0.9908
