id,word,year,mean_weighted_sentiment
11601,εξοδος,-450.0,-0.9914999999999999
11601,εξοδος,-353.0,-0.9683
11601,εξοδος,-266.0,-0.7214222222222222
11601,εξοδος,-50.0,-0.8681272727272727
11601,εξοδος,150.0,-0.9897
11601,εξοδος,350.0,-0.8843
11601,εξοδος,425.0,-0.9642
11601,εξοδος,490.0,-0.8606
11601,εξοδος,950.0,-0.9768499999999999
