id,word,year,mean_weighted_sentiment
11676,εξοχη,-353.0,-0.9577
11676,εξοχη,-50.0,-0.9433888888888889
11676,εξοχη,150.0,-0.9702
11676,εξοχη,200.0,-0.93555
11676,εξοχη,950.0,-0.9796999999999999
