id,word,year,mean_weighted_sentiment
11596,εξοδαω,-266.0,-0.58556
11596,εξοδαω,-50.0,-0.8188538461538463
11596,εξοδαω,350.0,-0.8843
11596,εξοδαω,950.0,-0.9812249999999999
