id,word,year,mean_weighted_sentiment
12735,επιστολη,-490.0,-0.9931
12735,επιστολη,-450.0,-0.989
12735,επιστολη,-353.0,0.036750000000000005
12735,επιστολη,-266.0,-0.9455999999999999
12735,επιστολη,-155.0,-0.8679
12735,επιστολη,-50.0,-0.9283
12735,επιστολη,15.0,-0.9887
12735,επιστολη,49.0,-0.9521
12735,επιστολη,150.0,-0.958325
12735,επιστολη,152.0,0.9933
12735,επιστολη,425.0,-0.9442555555555556
12735,επιστολη,490.0,-0.9099999999999999
