id,word,year,mean_weighted_sentiment
12570,επιπλεω,-50.0,-0.9464888888888888
12570,επιπλεω,172.0,-0.984
12570,επιπλεω,200.0,-0.9875
12570,επιπλεω,269.0,-0.9499
12570,επιπλεω,350.0,-0.9014
12570,επιπλεω,950.0,-0.9880333333333334
