id,word,year,mean_weighted_sentiment
12936,επιχωριος,-50.0,-0.8200000000000001
12936,επιχωριος,150.0,-0.949125
12936,επιχωριος,152.0,-0.9808
12936,επιχωριος,490.0,-0.9661
12936,επιχωριος,950.0,-0.974275
