id,word,year,mean_weighted_sentiment
11851,επαν,-353.0,-0.9718
11851,επαν,-50.0,-0.9395666666666666
11851,επαν,147.0,-0.8780333333333333
11851,επαν,150.0,-0.9891
11851,επαν,447.0,-0.8664
11851,επαν,950.0,-0.9419500000000001
11851,επαν,1127.0,-0.9872
