id,word,year,mean_weighted_sentiment
12910,επιχειρημα,-50.0,-0.98715
12910,επιχειρημα,200.0,-0.9638
12910,επιχειρημα,530.0,-0.16519999999999996
12910,επιχειρημα,550.0,-0.9553
12910,επιχειρημα,950.0,-0.9876666666666667
