id,word,year,mean_weighted_sentiment
12265,επικαλεω,-353.0,-0.982
12265,επικαλεω,-266.0,-0.6407666666666666
12265,επικαλεω,-50.0,-0.9616
12265,επικαλεω,950.0,-0.9613999999999999
