id,word,year,mean_weighted_sentiment
12453,επιμελεια,-387.0,0.013900000000000023
12453,επιμελεια,-353.0,-0.9819
12453,επιμελεια,-50.0,-0.95434
12453,επιμελεια,15.0,-0.86065
12453,επιμελεια,350.0,-0.9308
12453,επιμελεια,425.0,-0.9297333333333334
12453,επιμελεια,490.0,-0.8516
12453,επιμελεια,950.0,-0.9712000000000001
