id,word,year,mean_weighted_sentiment
11930,επειδαν,-353.0,-0.942
11930,επειδαν,15.0,-0.9915
11930,επειδαν,150.0,-0.9673499999999999
11930,επειδαν,152.0,-0.8883
11930,επειδαν,200.0,-0.9592
11930,επειδαν,350.0,-0.9749
11930,επειδαν,950.0,-0.98345
