id,word,year,mean_weighted_sentiment
12813,επιτηδευω,-50.0,-0.95145
12813,επιτηδευω,15.0,-0.9129999999999999
12813,επιτηδευω,200.0,-0.9707
12813,επιτηδευω,950.0,-0.97235
