id,word,year,mean_weighted_sentiment
12712,επισταμαι,-450.0,-0.9773000000000001
12712,επισταμαι,-353.0,-0.7019500000000001
12712,επισταμαι,-50.0,-0.933975
12712,επισταμαι,49.0,-0.8726
12712,επισταμαι,147.0,-0.8919
12712,επισταμαι,150.0,-0.98175
12712,επισταμαι,152.0,-0.9697
12712,επισταμαι,200.0,-0.61642
12712,επισταμαι,350.0,-0.9263666666666667
12712,επισταμαι,352.0,0.6489
12712,επισταμαι,425.0,-0.9367
12712,επισταμαι,490.0,-0.9031
12712,επισταμαι,550.0,-0.9631
