id,word,year,mean_weighted_sentiment
12734,επιστολευς,-490.0,-0.9931
12734,επιστολευς,-450.0,-0.989
12734,επιστολευς,-353.0,0.036750000000000005
12734,επιστολευς,-266.0,-0.9418714285714287
12734,επιστολευς,-155.0,-0.8679
12734,επιστολευς,-50.0,-0.9283
12734,επιστολευς,15.0,-0.9887
12734,επιστολευς,49.0,-0.9521
12734,επιστολευς,150.0,-0.9499
12734,επιστολευς,152.0,0.9933
12734,επιστολευς,425.0,-0.95091
