id,word,year,mean_weighted_sentiment
12675,επισκοπη,-266.0,-0.9749166666666667
12675,επισκοπη,15.0,-0.9248
12675,επισκοπη,425.0,-0.9335519999999999
