id,word,year,mean_weighted_sentiment
13244,ερπω,-490.0,-0.9896
13244,ερπω,-450.0,-0.9921
13244,ερπω,-266.0,-0.9881
13244,ερπω,150.0,-0.9352
13244,ερπω,200.0,-0.97205
13244,ερπω,359.0,-0.9721
13244,ερπω,447.0,-0.9673
13244,ερπω,950.0,-0.9725750000000001
