id,word,year,mean_weighted_sentiment
13219,ερμηνεια,-50.0,-0.96085
13219,ερμηνεια,15.0,-0.9698
13219,ερμηνεια,172.0,-0.9888
13219,ερμηνεια,425.0,-0.8767
13219,ερμηνεια,950.0,-0.9771333333333333
