id,word,year,mean_weighted_sentiment
13159,ερημοω,-266.0,-0.8758812500000001
13159,ερημοω,-149.0,-0.99255
13159,ερημοω,-50.0,-0.95794
13159,ερημοω,150.0,-0.9324
13159,ερημοω,200.0,-0.98045
13159,ερημοω,425.0,-0.8947
13159,ερημοω,950.0,-0.9894000000000001
