id,word,year,mean_weighted_sentiment
13074,εραστος,-50.0,-0.932325
13074,εραστος,147.0,-0.93
13074,εραστος,150.0,-0.935161111111111
13074,εραστος,200.0,-0.9889
13074,εραστος,350.0,-0.2594666666666667
