id,word,year,mean_weighted_sentiment
13140,ερευναω,-50.0,-0.9826
13140,ερευναω,15.0,-0.9345
13140,ερευναω,150.0,-0.9167000000000001
13140,ερευναω,950.0,-0.98805
