id,word,year,mean_weighted_sentiment
13284,ερωτησις,-50.0,-0.9693285714285714
13284,ερωτησις,200.0,-0.9444166666666667
13284,ερωτησις,350.0,-0.9798
13284,ερωτησις,352.0,-0.99
13284,ερωτησις,425.0,-0.8418
13284,ερωτησις,448.0,-0.94075
13284,ερωτησις,550.0,-0.9912
