id,word,year,mean_weighted_sentiment
13107,ερδω,-353.0,-0.99005
13107,ερδω,-266.0,-0.988
13107,ερδω,-50.0,-0.9556800000000001
13107,ερδω,150.0,-0.9916
13107,ερδω,950.0,-0.9877
