id,word,year,mean_weighted_sentiment
13210,ερκος,-450.0,-0.75315
13210,ερκος,-50.0,-0.9422444444444444
