id,word,year,mean_weighted_sentiment
13335,εσωθεν,-266.0,-0.9603
13335,εσωθεν,-50.0,-0.9485999999999999
13335,εσωθεν,150.0,-0.95545
