id,word,year,mean_weighted_sentiment
13298,εσθλος,-500.0,-0.9908
13298,εσθλος,-450.0,-0.90025
13298,εσθλος,-50.0,-0.8916833333333334
13298,εσθλος,147.0,-0.9905
13298,εσθλος,150.0,-0.9143
13298,εσθλος,200.0,-0.9835
13298,εσθλος,448.0,-0.9738
