id,word,year,mean_weighted_sentiment
13341,εταιρεια,-450.0,-0.9907
13341,εταιρεια,-387.0,-0.9926
13341,εταιρεια,-353.0,-0.96974
13341,εταιρεια,-50.0,-0.9674499999999999
13341,εταιρεια,1118.0,-0.9748
