id,word,year,mean_weighted_sentiment
13343,εταιρεω,-450.0,-0.9929
13343,εταιρεω,-353.0,-0.9693333333333333
13343,εταιρεω,-266.0,-0.9584
13343,εταιρεω,-50.0,-0.8250174999999998
13343,εταιρεω,150.0,-0.9285666666666668
13343,εταιρεω,269.0,-0.9942
13343,εταιρεω,320.0,-0.8839
13343,εταιρεω,448.0,-0.9492
13343,εταιρεω,950.0,-0.9872666666666667
