id,word,year,mean_weighted_sentiment
13340,εταιρα,-353.0,-0.9706
13340,εταιρα,-266.0,-0.97385
13340,εταιρα,-50.0,-0.9762071428571428
13340,εταιρα,150.0,-0.948575
13340,εταιρα,269.0,-0.9942
13340,εταιρα,320.0,-0.8839
13340,εταιρα,350.0,-0.9085
13340,εταιρα,950.0,-0.9817909090909093
