id,word,year,mean_weighted_sentiment
14206,ευχος,-266.0,-0.9783666666666667
14206,ευχος,-50.0,-0.9376944444444444
14206,ευχος,150.0,-0.468275
14206,ευχος,182.0,-0.9589
14206,ευχος,200.0,-0.3102
14206,ευχος,237.0,0.9952
14206,ευχος,299.0,-0.9428
14206,ευχος,311.0,-0.9037999999999999
14206,ευχος,350.0,-0.969
14206,ευχος,425.0,-0.8675
14206,ευχος,490.0,-0.8693
14206,ευχος,950.0,-0.12
