id,word,year,mean_weighted_sentiment
13949,ευπρεπης,-266.0,-0.9813
13949,ευπρεπης,-50.0,-0.4222999999999999
13949,ευπρεπης,200.0,-0.96674
13949,ευπρεπης,350.0,-0.8687
13949,ευπρεπης,425.0,-0.9812
