id,word,year,mean_weighted_sentiment
14045,ευσεβης,-266.0,-0.8572923076923078
14045,ευσεβης,-149.0,-0.9854
14045,ευσεβης,-50.0,-0.9656857142857144
14045,ευσεβης,147.0,-0.9237
14045,ευσεβης,150.0,-0.9755
14045,ευσεβης,200.0,0.9663
14045,ευσεβης,299.0,-0.7335
14045,ευσεβης,425.0,-0.7516090909090909
