id,word,year,mean_weighted_sentiment
13936,ευπορος,-353.0,-0.8962
13936,ευπορος,-50.0,-0.94244
13936,ευπορος,147.0,-0.9048499999999999
13936,ευπορος,150.0,-0.93606
13936,ευπορος,200.0,-0.9814499999999999
13936,ευπορος,350.0,-0.9294
