id,word,year,mean_weighted_sentiment
13556,ευεργεσια,-387.0,-0.9819
13556,ευεργεσια,-266.0,0.9158
13556,ευεργεσια,-50.0,-0.9461666666666666
13556,ευεργεσια,150.0,-0.92345
13556,ευεργεσια,182.0,-0.983
13556,ευεργεσια,350.0,-0.9332
13556,ευεργεσια,425.0,-0.9164
