id,word,year,mean_weighted_sentiment
13828,ευνοια,-353.0,-0.9548
13828,ευνοια,-266.0,-0.9382
13828,ευνοια,-50.0,-0.956225
13828,ευνοια,15.0,-0.9781
13828,ευνοια,80.0,-0.9666
13828,ευνοια,147.0,-0.9413
13828,ευνοια,152.0,-0.9748
13828,ευνοια,350.0,-0.8709
13828,ευνοια,425.0,-0.9417
13828,ευνοια,490.0,-0.8663
13828,ευνοια,950.0,-0.9696666666666666
