id,word,year,mean_weighted_sentiment
14219,ευωδια,-266.0,-0.7019714285714286
14219,ευωδια,-50.0,-0.9801
14219,ευωδια,200.0,-0.8905666666666666
14219,ευωδια,950.0,-0.9894000000000001
