id,word,year,mean_weighted_sentiment
14022,ευρυς,-50.0,-0.8727363636363638
14022,ευρυς,127.0,-0.97995
14022,ευρυς,150.0,-0.9578500000000001
14022,ευρυς,200.0,-0.92425
14022,ευρυς,269.0,-0.9931
14022,ευρυς,530.0,0.9194
14022,ευρυς,950.0,-0.98705
