id,word,year,mean_weighted_sentiment
13476,ευγενεια,-387.0,-0.9853
13476,ευγενεια,-266.0,-0.9791666666666666
13476,ευγενεια,-50.0,-0.9557166666666669
13476,ευγενεια,-34.0,-0.9233
13476,ευγενεια,15.0,-0.8473
13476,ευγενεια,150.0,-0.8872
13476,ευγενεια,200.0,-0.8438
13476,ευγενεια,950.0,-0.9322
