id,word,year,mean_weighted_sentiment
13467,ευβοια,-353.0,-0.8693
13467,ευβοια,-149.0,-0.99185
13467,ευβοια,-50.0,-0.9607142857142856
13467,ευβοια,127.0,-0.9752
13467,ευβοια,150.0,-0.98105
13467,ευβοια,950.0,-0.9775499999999999
