id,word,year,mean_weighted_sentiment
14223,ευωνυμος,-490.0,-0.9475
14223,ευωνυμος,-50.0,-0.9032
14223,ευωνυμος,127.0,-0.9774
14223,ευωνυμος,147.0,-0.9694499999999999
14223,ευωνυμος,150.0,-0.9446000000000001
14223,ευωνυμος,425.0,-0.8504
14223,ευωνυμος,950.0,-0.9562250000000001
