id,word,year,mean_weighted_sentiment
13753,ευλογος,-353.0,-0.987
13753,ευλογος,-155.0,-0.9893
13753,ευλογος,-149.0,-0.9825
13753,ευλογος,-50.0,-0.928825
13753,ευλογος,127.0,-0.9277
13753,ευλογος,200.0,-0.3315333333333333
13753,ευλογος,447.0,-0.8591
13753,ευλογος,530.0,-0.9063
13753,ευλογος,550.0,-0.9677
13753,ευλογος,950.0,-0.9005
