id,word,year,mean_weighted_sentiment
14182,ευφυια,-387.0,-0.9891333333333333
14182,ευφυια,15.0,-0.8928666666666668
