id,word,year,mean_weighted_sentiment
14241,εφαπτω,-50.0,-0.9645333333333334
14241,εφαπτω,150.0,-0.9634
14241,εφαπτω,320.0,-0.9238999999999999
