id,word,year,mean_weighted_sentiment
14249,εφεζομαι,-490.0,-0.9892
14249,εφεζομαι,-450.0,-0.9851
14249,εφεζομαι,-266.0,-0.9731333333333333
14249,εφεζομαι,-50.0,-0.97395
14249,εφεζομαι,150.0,-0.919
14249,εφεζομαι,269.0,-0.9148
14249,εφεζομαι,350.0,-0.9558
14249,εφεζομαι,425.0,-0.938
