id,word,year,mean_weighted_sentiment
14329,εφορος,-266.0,0.9961
14329,εφορος,-149.0,-0.9901199999999999
14329,εφορος,-50.0,-0.9234333333333334
14329,εφορος,15.0,-0.9545
14329,εφορος,152.0,-0.9787
14329,εφορος,237.0,-0.9362
14329,εφορος,350.0,-0.9639
14329,εφορος,950.0,-0.9838142857142858
