id,word,year,mean_weighted_sentiment
14365,εχθρη,-490.0,-0.98375
14365,εχθρη,-450.0,-0.986575
14365,εχθρη,-353.0,-0.9939
14365,εχθρη,-266.0,-0.9776088888888889
14365,εχθρη,-50.0,-0.9554199999999999
14365,εχθρη,15.0,-0.9133999999999999
14365,εχθρη,49.0,-0.9489
14365,εχθρη,147.0,-0.961
14365,εχθρη,150.0,-0.9540666666666667
14365,εχθρη,200.0,-0.96728
14365,εχθρη,350.0,-0.8917
14365,εχθρη,425.0,-0.9567
14365,εχθρη,950.0,-0.9865
