id,word,year,mean_weighted_sentiment
14445,ζηλος,-450.0,-0.9892
14445,ζηλος,-266.0,-0.7772272727272725
14445,ζηλος,-50.0,-0.9353142857142858
14445,ζηλος,80.0,-0.9148
14445,ζηλος,150.0,-0.9353
14445,ζηλος,200.0,0.737
14445,ζηλος,219.0,-0.9672
14445,ζηλος,350.0,-0.9523
14445,ζηλος,425.0,-0.9282428571428571
14445,ζηλος,950.0,-0.9874499999999999
