id,word,year,mean_weighted_sentiment
14543,ηβαω,-50.0,-0.9616764705882354
14543,ηβαω,150.0,-0.9471
14543,ηβαω,172.0,-0.32186666666666663
14543,ηβαω,269.0,-0.9536
14543,ηβαω,448.0,-0.9902
14543,ηβαω,950.0,-0.9757666666666668
