id,word,year,mean_weighted_sentiment
14557,ηγεμονικος,-266.0,-0.9729
14557,ηγεμονικος,-50.0,-0.953
14557,ηγεμονικος,147.0,-0.9374285714285714
14557,ηγεμονικος,200.0,-0.9864
14557,ηγεμονικος,950.0,-0.9894499999999999
