id,word,year,mean_weighted_sentiment
14621,ηθικος,-479.0,-0.9065
14621,ηθικος,-353.0,-0.9558249999999999
14621,ηθικος,-50.0,-0.961944
14621,ηθικος,200.0,-0.9463090909090909
14621,ηθικος,550.0,-0.9796
14621,ηθικος,950.0,-0.9744333333333333
14621,ηθικος,1127.0,-0.9298
