id,word,year,mean_weighted_sentiment
14620,ηθεω,-353.0,-0.8516666666666666
14620,ηθεω,-50.0,-0.9523625
14620,ηθεω,15.0,-0.8906000000000001
14620,ηθεω,147.0,-0.9368
14620,ηθεω,150.0,-0.9811333333333333
14620,ηθεω,320.0,-0.95365
14620,ηθεω,490.0,-0.88725
14620,ηθεω,950.0,-0.9651428571428571
14620,ηθεω,1118.0,-0.9259
