id,word,year,mean_weighted_sentiment
14682,ημαρ,-450.0,-0.12405
14682,ημαρ,-353.0,-0.9873
14682,ημαρ,-155.0,-0.9918
14682,ημαρ,-50.0,-0.9621114285714285
14682,ημαρ,150.0,-0.9552
14682,ημαρ,269.0,-0.9857
14682,ημαρ,490.0,-0.8817
14682,ημαρ,950.0,-0.9913333333333334
