id,word,year,mean_weighted_sentiment
14808,ηπειροω,-490.0,0.9917
14808,ηπειροω,-149.0,-0.99
14808,ηπειροω,-50.0,-0.9189
14808,ηπειροω,15.0,-0.9739
14808,ηπειροω,127.0,-0.9411333333333333
14808,ηπειροω,150.0,-0.8781
14808,ηπειροω,200.0,-0.9789
14808,ηπειροω,425.0,-0.876
14808,ηπειροω,950.0,-0.9830714285714287
