id,word,year,mean_weighted_sentiment
14849,ηρι,-50.0,-0.30096666666666666
14849,ηρι,50.0,-0.9892
14849,ηρι,172.0,-0.9858
14849,ηρι,320.0,-0.9407000000000001
14849,ηρι,448.0,-0.9643
14849,ηρι,950.0,-0.9921
