id,word,year,mean_weighted_sentiment
14836,ηρα,-490.0,-0.27413333333333334
14836,ηρα,-266.0,-0.492425
14836,ηρα,-50.0,-0.8576989130434781
14836,ηρα,50.0,-0.9892
14836,ηρα,127.0,-0.9404
14836,ηρα,150.0,-0.962025
14836,ηρα,152.0,0.21336
14836,ηρα,200.0,-0.9756499999999999
14836,ηρα,269.0,-0.9703875
14836,ηρα,320.0,-0.9407000000000001
14836,ηρα,350.0,-0.9904
14836,ηρα,448.0,-0.95342
14836,ηρα,950.0,-0.9795166666666665
