id,word,year,mean_weighted_sentiment
14844,ηρεμος,-50.0,-0.9624333333333334
14844,ηρεμος,150.0,-0.9424999999999999
14844,ηρεμος,172.0,-0.9703
14844,ηρεμος,200.0,0.8586
14844,ηρεμος,950.0,-0.9777
