id,word,year,mean_weighted_sentiment
14856,ηρωος,-149.0,-0.9589
14856,ηρωος,-50.0,-0.8882558823529413
14856,ηρωος,150.0,-0.9646333333333333
14856,ηρωος,200.0,-0.99295
14856,ηρωος,269.0,-0.9644
14856,ηρωος,350.0,-0.9148
14856,ηρωος,448.0,-0.958575
14856,ηρωος,950.0,-0.964
