id,word,year,mean_weighted_sentiment
14862,ησσων,-479.0,-0.9686
14862,ησσων,-415.0,-0.9418
14862,ησσων,-353.0,-0.4028333333333333
14862,ησσων,-266.0,0.7997
14862,ησσων,-50.0,-0.9594846153846153
14862,ησσων,150.0,-0.9424333333333333
14862,ησσων,200.0,-0.8063875
14862,ησσων,249.0,-0.9699
14862,ησσων,269.0,-0.994
14862,ησσων,350.0,-0.9596
14862,ησσων,490.0,-0.8942
14862,ησσων,530.0,-0.876
14862,ησσων,950.0,-0.9914
