id,word,year,mean_weighted_sentiment
14876,ητορ,-500.0,-0.9841
14876,ητορ,-353.0,-0.99075
14876,ητορ,-50.0,-0.9758499999999999
14876,ητορ,269.0,-0.9909
