id,word,year,mean_weighted_sentiment
14894,ηχω,-490.0,-0.9923
14894,ηχω,-266.0,-0.58663
14894,ηχω,-50.0,-0.9603076923076923
14894,ηχω,150.0,-0.96425
14894,ηχω,219.0,-0.9896
14894,ηχω,350.0,-0.9647
14894,ηχω,447.0,-0.9129
14894,ηχω,950.0,-0.9821285714285715
