id,word,year,mean_weighted_sentiment
14958,θαμνος,-50.0,-0.939275
14958,θαμνος,200.0,-0.9896499999999999
14958,θαμνος,950.0,-0.9716
