id,word,year,mean_weighted_sentiment
15182,θερμοτης,-479.0,-0.9614
15182,θερμοτης,-353.0,-0.91
15182,θερμοτης,-50.0,-0.96225
15182,θερμοτης,200.0,-0.9632399999999999
15182,θερμοτης,352.0,0.9952
15182,θερμοτης,530.0,-0.9023
15182,θερμοτης,550.0,-0.9653499999999999
15182,θερμοτης,950.0,-0.9705
