id,word,year,mean_weighted_sentiment
15011,θεατος,-149.0,-0.9922
15011,θεατος,-50.0,-0.96298
15011,θεατος,150.0,-0.9435
15011,θεατος,350.0,-0.9549
15011,θεατος,425.0,-0.87005
15011,θεατος,950.0,-0.9048
