id,word,year,mean_weighted_sentiment
15185,θερος,-450.0,-0.9888
15185,θερος,-415.0,-0.9796333333333335
15185,θερος,-266.0,-0.9931
15185,θερος,-155.0,-0.9896
15185,θερος,-149.0,-0.9860333333333333
15185,θερος,-50.0,-0.9600714285714285
15185,θερος,127.0,-0.9571
15185,θερος,150.0,-0.9695666666666667
15185,θερος,172.0,-0.9885875
15185,θερος,200.0,-0.95967
15185,θερος,350.0,-0.9567666666666667
15185,θερος,425.0,-0.9379
