id,word,year,mean_weighted_sentiment
15035,θειοω,-353.0,-0.9306
15035,θειοω,-50.0,-0.7669050000000001
15035,θειοω,-34.0,-0.9634
15035,θειοω,15.0,-0.9669
15035,θειοω,150.0,-0.96118
15035,θειοω,200.0,-0.6860499999999999
15035,θειοω,299.0,-0.9764
15035,θειοω,350.0,-0.9635
15035,θειοω,425.0,-0.86688
15035,θειοω,448.0,-0.9363166666666666
15035,θειοω,490.0,-0.9016
15035,θειοω,950.0,-0.96995
