id,word,year,mean_weighted_sentiment
15149,θεραπεια,-415.0,-0.9851
15149,θεραπεια,-387.0,-0.9459
15149,θεραπεια,-50.0,-0.9468125000000001
15149,θεραπεια,15.0,-0.96895
15149,θεραπεια,150.0,-0.9948
15149,θεραπεια,152.0,-0.9571
15149,θεραπεια,172.0,-0.9570333333333334
15149,θεραπεια,299.0,-0.9295
15149,θεραπεια,425.0,-0.8665666666666666
15149,θεραπεια,447.0,-0.9547
15149,θεραπεια,490.0,-0.9247000000000001
15149,θεραπεια,950.0,-0.98275
