id,word,year,mean_weighted_sentiment
15224,θεωρητικος,150.0,-0.8812333333333333
15224,θεωρητικος,200.0,-0.9824999999999999
15224,θεωρητικος,550.0,-0.9699166666666666
15224,θεωρητικος,950.0,-0.9684
