id,word,year,mean_weighted_sentiment
15248,θηκη,-500.0,-0.9329
15248,θηκη,-50.0,-0.9914
15248,θηκη,150.0,-0.91955
15248,θηκη,425.0,-0.8756666666666666
15248,θηκη,950.0,-0.9831666666666666
