id,word,year,mean_weighted_sentiment
15234,θηβαι,-149.0,-0.9913
15234,θηβαι,-50.0,-0.9692444444444445
15234,θηβαι,127.0,-0.9222333333333333
15234,θηβαι,150.0,-0.9568333333333333
15234,θηβαι,550.0,-0.87925
15234,θηβαι,950.0,-0.9791599999999999
