id,word,year,mean_weighted_sentiment
15364,θορυβεω,-450.0,-0.9933
15364,θορυβεω,-50.0,-0.9455411764705881
15364,θορυβεω,150.0,-0.93315
15364,θορυβεω,269.0,-0.98715
15364,θορυβεω,490.0,-0.8724
15364,θορυβεω,950.0,-0.9714
