id,word,year,mean_weighted_sentiment
15397,θρασυς,-490.0,-0.9944
15397,θρασυς,-450.0,0.682
15397,θρασυς,-353.0,-0.9671
15397,θρασυς,-266.0,-0.9802
15397,θρασυς,-50.0,-0.9568947368421054
15397,θρασυς,147.0,-0.89
15397,θρασυς,200.0,-0.9876
15397,θρασυς,350.0,-0.9355500000000001
15397,θρασυς,425.0,-0.9905
