id,word,year,mean_weighted_sentiment
15374,θρακη,-149.0,-0.9912599999999999
15374,θρακη,-50.0,-0.9590576923076923
15374,θρακη,-34.0,-0.9399
15374,θρακη,127.0,-0.9343666666666666
15374,θρακη,150.0,-0.9715285714285715
15374,θρακη,152.0,-0.974
15374,θρακη,200.0,-0.59594
15374,θρακη,269.0,-0.9886
15374,θρακη,425.0,-0.9392333333333333
15374,θρακη,490.0,-0.9141625
15374,θρακη,950.0,-0.9809899999999999
