id,word,year,mean_weighted_sentiment
15591,θυω,-266.0,-0.9252333333333332
15591,θυω,-50.0,-0.8379705882352941
15591,θυω,15.0,-0.9537666666666667
15591,θυω,49.0,-0.9637
15591,θυω,150.0,-0.9727
15591,θυω,152.0,-0.9652333333333333
15591,θυω,200.0,-0.9681153846153846
15591,θυω,950.0,-0.98194
