id,word,year,mean_weighted_sentiment
15562,θυρις,-353.0,-0.95555
15562,θυρις,-266.0,-0.9820666666666665
15562,θυρις,150.0,-0.9430000000000001
15562,θυρις,200.0,-0.9936
15562,θυρις,219.0,-0.8942
15562,θυρις,950.0,-0.9352
