id,word,year,mean_weighted_sentiment
15681,ιδεα,-50.0,-0.94444
15681,ιδεα,150.0,-0.8469
15681,ιδεα,172.0,-0.9882
15681,ιδεα,200.0,-0.420375
15681,ιδεα,237.0,-0.40890000000000004
15681,ιδεα,269.0,-0.9816
15681,ιδεα,352.0,-0.9701500000000001
15681,ιδεα,425.0,-0.8765
15681,ιδεα,448.0,-0.56338
15681,ιδεα,550.0,-0.8050692307692309
15681,ιδεα,950.0,-0.96716
