id,word,year,mean_weighted_sentiment
15683,ιδε,-266.0,-0.5652
15683,ιδε,-50.0,-0.9677692307692307
15683,ιδε,49.0,-0.9418
15683,ιδε,90.0,-0.9791888888888889
15683,ιδε,147.0,-0.9709
15683,ιδε,150.0,-0.9314222222222222
15683,ιδε,200.0,-0.9883
15683,ιδε,249.0,-0.9550571428571428
15683,ιδε,530.0,-0.92815
15683,ιδε,1118.0,0.9856
