id,word,year,mean_weighted_sentiment
15756,ιεροω,-415.0,-0.9846
15756,ιεροω,-353.0,-0.16202
15756,ιεροω,-266.0,-0.726488888888889
15756,ιεροω,-50.0,-0.9680833333333333
15756,ιεροω,15.0,-0.9061
15756,ιεροω,127.0,-0.4155666666666667
15756,ιεροω,147.0,-0.91125
15756,ιεροω,150.0,-0.9440666666666667
15756,ιεροω,152.0,-0.957875
15756,ιεροω,350.0,-0.9682
15756,ιεροω,425.0,-0.9032200000000001
15756,ιεροω,448.0,-0.9326
15756,ιεροω,490.0,-0.8857
15756,ιεροω,950.0,-0.9753454545454546
