id,word,year,mean_weighted_sentiment
15780,ιθυνω,-50.0,-0.9374833333333332
15780,ιθυνω,269.0,-0.9893
15780,ιθυνω,425.0,-0.9062250000000001
