id,word,year,mean_weighted_sentiment
15808,ικνεομαι,-450.0,-0.9899
15808,ικνεομαι,-266.0,-0.97665
15808,ικνεομαι,-149.0,-0.993
15808,ικνεομαι,-50.0,-0.8816958333333332
15808,ικνεομαι,15.0,-0.9665
15808,ικνεομαι,150.0,-0.9526
15808,ικνεομαι,200.0,-0.9915
15808,ικνεομαι,269.0,-0.9919666666666668
15808,ικνεομαι,350.0,-0.972
15808,ικνεομαι,950.0,-0.9883
