id,word,year,mean_weighted_sentiment
15849,ιματιον,-266.0,-0.9681611111111111
15849,ιματιον,-50.0,-0.9614117647058824
15849,ιματιον,49.0,-0.9739500000000001
15849,ιματιον,150.0,-0.9235428571428572
15849,ιματιον,350.0,-0.9498
15849,ιματιον,490.0,-0.9157
15849,ιματιον,550.0,-0.9498
15849,ιματιον,950.0,-0.980604761904762
