id,word,year,mean_weighted_sentiment
15865,ινδος,-266.0,-0.9445
15865,ινδος,-149.0,-0.9927999999999999
15865,ινδος,127.0,-0.9687
15865,ινδος,147.0,-0.9385
15865,ινδος,150.0,-0.953409090909091
15865,ινδος,172.0,-0.9773
15865,ινδος,425.0,-0.9026
15865,ινδος,950.0,-0.9674
