id,word,year,mean_weighted_sentiment
15904,ιου,-50.0,-0.9059333333333334
15904,ιου,200.0,-0.964
15904,ιου,550.0,-0.9695333333333332
15904,ιου,950.0,-0.9739
