id,word,year,mean_weighted_sentiment
15902,ιουδαιος,-266.0,-0.8629384615384617
15902,ιουδαιος,15.0,-0.9318500000000001
15902,ιουδαιος,150.0,-0.9611
15902,ιουδαιος,219.0,-0.8933
15902,ιουδαιος,311.0,-0.9223
15902,ιουδαιος,425.0,-0.9427333333333334
15902,ιουδαιος,950.0,-0.9679899999999998
