id,word,year,mean_weighted_sentiment
15932,ιππειος,-155.0,-0.9904999999999999
15932,ιππειος,-50.0,-0.7459375
15932,ιππειος,150.0,-0.94225
15932,ιππειος,200.0,-0.9888
15932,ιππειος,950.0,-0.9898
