id,word,year,mean_weighted_sentiment
15947,ιππιος,-353.0,-0.960325
15947,ιππιος,-50.0,-0.97955
15947,ιππιος,150.0,-0.95485
15947,ιππιος,350.0,-0.9467
15947,ιππιος,950.0,-0.9867
