id,word,year,mean_weighted_sentiment
16096,ιστορια,-353.0,-0.953075
16096,ιστορια,-149.0,-0.9827
16096,ιστορια,-50.0,-0.9656947368421052
16096,ιστορια,127.0,-0.8762
16096,ιστορια,150.0,-0.6391666666666667
16096,ιστορια,237.0,-0.8773
16096,ιστορια,311.0,-0.8195
16096,ιστορια,320.0,-0.9665
16096,ιστορια,350.0,-0.97
16096,ιστορια,425.0,-0.35189999999999994
16096,ιστορια,448.0,-0.9495
16096,ιστορια,490.0,-0.9181
