id,word,year,mean_weighted_sentiment
16130,ιτης,-450.0,-0.9857666666666667
16130,ιτης,-270.0,-0.96795
16130,ιτης,-50.0,-0.20728
16130,ιτης,90.0,-0.9676799999999999
16130,ιτης,150.0,-0.9531333333333333
16130,ιτης,182.0,-0.9857
16130,ιτης,269.0,-0.9862
16130,ιτης,950.0,-0.9934
