id,word,year,mean_weighted_sentiment
16182,ιωνικος,-149.0,-0.9908
16182,ιωνικος,-50.0,-0.9631636363636367
16182,ιωνικος,15.0,-0.9773
16182,ιωνικος,150.0,-0.9426249999999999
16182,ιωνικος,950.0,-0.9802
