id,word,year,mean_weighted_sentiment
16332,καινω,-500.0,-0.9854
16332,καινω,-490.0,-0.992
16332,καινω,-415.0,-0.9697
16332,καινω,-266.0,-0.9629166666666666
16332,καινω,-50.0,-0.960792307692308
16332,καινω,49.0,-0.9268000000000001
16332,καινω,150.0,-0.9406
16332,καινω,152.0,-0.9753
16332,καινω,172.0,-0.9866
16332,καινω,219.0,-0.9414
16332,καινω,311.0,-0.9301
16332,καινω,350.0,-0.9601
16332,καινω,352.0,-0.9795
16332,καινω,425.0,-0.9349000000000001
16332,καινω,950.0,-0.9779187500000001
