id,word,year,mean_weighted_sentiment
17576,κατοπτρον,15.0,-0.9176
17576,κατοπτρον,150.0,-0.96625
17576,κατοπτρον,200.0,-0.9564999999999999
17576,κατοπτρον,950.0,-0.976
