id,word,year,mean_weighted_sentiment
16640,κανθαρος,150.0,-0.9808
16640,κανθαρος,152.0,0.002574999999999994
16640,κανθαρος,200.0,-0.9775
16640,κανθαρος,950.0,-0.977525
