id,word,year,mean_weighted_sentiment
16728,καρποω,-353.0,-0.911
16728,καρποω,-266.0,-0.9444285714285712
16728,καρποω,-149.0,-0.9899
16728,καρποω,-50.0,-0.96876
16728,καρποω,150.0,-0.9454333333333335
16728,καρποω,152.0,-0.9551
16728,καρποω,172.0,-0.93
16728,καρποω,269.0,-0.9893
16728,καρποω,311.0,-0.94295
16728,καρποω,425.0,-0.9189
16728,καρποω,447.0,-0.9671
16728,καρποω,448.0,-0.845
16728,καρποω,490.0,-0.9094000000000001
16728,καρποω,950.0,-0.9761470588235294
