id,word,year,mean_weighted_sentiment
17517,κατηγορια,-479.0,-0.90745
17517,κατηγορια,-353.0,-0.9527142857142856
17517,κατηγορια,-50.0,-0.9389099999999999
17517,κατηγορια,200.0,-0.97768
17517,κατηγορια,237.0,-0.9171
17517,κατηγορια,350.0,-0.9201
17517,κατηγορια,383.0,0.9264
17517,κατηγορια,425.0,-0.9312
17517,κατηγορια,490.0,-0.9379
17517,κατηγορια,530.0,-0.9702500000000001
17517,κατηγορια,550.0,-0.9490571428571428
17517,κατηγορια,950.0,-0.9864
