id,word,year,mean_weighted_sentiment
16218,καθαπτω,-479.0,-0.9482
16218,καθαπτω,-266.0,-0.9733499999999999
16218,καθαπτω,-155.0,-0.9909
16218,καθαπτω,-50.0,-0.9262666666666667
16218,καθαπτω,150.0,-0.9627
16218,καθαπτω,200.0,-0.9853000000000001
16218,καθαπτω,352.0,-0.9457
16218,καθαπτω,950.0,-0.9912
