id,word,year,mean_weighted_sentiment
17041,καταλιμπανω,-266.0,-0.96875
17041,καταλιμπανω,-50.0,-0.3272333333333333
17041,καταλιμπανω,200.0,-0.9863999999999999
17041,καταλιμπανω,425.0,-0.90085
17041,καταλιμπανω,950.0,-0.9852333333333334
