id,word,year,mean_weighted_sentiment
16250,καθετος,-300.0,-0.9584
16250,καθετος,-249.0,-0.9506
16250,καθετος,-50.0,-0.9832
16250,καθετος,150.0,-0.9433904761904761
16250,καθετος,249.0,-0.94466
16250,καθετος,320.0,-0.961775
