id,word,year,mean_weighted_sentiment
16760,καρχηδονιζω,-149.0,-0.9913
16760,καρχηδονιζω,150.0,-0.9746529411764707
16760,καρχηδονιζω,950.0,-0.9718294117647059
