id,word,year,mean_weighted_sentiment
17373,καταφευγω,-266.0,-0.9738
17373,καταφευγω,-50.0,-0.9273
17373,καταφευγω,15.0,-0.9258000000000001
17373,καταφευγω,161.0,-0.9505
17373,καταφευγω,350.0,-0.9298500000000001
17373,καταφευγω,950.0,-0.9869
