id,word,year,mean_weighted_sentiment
16284,καθο,-479.0,-0.9914
16284,καθο,-450.0,-0.90145
16284,καθο,-50.0,-0.9202833333333333
16284,καθο,49.0,-0.8674
16284,καθο,80.0,-0.861
16284,καθο,147.0,0.9802
16284,καθο,150.0,-0.9498
16284,καθο,200.0,-0.8131076923076923
16284,καθο,237.0,-0.9239799999999999
16284,καθο,350.0,-0.9147
16284,καθο,352.0,-0.9929
16284,καθο,383.0,-0.8611
16284,καθο,448.0,-0.96
16284,καθο,490.0,-0.9183
16284,καθο,550.0,-0.9646
16284,καθο,950.0,-0.981
