id,word,year,mean_weighted_sentiment
16678,καπρος,-50.0,-0.9423166666666667
16678,καπρος,200.0,-0.9867999999999999
16678,καπρος,350.0,-0.9166
16678,καπρος,950.0,-0.9533
