id,word,year,mean_weighted_sentiment
16596,καλυπτω,-500.0,-0.9901
16596,καλυπτω,-450.0,-0.99
16596,καλυπτω,-266.0,-0.98465
16596,καλυπτω,-50.0,-0.9515909090909092
16596,καλυπτω,150.0,-0.9365
16596,καλυπτω,269.0,-0.9436
16596,καλυπτω,425.0,-0.8919
16596,καλυπτω,490.0,-0.8623
16596,καλυπτω,950.0,-0.9806799999999999
