id,word,year,mean_weighted_sentiment
16610,καμηλος,-353.0,-0.9603666666666667
16610,καμηλος,-50.0,-0.8847
16610,καμηλος,50.0,-0.9918
16610,καμηλος,200.0,-0.98045
16610,καμηλος,490.0,0.9398
16610,καμηλος,950.0,-0.97184
