id,word,year,mean_weighted_sentiment
16278,καθιστημι,-479.0,-0.92675
16278,καθιστημι,-353.0,-0.9771
16278,καθιστημι,-50.0,-0.9523333333333333
16278,καθιστημι,15.0,-0.9846
16278,καθιστημι,150.0,-0.9551000000000001
16278,καθιστημι,172.0,-0.9902500000000001
16278,καθιστημι,200.0,-0.9928
16278,καθιστημι,425.0,-0.9515
16278,καθιστημι,490.0,-0.868925
