id,word,year,mean_weighted_sentiment
17773,κερας,-500.0,-0.991
17773,κερας,-353.0,-0.936625
17773,κερας,-266.0,-0.8742599999999999
17773,κερας,-155.0,-0.9142666666666667
17773,κερας,-50.0,-0.9693733333333333
17773,κερας,127.0,-0.95
17773,κερας,150.0,-0.9072666666666667
17773,κερας,200.0,-0.89688
17773,κερας,269.0,-0.99
17773,κερας,299.0,-0.9864
17773,κερας,350.0,-0.9189
17773,κερας,950.0,-0.9869583333333334
