id,word,year,mean_weighted_sentiment
17709,κελτοι,-149.0,-0.9912749999999999
17709,κελτοι,150.0,-0.9805166666666668
17709,κελτοι,172.0,-0.9849
17709,κελτοι,490.0,-0.9000333333333334
17709,κελτοι,950.0,-0.9858222222222223
17709,κελτοι,1118.0,-0.9338
