id,word,year,mean_weighted_sentiment
17799,κερδος,-353.0,-0.8826
17799,κερδος,-50.0,-0.9662333333333334
17799,κερδος,200.0,-0.9830555555555556
17799,κερδος,350.0,-0.9512499999999999
17799,κερδος,490.0,-0.871
17799,κερδος,950.0,-0.9655
17799,κερδος,1127.0,-0.9871
