id,word,year,mean_weighted_sentiment
17761,κεραμεους,-266.0,-0.9713666666666666
17761,κεραμεους,200.0,-0.9906
17761,κεραμεους,950.0,-0.9708666666666667
