id,word,year,mean_weighted_sentiment
17669,κεκροψ,-149.0,-0.992
17669,κεκροψ,-50.0,-0.9837666666666666
17669,κεκροψ,950.0,-0.9686166666666668
