id,word,year,mean_weighted_sentiment
17806,κερκος,-353.0,-0.8866999999999999
17806,κερκος,-266.0,-0.9535
17806,κερκος,200.0,-0.9553666666666666
17806,κερκος,950.0,-0.9726
