id,word,year,mean_weighted_sentiment
17795,κερδαινω,-353.0,-0.8826
17795,κερδαινω,-50.0,-0.9618666666666668
17795,κερδαινω,200.0,-0.9735818181818181
17795,κερδαινω,350.0,-0.9752
17795,κερδαινω,950.0,-0.9741666666666666
