id,word,year,mean_weighted_sentiment
17769,κεραννυμι,150.0,-0.9154666666666667
17769,κεραννυμι,172.0,-0.9878666666666667
17769,κεραννυμι,200.0,-0.8407
17769,κεραννυμι,237.0,-0.8605
17769,κεραννυμι,350.0,-0.9474
17769,κεραννυμι,425.0,-0.963
17769,κεραννυμι,950.0,-0.9798
