id,word,year,mean_weighted_sentiment
17700,κελευω,-353.0,-0.9624
17700,κελευω,-266.0,-0.9426
17700,κελευω,-50.0,-0.9613700000000001
17700,κελευω,15.0,-0.8359
17700,κελευω,150.0,-0.891925
17700,κελευω,200.0,-0.9844333333333334
17700,κελευω,350.0,-0.85814
17700,κελευω,425.0,-0.9634
17700,κελευω,490.0,-0.9154500000000001
17700,κελευω,950.0,-0.98715
17700,κελευω,1118.0,-0.9390000000000001
