id,word,year,mean_weighted_sentiment
17658,κειμηλιον,425.0,-0.7705500000000001
17658,κειμηλιον,950.0,-0.9808250000000001
