id,word,year,mean_weighted_sentiment
17808,κερκυρα,-50.0,-0.97245
17808,κερκυρα,150.0,-0.49219999999999997
17808,κερκυρα,950.0,-0.9852666666666666
