id,word,year,mean_weighted_sentiment
17907,κηρος,-415.0,-0.9865
17907,κηρος,-353.0,-0.9253
17907,κηρος,-266.0,-0.5275000000000001
17907,κηρος,-50.0,-0.9693636363636362
17907,κηρος,150.0,-0.9664
17907,κηρος,200.0,-0.9873
17907,κηρος,269.0,-0.9532
17907,κηρος,448.0,-0.97695
17907,κηρος,530.0,-0.9833000000000001
17907,κηρος,950.0,-0.9881399999999999
