id,word,year,mean_weighted_sentiment
17852,κηδεια,-50.0,-0.9782111111111109
17852,κηδεια,490.0,-0.8668
17852,κηδεια,950.0,-0.9873000000000001
