id,word,year,mean_weighted_sentiment
17892,κηπος,-353.0,-0.9842
17892,κηπος,-149.0,-0.9917
17892,κηπος,-50.0,-0.982375
17892,κηπος,200.0,-0.9923500000000001
17892,κηπος,237.0,-0.94765
17892,κηπος,269.0,-0.9899
17892,κηπος,350.0,-0.9627
17892,κηπος,950.0,-0.9743222222222221
