id,word,year,mean_weighted_sentiment
17963,κιλιξ,-490.0,-0.9922
17963,κιλιξ,-266.0,-0.9586
17963,κιλιξ,-149.0,-0.9851500000000001
17963,κιλιξ,-50.0,-0.8947
17963,κιλιξ,147.0,-0.9687
17963,κιλιξ,150.0,-0.9601999999999999
17963,κιλιξ,172.0,0.9513
17963,κιλιξ,350.0,-0.9768
17963,κιλιξ,490.0,-0.9526
17963,κιλιξ,950.0,-0.9669
17963,κιλιξ,1118.0,-0.9639
