id,word,year,mean_weighted_sentiment
18027,κιων,-266.0,-0.03905000000000003
18027,κιων,-50.0,-0.58002
18027,κιων,150.0,-0.773
18027,κιων,425.0,-0.9247666666666667
18027,κιων,448.0,-0.9855
18027,κιων,950.0,-0.9723599999999999
