id,word,year,mean_weighted_sentiment
18045,κλαυθμος,-266.0,-0.9679500000000001
18045,κλαυθμος,-50.0,-0.9088
18045,κλαυθμος,950.0,-0.9821666666666666
