id,word,year,mean_weighted_sentiment
18090,κληρονομια,-266.0,-0.8127179487179487
18090,κληρονομια,-50.0,-0.9025
18090,κληρονομια,49.0,-0.9301
18090,κληρονομια,950.0,-0.9792000000000001
