id,word,year,mean_weighted_sentiment
18120,κλινω,-266.0,-0.976
18120,κλινω,-50.0,-0.9243857142857143
18120,κλινω,150.0,-0.8777
18120,κλινω,152.0,-0.9673666666666668
18120,κλινω,200.0,-0.00045000000000000595
18120,κλινω,350.0,-0.934
18120,κλινω,352.0,-0.9916
18120,κλινω,425.0,-0.9574000000000001
18120,κλινω,950.0,-0.9899799999999999
