id,word,year,mean_weighted_sentiment
18135,κλοπη,-450.0,-0.9939
18135,κλοπη,-353.0,-0.9560666666666666
18135,κλοπη,-50.0,-0.9651333333333333
18135,κλοπη,147.0,-0.9205
18135,κλοπη,350.0,-0.894
18135,κλοπη,950.0,-0.9730666666666666
