id,word,year,mean_weighted_sentiment
18101,κλησις,-50.0,-0.9645833333333332
18101,κλησις,49.0,-0.9366
18101,κλησις,150.0,-0.9878
18101,κλησις,172.0,-0.958575
