id,word,year,mean_weighted_sentiment
18072,κλεπτης,-490.0,-0.9905
18072,κλεπτης,-266.0,-0.970475
18072,κλεπτης,150.0,-0.9713
18072,κλεπτης,200.0,-0.9893
18072,κλεπτης,950.0,-0.9732333333333333
