id,word,year,mean_weighted_sentiment
18159,κλυω,-490.0,-0.5302250000000001
18159,κλυω,-450.0,-0.99035
18159,κλυω,-50.0,-0.9716374999999999
18159,κλυω,172.0,-0.9878
18159,κλυω,200.0,-0.9926
18159,κλυω,269.0,-0.9249
18159,κλυω,950.0,-0.17160000000000003
