id,word,year,mean_weighted_sentiment
18165,κλωθω,150.0,-0.911
18165,κλωθω,152.0,-0.9516666666666667
18165,κλωθω,448.0,-0.9383333333333334
18165,κλωθω,950.0,-0.9724666666666666
