id,word,year,mean_weighted_sentiment
18189,κνημη,-266.0,-0.9579500000000001
18189,κνημη,-155.0,-0.9902
18189,κνημη,-50.0,-0.9352909090909091
18189,κνημη,147.0,0.9943
18189,κνημη,150.0,-0.9352
18189,κνημη,200.0,-0.958575
18189,κνημη,950.0,-0.9752
