id,word,year,mean_weighted_sentiment
18182,κναω,-50.0,-0.98245
18182,κναω,950.0,-0.9787999999999998
