id,word,year,mean_weighted_sentiment
18330,κολοιος,-50.0,-0.9437571428571429
18330,κολοιος,200.0,-0.9780125
18330,κολοιος,950.0,-0.989
