id,word,year,mean_weighted_sentiment
18477,κορυνη,-50.0,-0.9784999999999999
18477,κορυνη,200.0,-0.9927
18477,κορυνη,950.0,-0.9895999999999999
