id,word,year,mean_weighted_sentiment
18240,κοιλος,-450.0,-0.9913
18240,κοιλος,-415.0,-0.9419
18240,κοιλος,-353.0,-0.9359
18240,κοιλος,-300.0,-0.9369000000000001
18240,κοιλος,-266.0,-0.9472
18240,κοιλος,-50.0,-0.9599766666666665
18240,κοιλος,127.0,-0.9458333333333333
18240,κοιλος,150.0,-0.9051
18240,κοιλος,172.0,-0.9752
18240,κοιλος,200.0,-0.9692833333333333
18240,κοιλος,550.0,-0.9479
18240,κοιλος,950.0,-0.9770642857142857
