id,word,year,mean_weighted_sentiment
18428,κοπριζω,-266.0,-0.9709
18428,κοπριζω,150.0,-0.9631000000000001
18428,κοπριζω,950.0,-0.9782500000000001
