id,word,year,mean_weighted_sentiment
18446,κορεννυμι,-490.0,-0.9902
18446,κορεννυμι,-50.0,-0.9647
18446,κορεννυμι,150.0,-0.9721
18446,κορεννυμι,200.0,-0.9140076923076923
18446,κορεννυμι,299.0,-0.8879
18446,κορεννυμι,350.0,-0.9643
18446,κορεννυμι,425.0,-0.9449
18446,κορεννυμι,448.0,-0.9388
18446,κορεννυμι,490.0,-0.942
18446,κορεννυμι,950.0,-0.9775142857142857
