id,word,year,mean_weighted_sentiment
18235,κοιλη,-450.0,-0.9913
18235,κοιλη,-415.0,-0.9419
18235,κοιλη,-300.0,-0.9522
18235,κοιλη,-266.0,-0.9472
18235,κοιλη,-50.0,-0.9550416666666667
18235,κοιλη,127.0,-0.9458333333333333
18235,κοιλη,150.0,-0.8466
18235,κοιλη,200.0,-0.9692833333333333
18235,κοιλη,550.0,-0.9479
18235,κοιλη,950.0,-0.97632
