id,word,year,mean_weighted_sentiment
18407,κονιορτος,-266.0,-0.9845
18407,κονιορτος,-50.0,-0.97104
18407,κονιορτος,200.0,-0.9754
18407,κονιορτος,950.0,-0.9700000000000001
