id,word,year,mean_weighted_sentiment
18430,κοπρος,-353.0,-0.994
18430,κοπρος,-266.0,-0.9927
18430,κοπρος,-50.0,-0.9634
18430,κοπρος,150.0,-0.94644
18430,κοπρος,200.0,-0.9747
18430,κοπρος,269.0,-0.9935
18430,κοπρος,950.0,-0.9899666666666667
