id,word,year,mean_weighted_sentiment
18403,κονεω,-50.0,-0.9739
18403,κονεω,150.0,-0.9409500000000001
18403,κονεω,320.0,-0.8959
18403,κονεω,950.0,-0.98628
