id,word,year,mean_weighted_sentiment
18409,κονις,-490.0,-0.9914
18409,κονις,-50.0,-0.9492083333333333
18409,κονις,425.0,-0.92805
18409,κονις,490.0,-0.9405
18409,κονις,950.0,-0.98545
