id,word,year,mean_weighted_sentiment
18266,κοινωνεω,-353.0,-0.9421999999999999
18266,κοινωνεω,-266.0,-0.98305
18266,κοινωνεω,-50.0,-0.95502
18266,κοινωνεω,49.0,-0.914
18266,κοινωνεω,150.0,-0.9827
18266,κοινωνεω,152.0,-0.9704
18266,κοινωνεω,200.0,-0.98735
18266,κοινωνεω,237.0,-0.9178
18266,κοινωνεω,425.0,-0.9135666666666666
18266,κοινωνεω,490.0,-0.8408666666666668
18266,κοινωνεω,550.0,-0.9595
18266,κοινωνεω,1127.0,-0.7716
