id,word,year,mean_weighted_sentiment
18280,κοιτη,-266.0,-0.7587555555555555
18280,κοιτη,-50.0,-0.9643066666666665
18280,κοιτη,172.0,-0.9937
18280,κοιτη,200.0,-0.97575
18280,κοιτη,219.0,-0.9341
18280,κοιτη,269.0,-0.8921
18280,κοιτη,950.0,-0.9838888888888889
