id,word,year,mean_weighted_sentiment
18459,κορις,-50.0,-0.9317
18459,κορις,150.0,-0.9721
18459,κορις,200.0,-0.908025
18459,κορις,299.0,-0.8879
18459,κορις,350.0,-0.9643
18459,κορις,425.0,-0.9449
18459,κορις,448.0,-0.9388
18459,κορις,490.0,-0.942
18459,κορις,950.0,-0.9775142857142857
