id,word,year,mean_weighted_sentiment
18685,κριθη,-50.0,-0.9832571428571429
18685,κριθη,150.0,-0.9677
18685,κριθη,200.0,-0.9904
18685,κριθη,269.0,-0.9869
18685,κριθη,350.0,-0.9619
18685,κριθη,490.0,-0.86635
18685,κριθη,530.0,-0.9708
18685,κριθη,950.0,-0.95006
