id,word,year,mean_weighted_sentiment
18725,κρονια,-500.0,-0.9873666666666666
18725,κρονια,-50.0,-0.97958
18725,κρονια,150.0,-0.9506
18725,κρονια,950.0,-0.9856
