id,word,year,mean_weighted_sentiment
18657,κρεων,-50.0,-0.968075
18657,κρεων,150.0,-0.80955
18657,κρεων,200.0,-0.9669375
18657,κρεων,950.0,-0.984475
