id,word,year,mean_weighted_sentiment
18692,κριμα,-266.0,-0.9248680851063829
18692,κριμα,219.0,-0.9744666666666667
18692,κριμα,425.0,-0.9601
18692,κριμα,950.0,-0.98045
