id,word,year,mean_weighted_sentiment
18704,κριτης,-450.0,-0.9887
18704,κριτης,-266.0,-0.8935842105263159
18704,κριτης,-149.0,-0.953
18704,κριτης,-50.0,-0.9150333333333333
18704,κριτης,15.0,-0.9707
18704,κριτης,200.0,-0.9584333333333334
18704,κριτης,350.0,-0.9176
18704,κριτης,352.0,-0.0011500000000000399
18704,κριτης,425.0,-0.9157333333333334
18704,κριτης,950.0,-0.9733700000000001
