id,word,year,mean_weighted_sentiment
18732,κρονος,-490.0,-0.99225
18732,κρονος,-353.0,-0.963
18732,κρονος,-50.0,-0.9524090909090911
18732,κρονος,147.0,-0.9260858208955224
18732,κρονος,150.0,-0.9618666666666668
18732,κρονος,182.0,-0.9324
18732,κρονος,448.0,-0.9928999999999999
18732,κρονος,950.0,-0.9847400000000001
