id,word,year,mean_weighted_sentiment
18694,κρινον,-266.0,-0.98152
18694,κρινον,-50.0,-0.9891
18694,κρινον,200.0,-0.97036
18694,κρινον,269.0,-0.9491
18694,κρινον,311.0,-0.903
18694,κρινον,350.0,-0.8945
18694,κρινον,425.0,-0.8801
18694,κρινον,448.0,-0.951
18694,κρινον,490.0,-0.8544
18694,κρινον,950.0,-0.9879999999999999
