id,word,year,mean_weighted_sentiment
18731,κρονιων,-500.0,-0.9873666666666666
18731,κρονιων,-50.0,-0.9773888888888889
18731,κρονιων,150.0,-0.9699
18731,κρονιων,172.0,-0.9877
18731,κρονιων,269.0,-0.9923
18731,κρονιων,950.0,-0.98455
