id,word,year,mean_weighted_sentiment
18787,κταομαι,-353.0,-0.9420999999999999
18787,κταομαι,-266.0,-0.9804
18787,κταομαι,-149.0,-0.9935
18787,κταομαι,-50.0,-0.9463333333333334
18787,κταομαι,15.0,-0.97215
18787,κταομαι,147.0,-0.882
18787,κταομαι,150.0,-0.3028833333333333
18787,κταομαι,200.0,-0.9385
18787,κταομαι,350.0,0.9925
18787,κταομαι,448.0,-0.9117
18787,κταομαι,490.0,-0.8612
18787,κταομαι,950.0,-0.95504
