id,word,year,mean_weighted_sentiment
18819,κτισις,-266.0,-0.9800666666666666
18819,κτισις,-149.0,-0.9899
18819,κτισις,299.0,-0.93275
18819,κτισις,425.0,-0.92735
