id,word,year,mean_weighted_sentiment
18816,κτιζω,-490.0,-0.9886
18816,κτιζω,-353.0,-0.956
18816,κτιζω,-266.0,-0.9716666666666667
18816,κτιζω,-149.0,-0.9717
18816,κτιζω,-50.0,-0.9241
18816,κτιζω,200.0,-0.9753
18816,κτιζω,950.0,-0.002899999999999958
