id,word,year,mean_weighted_sentiment
18798,κτεομαι,-353.0,-0.9420999999999999
18798,κτεομαι,-266.0,-0.9804
18798,κτεομαι,-149.0,-0.9935
18798,κτεομαι,-50.0,-0.9345777777777778
18798,κτεομαι,15.0,-0.97215
18798,κτεομαι,147.0,-0.882
18798,κτεομαι,150.0,-0.3028833333333333
18798,κτεομαι,200.0,-0.9279666666666667
18798,κτεομαι,350.0,0.9925
18798,κτεομαι,448.0,-0.9117
18798,κτεομαι,490.0,-0.8612
18798,κτεομαι,950.0,-0.95504
