id,word,year,mean_weighted_sentiment
18920,κυκλοθεν,-266.0,-0.9594785714285712
18920,κυκλοθεν,950.0,-0.9896499999999999
