id,word,year,mean_weighted_sentiment
18900,κυθηρα,-149.0,-0.9906
18900,κυθηρα,-50.0,-0.9695714285714286
18900,κυθηρα,950.0,-0.8333666666666667
