id,word,year,mean_weighted_sentiment
18954,κυμα,-500.0,-0.9909
18954,κυμα,-490.0,-0.9941
18954,κυμα,-450.0,-0.9893
18954,κυμα,-266.0,-0.9629666666666665
18954,κυμα,-50.0,-0.9649163265306123
18954,κυμα,147.0,-0.9481
18954,κυμα,150.0,-0.9424
18954,κυμα,172.0,-0.994
18954,κυμα,200.0,-0.9902
18954,κυμα,205.0,-0.981
18954,κυμα,269.0,-0.9541
18954,κυμα,425.0,-0.9559
18954,κυμα,950.0,-0.98214375
