id,word,year,mean_weighted_sentiment
19064,κυρτος,-300.0,-0.9216
19064,κυρτος,-50.0,-0.96915
19064,κυρτος,147.0,-0.9414
19064,κυρτος,200.0,-0.9610666666666668
19064,κυρτος,320.0,-0.9817
19064,κυρτος,950.0,-0.9823
