id,word,year,mean_weighted_sentiment
18981,κυναω,-490.0,-0.9935
18981,κυναω,-450.0,-0.97905
18981,κυναω,-353.0,-0.98585
18981,κυναω,-266.0,-0.7458
18981,κυναω,-155.0,-0.898
18981,κυναω,-50.0,-0.9503818181818182
18981,κυναω,150.0,-0.9293
18981,κυναω,172.0,-0.9860666666666665
18981,κυναω,200.0,-0.9730000000000001
18981,κυναω,269.0,-0.9852
18981,κυναω,950.0,-0.976025806451613
