id,word,year,mean_weighted_sentiment
19032,κυπριος,-550.0,0.9107
19032,κυπριος,-50.0,-0.9666499999999999
19032,κυπριος,150.0,-0.93425
19032,κυπριος,950.0,-0.9713
