id,word,year,mean_weighted_sentiment
18895,κυζικος,-50.0,-0.952
18895,κυζικος,150.0,-0.9897499999999999
18895,κυζικος,425.0,-0.9029
18895,κυζικος,950.0,-0.9825333333333334
18895,κυζικος,1118.0,-0.9617
