id,word,year,mean_weighted_sentiment
19144,κωπη,-500.0,-0.9906
19144,κωπη,-50.0,-0.9598857142857142
19144,κωπη,950.0,-0.9838666666666666
