id,word,year,mean_weighted_sentiment
19114,κωμικος,-149.0,-0.986
19114,κωμικος,-50.0,-0.922425
19114,κωμικος,269.0,-0.9646
19114,κωμικος,950.0,-0.9761666666666667
