id,word,year,mean_weighted_sentiment
19139,κωπευς,-50.0,-0.9865333333333334
19139,κωπευς,950.0,-0.9846333333333334
