id,word,year,mean_weighted_sentiment
19154,κως,-300.0,0.9559
19154,κως,-270.0,-0.9392375
19154,κως,-266.0,-0.9861
19154,κως,-249.0,-0.6400166666666667
19154,κως,-50.0,-0.967957142857143
19154,κως,150.0,-0.521925
19154,κως,311.0,-0.9872
19154,κως,320.0,-0.9285571428571429
19154,κως,350.0,-0.9714499999999999
19154,κως,950.0,-0.9650750000000001
19154,κως,1118.0,-0.9685
