id,word,year,mean_weighted_sentiment
19108,κωμαζω,-266.0,-0.9767
19108,κωμαζω,-50.0,-0.9437333333333334
19108,κωμαζω,127.0,-0.9789
19108,κωμαζω,150.0,-0.9625
19108,κωμαζω,200.0,-0.9570000000000001
19108,κωμαζω,350.0,-0.923
19108,κωμαζω,425.0,-0.91595
19108,κωμαζω,490.0,-0.9069
19108,κωμαζω,950.0,-0.9851000000000002
