id,word,year,mean_weighted_sentiment
19116,κωμος,-266.0,-0.9767
19116,κωμος,-50.0,-0.9071666666666666
19116,κωμος,200.0,-0.9694
19116,κωμος,269.0,-0.9899
19116,κωμος,350.0,-0.923
19116,κωμος,950.0,-0.9899999999999999
