id,word,year,mean_weighted_sentiment
19260,λαλιος,-266.0,-0.9804333333333334
19260,λαλιος,950.0,-0.98475
