id,word,year,mean_weighted_sentiment
19332,λαρυγξ,-266.0,-0.9867999999999999
19332,λαρυγξ,172.0,0.7232
19332,λαρυγξ,950.0,-0.989975
