id,word,year,mean_weighted_sentiment
19217,λαιμος,-50.0,-0.9576142857142856
19217,λαιμος,200.0,-0.9859
19217,λαιμος,269.0,-0.9807
19217,λαιμος,950.0,-0.978025
