id,word,year,mean_weighted_sentiment
19186,λαγωος,-155.0,-0.937176923076923
19186,λαγωος,-50.0,-0.9862
19186,λαγωος,172.0,-0.98875
19186,λαγωος,200.0,-0.9756
19186,λαγωος,950.0,-0.98486
