id,word,year,mean_weighted_sentiment
19230,λακαζω,-353.0,-0.981
19230,λακαζω,-50.0,-0.9589666666666666
19230,λακαζω,150.0,-0.9864833333333333
19230,λακαζω,950.0,-0.973
