id,word,year,mean_weighted_sentiment
19253,λαλεω,-266.0,-0.8968307692307692
19253,λαλεω,-50.0,-0.9544333333333334
19253,λαλεω,49.0,-0.87355
19253,λαλεω,200.0,-0.9891666666666666
19253,λαλεω,205.0,-0.9925
19253,λαλεω,350.0,-0.9202
19253,λαλεω,950.0,-0.9814363636363634
