id,word,year,mean_weighted_sentiment
19250,λακων,-353.0,-0.9777
19250,λακων,-149.0,-0.9922333333333334
19250,λακων,-50.0,-0.9327
19250,λακων,150.0,-0.9735625
19250,λακων,182.0,-0.843
19250,λακων,950.0,-0.9682833333333334
