id,word,year,mean_weighted_sentiment
19353,λαφυρα,-450.0,-0.9772
19353,λαφυρα,-50.0,-0.9520133333333335
19353,λαφυρα,950.0,-0.96975
