id,word,year,mean_weighted_sentiment
19397,λειμων,-490.0,-0.9891
19397,λειμων,-450.0,-0.9938
19397,λειμων,-50.0,-0.9616444444444444
19397,λειμων,150.0,-0.9392
19397,λειμων,182.0,-0.9724
19397,λειμων,200.0,-0.8849
19397,λειμων,311.0,-0.5492
19397,λειμων,425.0,-0.9233
19397,λειμων,448.0,-0.9443
19397,λειμων,950.0,-0.985725
