id,word,year,mean_weighted_sentiment
19504,λευκας,-329.0,0.8985
19504,λευκας,-149.0,-0.9873
19504,λευκας,-50.0,-0.6803571428571429
19504,λευκας,150.0,-0.5856600000000001
19504,λευκας,152.0,-0.9695
19504,λευκας,200.0,-0.898
19504,λευκας,269.0,-0.9306
