id,word,year,mean_weighted_sentiment
19540,λευκοω,-500.0,-0.9907
19540,λευκοω,-415.0,-0.9839
19540,λευκοω,-353.0,-0.9448000000000001
19540,λευκοω,-50.0,-0.9712823529411765
19540,λευκοω,150.0,-0.978
19540,λευκοω,172.0,-0.9894307692307691
19540,λευκοω,200.0,-0.93595
19540,λευκοω,269.0,-0.9602
19540,λευκοω,311.0,-0.903
19540,λευκοω,550.0,-0.9743
19540,λευκοω,950.0,-0.9731142857142857
