id,word,year,mean_weighted_sentiment
19410,λειριος,-50.0,-0.9521499999999999
19410,λειριος,950.0,-0.9887333333333332
