id,word,year,mean_weighted_sentiment
19394,λειμωνιας,-450.0,-0.9868
19394,λειμωνιας,-50.0,-0.9866999999999999
19394,λειμωνιας,448.0,-0.9407
19394,λειμωνιας,950.0,-0.98255
