id,word,year,mean_weighted_sentiment
19546,λευσσω,-490.0,-0.3323333333333333
19546,λευσσω,-450.0,-0.9884
19546,λευσσω,-50.0,-0.92505
