id,word,year,mean_weighted_sentiment
19771,λιπαρεω,-353.0,-0.9731
19771,λιπαρεω,-50.0,-0.9882500000000001
19771,λιπαρεω,172.0,-0.64284
19771,λιπαρεω,200.0,-0.9917
19771,λιπαρεω,950.0,-0.9836142857142857
