id,word,year,mean_weighted_sentiment
19779,λιπαρος,-353.0,-0.95915
19779,λιπαρος,-149.0,-0.99
19779,λιπαρος,-50.0,-0.95572
19779,λιπαρος,15.0,-0.9142
19779,λιπαρος,127.0,-0.9463
19779,λιπαρος,172.0,-0.773325
19779,λιπαρος,200.0,-0.19694999999999996
19779,λιπαρος,950.0,-0.9815071428571428
