id,word,year,mean_weighted_sentiment
19807,λις,-50.0,-0.9445454545454545
19807,λις,200.0,-0.9926
19807,λις,350.0,-0.9347
19807,λις,950.0,-0.9601999999999999
