id,word,year,mean_weighted_sentiment
19749,λινεος,-50.0,-0.9620666666666667
19749,λινεος,147.0,-0.9904
19749,λινεος,150.0,-0.97495
19749,λινεος,200.0,-0.9441
19749,λινεος,269.0,-0.9869
19749,λινεος,448.0,-0.9585
19749,λινεος,950.0,-0.9771714285714285
