id,word,year,mean_weighted_sentiment
19679,λιθαζω,-353.0,-0.9876
19679,λιθαζω,-266.0,-0.95414
19679,λιθαζω,-50.0,-0.9521600000000001
19679,λιθαζω,150.0,-0.94125
19679,λιθαζω,172.0,-0.9895
19679,λιθαζω,182.0,-0.9649
19679,λιθαζω,200.0,-0.9901
19679,λιθαζω,950.0,-0.9788764705882352
