id,word,year,mean_weighted_sentiment
19730,λιμην,-450.0,-0.9907
19730,λιμην,-266.0,-0.9760999999999999
19730,λιμην,-149.0,-0.9287666666666666
19730,λιμην,-50.0,-0.9507692307692307
19730,λιμην,150.0,-0.9176875
19730,λιμην,152.0,-0.9312
19730,λιμην,172.0,-0.9918
19730,λιμην,311.0,-0.9081
19730,λιμην,350.0,-0.9214
19730,λιμην,425.0,0.12019999999999997
19730,λιμην,490.0,-0.9102
19730,λιμην,950.0,-0.9853454545454544
