id,word,year,mean_weighted_sentiment
19655,λιβυη,-149.0,-0.9783999999999999
19655,λιβυη,-50.0,-0.95855
19655,λιβυη,127.0,-0.9473882352941178
19655,λιβυη,147.0,-0.9489
19655,λιβυη,150.0,-0.9571500000000001
19655,λιβυη,425.0,-0.9459
19655,λιβυη,490.0,-0.9591333333333334
19655,λιβυη,950.0,-0.9740235294117646
