id,word,year,mean_weighted_sentiment
19824,λιτος,-490.0,-0.993
19824,λιτος,-50.0,-0.9423071428571428
19824,λιτος,-34.0,0.9353
19824,λιτος,150.0,-0.9272666666666667
19824,λιτος,950.0,-0.960575
