id,word,year,mean_weighted_sentiment
19827,λιτρα,150.0,-0.9548875
19827,λιτρα,172.0,-0.964375
19827,λιτρα,950.0,-0.9780666666666665
