id,word,year,mean_weighted_sentiment
19735,λιμνη,-500.0,-0.9877733333333332
19735,λιμνη,-490.0,-0.9883
19735,λιμνη,-266.0,-0.955
19735,λιμνη,-149.0,-0.9845700000000001
19735,λιμνη,-50.0,-0.9664571428571429
19735,λιμνη,127.0,-0.933425
19735,λιμνη,150.0,-0.9548
19735,λιμνη,152.0,-0.9329
19735,λιμνη,200.0,-0.9867100000000001
19735,λιμνη,425.0,-0.9765
19735,λιμνη,950.0,-0.9853090909090908
