id,word,year,mean_weighted_sentiment
19848,λογιζομαι,-450.0,-0.9913
19848,λογιζομαι,-353.0,-0.9708
19848,λογιζομαι,-266.0,-0.9260999999999999
19848,λογιζομαι,-50.0,-0.9354
19848,λογιζομαι,80.0,-0.8626
19848,λογιζομαι,147.0,-0.8631
19848,λογιζομαι,200.0,-0.9578
19848,λογιζομαι,299.0,-0.9379500000000001
19848,λογιζομαι,350.0,-0.9262
19848,λογιζομαι,1118.0,-0.9556
