id,word,year,mean_weighted_sentiment
19887,λοιμος,-266.0,-0.9356
19887,λοιμος,-50.0,-0.9451875
19887,λοιμος,150.0,-0.9087833333333334
19887,λοιμος,172.0,-0.9877
19887,λοιμος,182.0,-0.8937
19887,λοιμος,350.0,-0.9412
19887,λοιμος,490.0,-0.9221
19887,λοιμος,950.0,-0.98305
