id,word,year,mean_weighted_sentiment
19996,λυκος,-353.0,-0.9912000000000001
19996,λυκος,-266.0,-0.9739999999999999
19996,λυκος,-50.0,-0.9631818181818183
19996,λυκος,150.0,-0.9556111111111112
19996,λυκος,172.0,-0.36623333333333336
19996,λυκος,200.0,-0.9750490909090908
19996,λυκος,425.0,-0.8868666666666667
19996,λυκος,950.0,-0.97035625
