id,word,year,mean_weighted_sentiment
20007,λυπεω,-450.0,-0.9934
20007,λυπεω,-387.0,-0.98515
20007,λυπεω,-353.0,-0.9599333333333333
20007,λυπεω,-266.0,-0.969811111111111
20007,λυπεω,-50.0,-0.9465725490196079
20007,λυπεω,150.0,-0.944175
20007,λυπεω,172.0,-0.9926
20007,λυπεω,200.0,-0.9745388888888888
20007,λυπεω,269.0,-0.9742500000000001
20007,λυπεω,311.0,-0.9156
20007,λυπεω,350.0,-0.9378444444444445
20007,λυπεω,425.0,-0.9285
20007,λυπεω,950.0,-0.9858600000000001
20007,λυπεω,1118.0,-0.9494
