id,word,year,mean_weighted_sentiment
20091,λωος,-50.0,-0.05459999999999998
20091,λωος,530.0,-0.968
20091,λωος,950.0,-0.9854333333333334
