id,word,year,mean_weighted_sentiment
20101,λωτος,-50.0,-0.08052499999999999
20101,λωτος,127.0,-0.9846666666666667
20101,λωτος,150.0,-0.97515
