id,word,year,mean_weighted_sentiment
20375,ματεω,-490.0,-0.9922999999999998
20375,ματεω,-450.0,-0.9911
20375,ματεω,-353.0,-0.9754
20375,ματεω,-266.0,-0.9891666666666667
20375,ματεω,-50.0,-0.9532600000000001
20375,ματεω,150.0,-0.945
20375,ματεω,200.0,-0.961425
20375,ματεω,350.0,-0.8976999999999999
20375,ματεω,352.0,-0.9505
20375,ματεω,425.0,-0.9815
20375,ματεω,950.0,-0.9806411764705882
