id,word,year,mean_weighted_sentiment
20202,μακροθεν,-266.0,-0.19516666666666668
20202,μακροθεν,-50.0,-0.9647333333333333
20202,μακροθεν,15.0,-0.9266
20202,μακροθεν,200.0,-0.98915
