id,word,year,mean_weighted_sentiment
20360,μαστος,-415.0,-0.9435333333333333
20360,μαστος,-353.0,-0.9917
20360,μαστος,-266.0,0.567
20360,μαστος,-50.0,-0.9475500000000001
20360,μαστος,150.0,-0.8698
20360,μαστος,172.0,-0.9893
20360,μαστος,182.0,-0.9732
20360,μαστος,299.0,-0.9903
20360,μαστος,950.0,-0.9810799999999998
