id,word,year,mean_weighted_sentiment
20372,ματαιος,-490.0,-0.9931
20372,ματαιος,-450.0,-0.9922
20372,ματαιος,-266.0,-0.99025
20372,ματαιος,-50.0,-0.9518375
20372,ματαιος,150.0,-0.9201666666666667
20372,ματαιος,200.0,-0.9698399999999999
20372,ματαιος,425.0,-0.85645
20372,ματαιος,530.0,-0.9387
20372,ματαιος,950.0,-0.9778285714285715
