id,word,year,mean_weighted_sentiment
20376,ματην,-490.0,-0.9922999999999998
20376,ματην,-450.0,-0.9911
20376,ματην,-353.0,-0.9754
20376,ματην,-266.0,-0.9891666666666667
20376,ματην,-50.0,-0.9534777777777779
20376,ματην,150.0,-0.9816
20376,ματην,200.0,-0.961425
20376,ματην,350.0,-0.8932
20376,ματην,950.0,-0.9792533333333331
