id,word,year,mean_weighted_sentiment
20271,μανια,-450.0,-0.9926
20271,μανια,-353.0,-0.99065
20271,μανια,-266.0,-0.9907
20271,μανια,-50.0,-0.9478899999999999
20271,μανια,15.0,-0.8614
20271,μανια,152.0,-0.7406
20271,μανια,172.0,-0.18635000000000002
20271,μανια,350.0,-0.9679
20271,μανια,425.0,-0.93945
20271,μανια,448.0,-0.8675
20271,μανια,950.0,-0.98842
20271,μανια,1118.0,-0.9322
