id,word,year,mean_weighted_sentiment
20132,μαθηματικος,-479.0,-0.9109
20132,μαθηματικος,-353.0,-0.92635
20132,μαθηματικος,-155.0,-0.9377
20132,μαθηματικος,-50.0,-0.96855
20132,μαθηματικος,200.0,-0.9886
20132,μαθηματικος,352.0,-0.9797
20132,μαθηματικος,530.0,-0.90965
20132,μαθηματικος,550.0,-0.9728666666666667
20132,μαθηματικος,950.0,-0.9579
