id,word,year,mean_weighted_sentiment
20283,μαντευμα,-50.0,-0.938
20283,μαντευμα,150.0,-0.98495
20283,μαντευμα,299.0,-0.9883
20283,μαντευμα,950.0,-0.9812666666666666
