id,word,year,mean_weighted_sentiment
20136,μαθητης,50.0,-0.8751
20136,μαθητης,127.0,-0.9612
20136,μαθητης,150.0,-0.93555
20136,μαθητης,200.0,-0.988
20136,μαθητης,219.0,-0.9494
20136,μαθητης,299.0,-0.9041
20136,μαθητης,350.0,-0.91395
20136,μαθητης,383.0,0.9523
20136,μαθητης,425.0,-0.9037999999999999
20136,μαθητης,550.0,-0.9504
20136,μαθητης,950.0,-0.96365
