id,word,year,mean_weighted_sentiment
20143,μαια,-353.0,-0.9881
20143,μαια,-50.0,-0.9411200000000001
20143,μαια,150.0,-0.9015
20143,μαια,950.0,-0.97385
