id,word,year,mean_weighted_sentiment
20334,μαρτυρος,-50.0,-0.8183384615384616
20334,μαρτυρος,150.0,-0.9551
20334,μαρτυρος,200.0,-0.9933
20334,μαρτυρος,350.0,-0.9888
20334,μαρτυρος,425.0,-0.9200333333333334
20334,μαρτυρος,950.0,-0.9768999999999999
