id,word,year,mean_weighted_sentiment
20178,μακαρ,-500.0,-0.9881
20178,μακαρ,-490.0,-0.9916
20178,μακαρ,-50.0,-0.968388888888889
20178,μακαρ,150.0,0.016600000000000004
20178,μακαρ,152.0,-0.9479
20178,μακαρ,172.0,-0.9882
20178,μακαρ,269.0,-0.9791000000000001
20178,μακαρ,299.0,-0.989
20178,μακαρ,311.0,-0.9649
20178,μακαρ,950.0,-0.9776399999999998
