id,word,year,mean_weighted_sentiment
20234,μαλακος,-500.0,-0.9929
20234,μαλακος,-353.0,-0.9244500000000001
20234,μαλακος,-50.0,-0.96858
20234,μαλακος,15.0,-0.9082
20234,μαλακος,147.0,-0.9501
20234,μαλακος,150.0,-0.99155
20234,μαλακος,172.0,-0.9886
20234,μαλακος,200.0,-0.96105
20234,μαλακος,530.0,-0.9183
20234,μαλακος,950.0,-0.9643333333333333
