id,word,year,mean_weighted_sentiment
20140,μαθος,-149.0,-0.9862
20140,μαθος,-50.0,-0.9595
20140,μαθος,15.0,-0.8261
20140,μαθος,150.0,-0.29460000000000003
20140,μαθος,152.0,-0.9657
20140,μαθος,352.0,-0.9802
20140,μαθος,425.0,-0.90705
20140,μαθος,950.0,-0.9881
