id,word,year,mean_weighted_sentiment
20652,μελιζω,-266.0,-0.98845
20652,μελιζω,-50.0,-0.6805142857142857
20652,μελιζω,127.0,-0.96245
20652,μελιζω,150.0,-0.9645
20652,μελιζω,200.0,-0.9891000000000001
20652,μελιζω,448.0,-0.07678333333333331
20652,μελιζω,950.0,-0.9795999999999999
