id,word,year,mean_weighted_sentiment
20513,μεθιημι,-266.0,-0.9778
20513,μεθιημι,-50.0,-0.8287055555555556
20513,μεθιημι,150.0,-0.95105
20513,μεθιημι,350.0,-0.965
20513,μεθιημι,530.0,-0.93215
20513,μεθιημι,950.0,-0.9846222222222222
