id,word,year,mean_weighted_sentiment
20568,μειων,-450.0,-0.9904
20568,μειων,-155.0,-0.9882
20568,μειων,-50.0,-0.9787833333333333
20568,μειων,950.0,-0.98315
