id,word,year,mean_weighted_sentiment
20558,μειρακιον,-50.0,-0.9283
20558,μειρακιον,150.0,-0.9422333333333334
20558,μειρακιον,425.0,-0.903525
20558,μειρακιον,950.0,-0.9764166666666667
