id,word,year,mean_weighted_sentiment
20478,μεγαρευς,-353.0,-0.9743
20478,μεγαρευς,-149.0,-0.9870857142857143
20478,μεγαρευς,-50.0,-0.9874499999999999
20478,μεγαρευς,150.0,-0.976125
20478,μεγαρευς,950.0,-0.9678222222222223
