id,word,year,mean_weighted_sentiment
20484,μεγαρον,-149.0,-0.992
20484,μεγαρον,-50.0,-0.8286999999999999
20484,μεγαρον,15.0,-0.9887
20484,μεγαρον,150.0,-0.9500333333333333
20484,μεγαρον,448.0,-0.9909
20484,μεγαρον,950.0,-0.9820000000000001
