id,word,year,mean_weighted_sentiment
20664,μελι,-479.0,-0.9171
20664,μελι,-266.0,-0.30037500000000006
20664,μελι,-50.0,-0.92705
20664,μελι,49.0,-0.9119999999999999
20664,μελι,150.0,-0.9839
20664,μελι,172.0,-0.9836391304347828
20664,μελι,200.0,-0.9796
20664,μελι,269.0,-0.8629
20664,μελι,950.0,-0.978275
