id,word,year,mean_weighted_sentiment
20584,μελαινω,-450.0,-0.9927
20584,μελαινω,-50.0,-0.975475
20584,μελαινω,150.0,-0.9806333333333334
20584,μελαινω,200.0,-0.9924
20584,μελαινω,269.0,-0.9495
20584,μελαινω,950.0,-0.9869
