id,word,year,mean_weighted_sentiment
21218,μηχανη,-490.0,-0.9924
21218,μηχανη,-450.0,-0.993
21218,μηχανη,-266.0,-0.95189
21218,μηχανη,-50.0,-0.9565874999999999
21218,μηχανη,150.0,-0.93945
21218,μηχανη,200.0,-0.9935
21218,μηχανη,350.0,-0.9544
21218,μηχανη,352.0,-0.9894
21218,μηχανη,490.0,-0.8504333333333333
21218,μηχανη,550.0,-0.9473
21218,μηχανη,950.0,-0.9883666666666667
