id,word,year,mean_weighted_sentiment
21163,μηνυω,-353.0,-0.986
21163,μηνυω,-50.0,-0.9864
21163,μηνυω,147.0,-0.90415
21163,μηνυω,150.0,-0.9614
21163,μηνυω,152.0,-0.9909
21163,μηνυω,350.0,-0.8751
21163,μηνυω,425.0,-0.5927666666666668
21163,μηνυω,490.0,-0.9258
21163,μηνυω,950.0,-0.9881
21163,μηνυω,1118.0,-0.9545
