id,word,year,mean_weighted_sentiment
21090,μηδεπω,-50.0,-0.9547000000000001
21090,μηδεπω,200.0,-0.9296500000000001
21090,μηδεπω,311.0,-0.94485
21090,μηδεπω,950.0,-0.9901666666666666
