id,word,year,mean_weighted_sentiment
21303,μιν,-500.0,-0.9874
21303,μιν,-479.0,-0.9722
21303,μιν,-353.0,-0.9852666666666666
21303,μιν,-155.0,-0.9916600000000001
21303,μιν,-50.0,-0.915432
21303,μιν,147.0,-0.9915
21303,μιν,152.0,-0.9476333333333334
21303,μιν,172.0,-0.9882
21303,μιν,200.0,-0.9914
21303,μιν,269.0,-0.9898
21303,μιν,448.0,-0.950925
21303,μιν,950.0,-0.98215
21303,μιν,1118.0,-0.9546666666666667
