id,word,year,mean_weighted_sentiment
21353,μισθος,-353.0,-0.9744333333333334
21353,μισθος,-266.0,-0.9229499999999999
21353,μισθος,-50.0,-0.9601299999999998
21353,μισθος,15.0,-0.9153
21353,μισθος,49.0,-0.9515
21353,μισθος,147.0,-0.8741
21353,μισθος,152.0,-0.9308
21353,μισθος,200.0,-0.9760166666666666
21353,μισθος,350.0,-0.5625199999999999
21353,μισθος,425.0,-0.9196
21353,μισθος,448.0,-0.9338333333333333
21353,μισθος,490.0,-0.8758
