id,word,year,mean_weighted_sentiment
21315,μινως,-50.0,-0.972
21315,μινως,150.0,-0.2933666666666667
21315,μινως,448.0,-0.9494499999999999
21315,μινως,950.0,-0.9885333333333334
