id,word,year,mean_weighted_sentiment
21277,μιλιον,150.0,-0.9818222222222222
21277,μιλιον,950.0,-0.9774428571428571
