id,word,year,mean_weighted_sentiment
21387,μισος,-266.0,-0.9858399999999999
21387,μισος,-50.0,-0.9783
21387,μισος,15.0,-0.9781
21387,μισος,150.0,-0.9875499999999999
21387,μισος,200.0,-0.9744
21387,μισος,350.0,-0.9614
21387,μισος,425.0,-0.9133
21387,μισος,490.0,-0.89995
