id,word,year,mean_weighted_sentiment
21292,μιμητικος,-50.0,-0.49315999999999993
21292,μιμητικος,448.0,-0.9460500000000001
21292,μιμητικος,950.0,-0.9144
