id,word,year,mean_weighted_sentiment
21246,μιγμα,-353.0,-0.9436
21246,μιγμα,-34.0,-0.9724
21246,μιγμα,172.0,-0.49074999999999996
21246,μιγμα,200.0,-0.9268000000000001
21246,μιγμα,950.0,-0.9641333333333334
