id,word,year,mean_weighted_sentiment
21238,μιαρος,-50.0,-0.97315
21238,μιαρος,-34.0,-0.5054
21238,μιαρος,150.0,-0.9451499999999999
21238,μιαρος,152.0,-0.9423333333333334
21238,μιαρος,182.0,-0.9088
21238,μιαρος,350.0,-0.9231666666666666
21238,μιαρος,950.0,-0.9732
