id,word,year,mean_weighted_sentiment
21273,μιλησιος,-149.0,-0.8185833333333333
21273,μιλησιος,127.0,-0.955
21273,μιλησιος,150.0,-0.94375
