id,word,year,mean_weighted_sentiment
21411,μνημα,-450.0,-0.9931
21411,μνημα,-50.0,-0.9754499999999999
21411,μνημα,950.0,-0.969825
