id,word,year,mean_weighted_sentiment
21582,μορος,-500.0,-0.9888
21582,μορος,-450.0,-0.9903500000000001
21582,μορος,-266.0,-0.9611
21582,μορος,-50.0,-0.7507
21582,μορος,147.0,-0.9532
21582,μορος,150.0,-0.9832
21582,μορος,172.0,-0.9898
21582,μορος,200.0,-0.9544
21582,μορος,269.0,-0.4455
21582,μορος,950.0,-0.9690166666666666
