id,word,year,mean_weighted_sentiment
21637,μοχθος,-490.0,-0.9920000000000001
21637,μοχθος,-450.0,-0.9946
21637,μοχθος,-50.0,-0.94802
21637,μοχθος,200.0,-0.9811
21637,μοχθος,950.0,-0.9884600000000001
