id,word,year,mean_weighted_sentiment
21572,μορια,-479.0,-0.9387000000000001
21572,μορια,-353.0,-0.8715571428571428
21572,μορια,-155.0,-0.9421
21572,μορια,-50.0,-0.9823500000000001
21572,μορια,150.0,-0.9780666666666668
21572,μορια,172.0,-4.999999999999449e-05
21572,μορια,200.0,-0.934675
21572,μορια,249.0,-0.8503
21572,μορια,425.0,-0.956
21572,μορια,448.0,-0.9455
21572,μορια,530.0,-0.9425800000000001
21572,μορια,950.0,-0.9657666666666667
21572,μορια,1150.0,-0.9561000000000001
