id,word,year,mean_weighted_sentiment
21622,μουσοομαι,-50.0,-0.9112444444444444
21622,μουσοομαι,150.0,-0.94925
21622,μουσοομαι,448.0,0.3735
