id,word,year,mean_weighted_sentiment
21631,μοχθεω,-490.0,-0.9920000000000001
21631,μοχθεω,-450.0,-0.9946
21631,μοχθεω,200.0,-0.97645
21631,μοχθεω,950.0,-0.9876666666666667
