id,word,year,mean_weighted_sentiment
21803,μυχος,-490.0,-0.9072
21803,μυχος,-450.0,-0.6087
21803,μυχος,-149.0,-0.9917000000000001
21803,μυχος,-50.0,-0.97125
21803,μυχος,127.0,-0.966
21803,μυχος,150.0,0.8364
21803,μυχος,172.0,-0.9916
21803,μυχος,200.0,-0.9720142857142857
21803,μυχος,950.0,-0.9720500000000001
