id,word,year,mean_weighted_sentiment
21805,μυων,-500.0,-0.991675
21805,μυων,-353.0,-0.983
21805,μυων,-50.0,-0.9395125
21805,μυων,150.0,0.9933
21805,μυων,172.0,0.22276666666666664
21805,μυων,200.0,-0.9886
21805,μυων,425.0,-0.9816
21805,μυων,950.0,-0.9691000000000001
