id,word,year,mean_weighted_sentiment
21729,μυριζω,-50.0,-0.9933
21729,μυριζω,15.0,-0.935875
21729,μυριζω,147.0,-0.9923
21729,μυριζω,150.0,-0.9889
21729,μυριζω,219.0,-0.9525
21729,μυριζω,269.0,-0.9903
21729,μυριζω,350.0,-0.9035
21729,μυριζω,352.0,-0.5433
21729,μυριζω,425.0,-0.9003
21729,μυριζω,950.0,-0.9866666666666667
