id,word,year,mean_weighted_sentiment
21657,μυεω,-500.0,-0.991675
21657,μυεω,-353.0,-0.983
21657,μυεω,-50.0,-0.9647888888888888
21657,μυεω,15.0,-0.9319
21657,μυεω,150.0,0.01369999999999999
21657,μυεω,172.0,0.22276666666666664
21657,μυεω,200.0,-0.9886
21657,μυεω,425.0,-0.9816
21657,μυεω,950.0,-0.98986
