id,word,year,mean_weighted_sentiment
21915,ναυτης,-490.0,-0.9925
21915,ναυτης,-450.0,-0.9865
21915,ναυτης,-50.0,-0.93922
21915,ναυτης,15.0,-0.9752
21915,ναυτης,150.0,-0.8944000000000001
21915,ναυτης,200.0,-0.9892666666666665
21915,ναυτης,299.0,-0.9793
21915,ναυτης,950.0,-0.96625
