id,word,year,mean_weighted_sentiment
21918,ναυτικος,-450.0,-0.9803666666666667
21918,ναυτικος,-353.0,-0.874
21918,ναυτικος,-149.0,-0.9894
21918,ναυτικος,150.0,-0.97965
21918,ναυτικος,152.0,-0.9902
21918,ναυτικος,352.0,-0.9876499999999999
21918,ναυτικος,490.0,-0.8906
21918,ναυτικος,950.0,-0.9869000000000002
