id,word,year,mean_weighted_sentiment
22051,νεοιη,-490.0,-0.9884
22051,νεοιη,-50.0,-0.9560545454545455
22051,νεοιη,150.0,-0.9021
22051,νεοιη,172.0,-0.9842
22051,νεοιη,950.0,-0.9875499999999999
