id,word,year,mean_weighted_sentiment
21946,νεατος,-155.0,-0.9829749999999999
21946,νεατος,-50.0,-0.9747833333333333
21946,νεατος,950.0,-0.9923500000000001
