id,word,year,mean_weighted_sentiment
22149,νεφρος,-415.0,-0.9878
22149,νεφρος,-353.0,-0.95207
22149,νεφρος,-266.0,-0.9163
22149,νεφρος,-50.0,-0.9485
22149,νεφρος,172.0,-0.95125
22149,νεφρος,950.0,-0.9834666666666667
