id,word,year,mean_weighted_sentiment
22021,νεμεσις,-353.0,-0.9436
22021,νεμεσις,-50.0,-0.9732800000000001
22021,νεμεσις,150.0,-0.956
22021,νεμεσις,200.0,-0.97675
