id,word,year,mean_weighted_sentiment
22212,νη,-266.0,-0.9784
22212,νη,-50.0,-0.9736799999999999
22212,νη,127.0,-0.9935
22212,νη,150.0,-0.9546
22212,νη,152.0,-0.9594
22212,νη,249.0,-0.9754
22212,νη,269.0,-0.96865
22212,νη,311.0,0.9768
22212,νη,350.0,-0.9261799999999999
22212,νη,950.0,-0.984388888888889
