id,word,year,mean_weighted_sentiment
22261,νιζω,-50.0,-0.96492
22261,νιζω,950.0,-0.9891833333333334
