id,word,year,mean_weighted_sentiment
22266,νικη,-450.0,-0.9918
22266,νικη,-387.0,-0.9914499999999999
22266,νικη,-353.0,-0.95655
22266,νικη,-50.0,-0.9334880597014924
22266,νικη,150.0,-0.9593812500000001
22266,νικη,200.0,-0.9433428571428573
22266,νικη,219.0,-0.874
22266,νικη,269.0,-0.9849
22266,νικη,350.0,-0.966125
22266,νικη,425.0,-0.9174125
22266,νικη,490.0,-0.9151666666666668
22266,νικη,950.0,-0.9746176470588236
