id,word,year,mean_weighted_sentiment
22275,νιν,-490.0,-0.9915
22275,νιν,-450.0,-0.9901142857142856
22275,νιν,-50.0,-0.9617833333333333
22275,νιν,950.0,-0.9787
