id,word,year,mean_weighted_sentiment
22300,νοθος,-479.0,-0.9177500000000001
22300,νοθος,-353.0,-0.9041
22300,νοθος,-50.0,-0.95221
22300,νοθος,15.0,-0.9273
22300,νοθος,200.0,-0.9086000000000001
22300,νοθος,350.0,-0.8925
22300,νοθος,950.0,-0.9696499999999999
