id,word,year,mean_weighted_sentiment
22412,νυκτωρ,-450.0,-0.9876
22412,νυκτωρ,-353.0,-0.9612666666666666
22412,νυκτωρ,-266.0,-0.9622
22412,νυκτωρ,-50.0,-0.9528
22412,νυκτωρ,15.0,-0.9912
22412,νυκτωρ,150.0,-0.9712666666666667
22412,νυκτωρ,172.0,-0.9871
22412,νυκτωρ,200.0,-0.9730000000000001
22412,νυκτωρ,425.0,-0.8894
22412,νυκτωρ,950.0,-0.9593
