id,word,year,mean_weighted_sentiment
22378,νυκτερινος,-266.0,-0.9937
22378,νυκτερινος,-50.0,-0.972
22378,νυκτερινος,147.0,-0.95447
22378,νυκτερινος,150.0,-0.9333
22378,νυκτερινος,950.0,-0.9797199999999998
