id,word,year,mean_weighted_sentiment
22446,νυσσω,-490.0,-0.9915
22446,νυσσω,-450.0,-0.9874
22446,νυσσω,-387.0,-0.9907
22446,νυσσω,-353.0,-0.9864
22446,νυσσω,-266.0,-0.97812
22446,νυσσω,-155.0,-0.1184
22446,νυσσω,-50.0,-0.8631368421052631
22446,νυσσω,150.0,-0.89915
22446,νυσσω,172.0,-0.9842
22446,νυσσω,269.0,-0.98865
22446,νυσσω,350.0,-0.9398
22446,νυσσω,950.0,-0.9841363636363638
