id,word,year,mean_weighted_sentiment
22626,ογκος,-450.0,-0.9895
22626,ογκος,-353.0,-0.9363999999999999
22626,ογκος,-50.0,-0.36041666666666666
22626,ογκος,15.0,-0.9756
22626,ογκος,150.0,-0.8555
22626,ογκος,172.0,-0.34830000000000005
22626,ογκος,200.0,-0.6480833333333333
22626,ογκος,350.0,-0.9599
22626,ογκος,447.0,-0.92615
22626,ογκος,490.0,-0.9477
22626,ογκος,530.0,-0.87625
22626,ογκος,950.0,-0.9919
