id,word,year,mean_weighted_sentiment
22670,οδυρμος,-50.0,-0.97525
22670,οδυρμος,150.0,-0.9397500000000001
22670,οδυρμος,152.0,-0.9293
22670,οδυρμος,425.0,-0.9686
