id,word,year,mean_weighted_sentiment
22652,οδοιπορος,-266.0,-0.9698333333333333
22652,οδοιπορος,-50.0,-0.9661
22652,οδοιπορος,150.0,-0.9605333333333334
22652,οδοιπορος,200.0,-0.98865
