id,word,year,mean_weighted_sentiment
22679,οδων,-450.0,-0.9464
22679,οδων,-353.0,-0.9355692307692309
22679,οδων,-266.0,-0.828080487804878
22679,οδων,-50.0,-0.9710808510638299
22679,οδων,49.0,-0.9076
22679,οδων,150.0,-0.912392857142857
22679,οδων,152.0,-0.9719
22679,οδων,200.0,-0.7890111111111111
22679,οδων,219.0,-0.9705
22679,οδων,269.0,-0.9845
22679,οδων,425.0,-0.8889
22679,οδων,448.0,-0.9438
22679,οδων,490.0,-0.8824000000000001
22679,οδων,950.0,-0.9754928571428572
