id,word,year,mean_weighted_sentiment
22690,οθονη,-50.0,-0.96724
22690,οθονη,950.0,-0.9884333333333334
