id,word,year,mean_weighted_sentiment
22785,οικουμενη,-353.0,-0.9824
22785,οικουμενη,-266.0,-0.7369411764705882
22785,οικουμενη,-155.0,-0.9171
22785,οικουμενη,-149.0,-0.49529999999999996
22785,οικουμενη,-50.0,-0.9075
22785,οικουμενη,127.0,-0.97495
22785,οικουμενη,219.0,-0.9835
22785,οικουμενη,350.0,-0.9324
22785,οικουμενη,425.0,-0.7729615384615385
22785,οικουμενη,950.0,-0.9535666666666667
