id,word,year,mean_weighted_sentiment
22737,οικημα,-353.0,-0.29386666666666666
22737,οικημα,-50.0,-0.9424399999999998
22737,οικημα,150.0,-0.8893
22737,οικημα,152.0,-0.9529
22737,οικημα,200.0,-0.9484250000000001
22737,οικημα,950.0,-0.9861000000000002
