id,word,year,mean_weighted_sentiment
22768,οικοθεν,-450.0,-0.9904
22768,οικοθεν,-50.0,-0.9278500000000001
22768,οικοθεν,15.0,-0.8714
22768,οικοθεν,150.0,-0.9291
22768,οικοθεν,152.0,-0.9443
22768,οικοθεν,350.0,-0.9390000000000001
22768,οικοθεν,352.0,-0.9852
22768,οικοθεν,950.0,-0.9507
