id,word,year,mean_weighted_sentiment
22732,οικετης,-353.0,-0.9397166666666669
22732,οικετης,-266.0,-0.8567153846153845
22732,οικετης,-50.0,-0.9001
22732,οικετης,-34.0,-0.9545
22732,οικετης,15.0,-0.8534
22732,οικετης,150.0,-0.9195125
22732,οικετης,152.0,-0.9361
22732,οικετης,200.0,-0.9715
22732,οικετης,350.0,-0.9213583333333334
22732,οικετης,352.0,-0.9934
22732,οικετης,425.0,-0.9092333333333334
22732,οικετης,950.0,-0.989325
