id,word,year,mean_weighted_sentiment
22977,ολεθρος,-500.0,-0.9883500000000001
22977,ολεθρος,-266.0,-0.9687
22977,ολεθρος,-50.0,-0.9633190476190475
22977,ολεθρος,150.0,-0.9364
22977,ολεθρος,299.0,-0.9191
22977,ολεθρος,490.0,-0.8429
22977,ολεθρος,950.0,-0.9847699999999999
