id,word,year,mean_weighted_sentiment
23085,ολυμπος,-500.0,-0.98875
23085,ολυμπος,-450.0,0.7442
23085,ολυμπος,-149.0,-0.985
23085,ολυμπος,-50.0,-0.9647478260869566
23085,ολυμπος,150.0,-0.9504333333333334
23085,ολυμπος,269.0,-0.98185
23085,ολυμπος,448.0,0.0025000000000000022
23085,ολυμπος,950.0,-0.9602666666666666
