id,word,year,mean_weighted_sentiment
23111,ομβρος,-266.0,-0.9801
23111,ομβρος,-50.0,-0.9411333333333335
23111,ομβρος,150.0,-0.972075
23111,ομβρος,200.0,-0.9885
23111,ομβρος,269.0,-0.9815
23111,ομβρος,350.0,-0.8374
23111,ομβρος,950.0,-0.9716000000000001
