id,word,year,mean_weighted_sentiment
23140,ομιλια,-387.0,-0.7454
23140,ομιλια,-353.0,-0.9811
23140,ομιλια,-50.0,-0.94915
23140,ομιλια,150.0,-0.9423199999999999
23140,ομιλια,152.0,-0.9329
23140,ομιλια,311.0,-0.9678
23140,ομιλια,490.0,-0.8669
23140,ομιλια,950.0,-0.9767
23140,ομιλια,1118.0,-0.9795
