id,word,year,mean_weighted_sentiment
23270,ομφαλος,-353.0,-0.9888
23270,ομφαλος,-266.0,-0.9299
23270,ομφαλος,-50.0,-0.9720875
23270,ομφαλος,150.0,-0.9551
23270,ομφαλος,172.0,-0.9912
23270,ομφαλος,950.0,-0.9753000000000001
23270,ομφαλος,1118.0,-0.9638
