id,word,year,mean_weighted_sentiment
23147,ομνυμι,-353.0,-0.98245
23147,ομνυμι,-266.0,-0.7200624999999999
23147,ομνυμι,-155.0,-0.8985923076923077
23147,ομνυμι,-50.0,-0.8424184210526315
23147,ομνυμι,15.0,-0.91615
23147,ομνυμι,150.0,-0.9471
23147,ομνυμι,152.0,-0.9636
23147,ομνυμι,200.0,-0.3423333333333334
23147,ομνυμι,350.0,-0.8665
23147,ομνυμι,490.0,-0.9342
23147,ομνυμι,950.0,-0.6675666666666666
