id,word,year,mean_weighted_sentiment
23330,οντως,-50.0,-0.947
23330,οντως,15.0,-0.9185666666666666
23330,οντως,150.0,-0.967
23330,οντως,182.0,-0.9449
23330,οντως,200.0,-0.9909
23330,οντως,237.0,-0.9464333333333333
23330,οντως,311.0,-0.9838
23330,οντως,448.0,-0.9195666666666668
23330,οντως,550.0,-0.918
23330,οντως,1118.0,-0.927
