id,word,year,mean_weighted_sentiment
23315,ονομαι,-353.0,-0.993
23315,ονομαι,-266.0,-0.983
23315,ονομαι,-50.0,-0.57373
23315,ονομαι,150.0,-0.8534
23315,ονομαι,200.0,-0.990775
23315,ονομαι,205.0,-0.9826
23315,ονομαι,950.0,-0.9803428571428572
