id,word,year,mean_weighted_sentiment
23440,οπλον,-500.0,-0.9913666666666666
23440,οπλον,-450.0,-0.9911166666666666
23440,οπλον,-353.0,-0.9680833333333333
23440,οπλον,-266.0,-0.9592117647058823
23440,οπλον,-50.0,-0.9590379310344826
23440,οπλον,15.0,-0.9640500000000001
23440,οπλον,150.0,-0.9401285714285716
23440,οπλον,269.0,-0.9542875000000001
23440,οπλον,350.0,-0.9239499999999999
23440,οπλον,425.0,-0.959
23440,οπλον,490.0,-0.87034
23440,οπλον,950.0,-0.9810967741935485
23440,οπλον,1118.0,-0.9626
