id,word,year,mean_weighted_sentiment
23459,οποτε,-50.0,-0.9495777777777776
23459,οποτε,15.0,-0.9393000000000001
23459,οποτε,150.0,-0.9206
23459,οποτε,200.0,-0.9535
23459,οποτε,269.0,-0.9922
23459,οποτε,311.0,-0.9071
23459,οποτε,350.0,-0.9490333333333334
23459,οποτε,425.0,-0.95895
23459,οποτε,950.0,-0.93445
