id,word,year,mean_weighted_sentiment
23431,οπλιτης,-353.0,-0.9773499999999999
23431,οπλιτης,-50.0,-0.9502666666666667
23431,οπλιτης,150.0,-0.9332363636363635
23431,οπλιτης,152.0,-0.9245
23431,οπλιτης,200.0,-0.9778
23431,οπλιτης,425.0,-0.8511
23431,οπλιτης,490.0,-0.9727
23431,οπλιτης,950.0,-0.96785
