id,word,year,mean_weighted_sentiment
23418,οπισω,-266.0,-0.9542827586206897
23418,οπισω,-50.0,-0.956722857142857
23418,οπισω,15.0,-0.9626
23418,οπισω,150.0,-0.8718
23418,οπισω,200.0,-0.9674
