id,word,year,mean_weighted_sentiment
23455,οποσος,-415.0,-0.9842
23455,οποσος,-353.0,-0.9235
23455,οποσος,-50.0,-0.94974
23455,οποσος,-34.0,-0.8838
23455,οποσος,152.0,-0.9659999999999999
23455,οποσος,172.0,-0.90442
23455,οποσος,249.0,-0.9193
23455,οποσος,350.0,-0.90525
23455,οποσος,425.0,-0.8096
23455,οποσος,1118.0,-0.9679
