id,word,year,mean_weighted_sentiment
23420,οπλεω,-500.0,-0.9934
23420,οπλεω,-450.0,-0.9909799999999999
23420,οπλεω,-353.0,-0.9601333333333333
23420,οπλεω,-266.0,-0.947325
23420,οπλεω,-50.0,-0.9584690909090909
23420,οπλεω,15.0,-0.984
23420,οπλεω,150.0,-0.939625
23420,οπλεω,269.0,-0.9828
23420,οπλεω,350.0,-0.9263600000000001
23420,οπλεω,425.0,-0.9426
23420,οπλεω,490.0,-0.8549
23420,οπλεω,950.0,-0.9858000000000002
