id,word,year,mean_weighted_sentiment
23659,ορνυμι,-266.0,-0.9507833333333334
23659,ορνυμι,-50.0,-0.8732391304347827
23659,ορνυμι,49.0,-0.9696
23659,ορνυμι,172.0,-0.9842
23659,ορνυμι,200.0,-0.9796
23659,ορνυμι,269.0,-0.98845
23659,ορνυμι,320.0,-0.9028
23659,ορνυμι,950.0,-0.9811714285714285
