id,word,year,mean_weighted_sentiment
23605,οριος,-266.0,-0.9506884615384615
23605,οριος,-50.0,-0.9224399999999999
23605,οριος,147.0,-0.9641500000000001
23605,οριος,150.0,-0.9382499999999999
23605,οριος,219.0,-0.941
23605,οριος,350.0,-0.9786
23605,οριος,490.0,-0.8531
23605,οριος,550.0,-0.91
23605,οριος,950.0,-0.9783428571428573
