id,word,year,mean_weighted_sentiment
23726,ορχησις,-50.0,-0.9785499999999999
23726,ορχησις,350.0,-0.6171166666666666
