id,word,year,mean_weighted_sentiment
23619,ορκοω,-450.0,-0.9862
23619,ορκοω,-353.0,-0.9692000000000001
23619,ορκοω,-266.0,-0.95095
23619,ορκοω,-50.0,-0.9510655172413793
23619,ορκοω,150.0,-0.9671
23619,ορκοω,152.0,-0.9548
23619,ορκοω,200.0,-0.9597666666666668
23619,ορκοω,425.0,-0.9598
23619,ορκοω,448.0,-0.95055
23619,ορκοω,490.0,-0.9112333333333332
23619,ορκοω,950.0,-0.9622399999999999
