id,word,year,mean_weighted_sentiment
23664,ορομαι,-266.0,-0.9507833333333334
23664,ορομαι,-50.0,-0.95325
23664,ορομαι,49.0,-0.9696
23664,ορομαι,269.0,-0.9915
23664,ορομαι,950.0,-0.9836999999999999
