id,word,year,mean_weighted_sentiment
23722,ορχεομαι,-50.0,-0.9811666666666667
23722,ορχεομαι,350.0,-0.85085
23722,ορχεομαι,950.0,-0.9838
