id,word,year,mean_weighted_sentiment
23594,ορθρος,-500.0,-0.992
23594,ορθρος,-266.0,-0.9526399999999999
23594,ορθρος,-50.0,-0.963311111111111
23594,ορθρος,200.0,-0.9528
23594,ορθρος,350.0,-0.9599
23594,ορθρος,950.0,-0.9723200000000001
