id,word,year,mean_weighted_sentiment
23704,ορυσσω,-450.0,-0.992
23704,ορυσσω,-266.0,-0.9821
23704,ορυσσω,-50.0,-0.9805
23704,ορυσσω,172.0,-0.9848
23704,ορυσσω,350.0,-0.93485
23704,ορυσσω,352.0,-0.9891
23704,ορυσσω,425.0,0.5507
23704,ορυσσω,490.0,-0.9226
23704,ορυσσω,950.0,-0.9822000000000001
