id,word,year,mean_weighted_sentiment
23736,ορχις,-50.0,-0.9622
23736,ορχις,172.0,-0.9836666666666667
23736,ορχις,350.0,-0.8975250000000001
23736,ορχις,950.0,-0.9915
