id,word,year,mean_weighted_sentiment
23497,οργαινω,-479.0,-0.9467
23497,οργαινω,-353.0,-0.9525666666666667
23497,οργαινω,-266.0,-0.98815
23497,οργαινω,-50.0,-0.93845
23497,οργαινω,15.0,-0.9504
23497,οργαινω,147.0,-0.9574750000000001
23497,οργαινω,150.0,-0.838875
23497,οργαινω,200.0,-0.8896199999999999
23497,οργαινω,237.0,-0.9648
23497,οργαινω,311.0,-0.9322
23497,οργαινω,350.0,-0.973
23497,οργαινω,950.0,-0.9800882352941177
