id,word,year,mean_weighted_sentiment
23658,ορνις,-479.0,-0.9839
23658,ορνις,-450.0,-0.9906
23658,ορνις,-353.0,-0.8276235294117646
23658,ορνις,-155.0,-0.9301222222222223
23658,ορνις,-50.0,-0.8563315789473686
23658,ορνις,15.0,-0.9629
23658,ορνις,127.0,-0.9505
23658,ορνις,150.0,-0.9471294117647058
23658,ορνις,200.0,-0.8444307692307691
23658,ορνις,350.0,-0.993
23658,ορνις,359.0,-0.8704
23658,ορνις,950.0,-0.966031818181818
