id,word,year,mean_weighted_sentiment
23745,οσιος,-387.0,-0.9886
23745,οσιος,-353.0,-0.9747
23745,οσιος,-266.0,-0.2920714285714286
23745,οσιος,-50.0,-0.9581500000000001
23745,οσιος,299.0,-0.9793
23745,οσιος,425.0,-0.889575
