id,word,year,mean_weighted_sentiment
23842,ουκουν,-490.0,-0.9916250000000001
23842,ουκουν,-479.0,-0.929
23842,ουκουν,-450.0,-0.9913666666666666
23842,ουκουν,-353.0,-0.9064000000000001
23842,ουκουν,-50.0,-0.94808
23842,ουκουν,49.0,-0.9321
23842,ουκουν,150.0,-0.97565
23842,ουκουν,152.0,-0.9846999999999999
23842,ουκουν,299.0,-0.9142
23842,ουκουν,311.0,-0.9275500000000001
23842,ουκουν,350.0,-0.9440363636363636
23842,ουκουν,425.0,-0.8863
23842,ουκουν,950.0,-0.97506
