id,word,year,mean_weighted_sentiment
23857,ουλος,-50.0,-0.9730916666666668
23857,ουλος,172.0,-0.9845666666666667
23857,ουλος,950.0,-0.9913000000000001
