id,word,year,mean_weighted_sentiment
23916,ουρον,-266.0,-0.99
23916,ουρον,-155.0,-0.9107466666666666
23916,ουρον,-50.0,-0.8301928571428571
23916,ουρον,147.0,-0.9671
23916,ουρον,150.0,-0.8976
23916,ουρον,172.0,-0.9650363636363636
23916,ουρον,200.0,-0.9082
23916,ουρον,269.0,-0.9794499999999999
23916,ουρον,425.0,-0.9006
23916,ουρον,447.0,-0.9056
23916,ουρον,950.0,-0.9801125
