id,word,year,mean_weighted_sentiment
23817,ουδαμος,-490.0,0.0010000000000000009
23817,ουδαμος,-479.0,-0.9695
23817,ουδαμος,-450.0,-0.99195
23817,ουδαμος,-353.0,-0.992
23817,ουδαμος,-50.0,-0.8807600000000001
23817,ουδαμος,150.0,-0.9413
23817,ουδαμος,152.0,-0.9528
23817,ουδαμος,200.0,-0.9375999999999999
23817,ουδαμος,269.0,-0.3259
23817,ουδαμος,350.0,-0.9236500000000001
23817,ουδαμος,448.0,-0.9326
23817,ουδαμος,530.0,-0.8331
23817,ουδαμος,950.0,-0.9800555555555557
