id,word,year,mean_weighted_sentiment
23886,ουρανια,-490.0,-0.9949
23886,ουρανια,-450.0,-0.9938
23886,ουρανια,-50.0,-0.9629714285714285
23886,ουρανια,182.0,-0.9782
23886,ουρανια,550.0,-0.952
23886,ουρανια,950.0,-0.95726
