id,word,year,mean_weighted_sentiment
23837,ουθαρ,-50.0,-0.32783333333333337
23837,ουθαρ,950.0,-0.99015
