id,word,year,mean_weighted_sentiment
23943,οφειλω,-266.0,-0.9722500000000001
23943,οφειλω,-50.0,-0.9604047619047618
23943,οφειλω,49.0,-0.9111800000000001
23943,οφειλω,150.0,-0.9514
23943,οφειλω,172.0,-0.9646
23943,οφειλω,200.0,-0.9266000000000001
23943,οφειλω,269.0,-0.9652
23943,οφειλω,350.0,-0.94205
23943,οφειλω,425.0,-0.9447
23943,οφειλω,950.0,-0.9751500000000001
