id,word,year,mean_weighted_sentiment
23993,οχυρος,-266.0,-0.38260000000000005
23993,οχυρος,-149.0,0.9903
23993,οχυρος,-50.0,-0.95545
23993,οχυρος,150.0,-0.93375
