id,word,year,mean_weighted_sentiment
24014,οψον,-249.0,-0.8585
24014,οψον,-50.0,0.06255000000000005
24014,οψον,200.0,-0.472625
24014,οψον,205.0,-0.9865
24014,οψον,352.0,-0.9895
24014,οψον,950.0,-0.8179916666666666
