id,word,year,mean_weighted_sentiment
25036,παρεπομαι,-50.0,-0.9549166666666666
25036,παρεπομαι,200.0,-0.3710333333333333
