id,word,year,mean_weighted_sentiment
25105,παριστημι,-490.0,0.9876
25105,παριστημι,-450.0,-0.9922
25105,παριστημι,-266.0,-0.8846
25105,παριστημι,-50.0,-0.8166333333333333
25105,παριστημι,150.0,-0.957475
25105,παριστημι,200.0,-0.9566333333333333
25105,παριστημι,448.0,-0.9886
25105,παριστημι,1118.0,-0.9689
