id,word,year,mean_weighted_sentiment
24711,παραλιος,-490.0,-0.9743
24711,παραλιος,-353.0,-0.95586
24711,παραλιος,-266.0,-0.9615666666666667
24711,παραλιος,-149.0,-0.9887
24711,παραλιος,-50.0,-0.9272
24711,παραλιος,127.0,-0.9436
24711,παραλιος,490.0,-0.9159
24711,παραλιος,950.0,-0.9843
