id,word,year,mean_weighted_sentiment
24087,παιδεια,-387.0,-0.9944
24087,παιδεια,-353.0,-0.9109
24087,παιδεια,-266.0,-0.974617142857143
24087,παιδεια,-50.0,-0.95192
24087,παιδεια,15.0,-0.92638
24087,παιδεια,147.0,-0.9293142857142856
24087,παιδεια,150.0,-0.9624
24087,παιδεια,152.0,-0.9443
24087,παιδεια,299.0,-0.9455666666666667
24087,παιδεια,350.0,-0.9458
24087,παιδεια,352.0,-0.99285
24087,παιδεια,448.0,-0.9619333333333334
24087,παιδεια,490.0,-0.8589
24087,παιδεια,950.0,-0.9886333333333334
