id,word,year,mean_weighted_sentiment
24762,παρανομεω,-353.0,-0.9775499999999999
24762,παρανομεω,-266.0,-0.9872142857142858
24762,παρανομεω,150.0,-0.9680666666666666
24762,παρανομεω,200.0,-0.9314
24762,παρανομεω,425.0,-0.9755
24762,παρανομεω,950.0,-0.97915
