id,word,year,mean_weighted_sentiment
24437,πανουργια,-266.0,-0.9778666666666668
24437,πανουργια,147.0,-0.93615
24437,πανουργια,200.0,-0.99
24437,πανουργια,950.0,-0.9837
