id,word,year,mean_weighted_sentiment
25006,παρελκω,-50.0,-0.7592444444444444
25006,παρελκω,200.0,-0.9286
25006,παρελκω,950.0,-0.9654333333333333
