id,word,year,mean_weighted_sentiment
24261,παλλακις,-50.0,-0.9583375
24261,παλλακις,150.0,-0.9670666666666667
24261,παλλακις,152.0,-0.8744999999999999
24261,παλλακις,269.0,-0.98285
