id,word,year,mean_weighted_sentiment
24573,παραδιδωμι,-353.0,-0.027049999999999963
24573,παραδιδωμι,-50.0,-0.9876
24573,παραδιδωμι,147.0,-0.9479500000000001
24573,παραδιδωμι,150.0,-0.9742
24573,παραδιδωμι,200.0,-0.9595250000000001
24573,παραδιδωμι,219.0,-0.93
24573,παραδιδωμι,425.0,-0.8988333333333333
24573,παραδιδωμι,490.0,-0.8677799999999998
24573,παραδιδωμι,950.0,-0.9731749999999999
