id,word,year,mean_weighted_sentiment
24364,πανδημος,-450.0,-0.9309499999999999
24364,πανδημος,150.0,-0.9586333333333332
24364,πανδημος,350.0,-0.9477
24364,πανδημος,950.0,-0.9884999999999999
