id,word,year,mean_weighted_sentiment
24765,παρανομος,-353.0,-0.9850333333333333
24765,παρανομος,-266.0,-0.9856375
24765,παρανομος,15.0,-0.9788
24765,παρανομος,150.0,-0.98685
24765,παρανομος,200.0,-0.9314
24765,παρανομος,219.0,-0.9341
24765,παρανομος,425.0,-0.9248666666666666
24765,παρανομος,950.0,-0.9821
24765,παρανομος,1127.0,-0.9927
