id,word,year,mean_weighted_sentiment
24323,παναθηναια,-353.0,-0.9467333333333334
24323,παναθηναια,150.0,-0.9820500000000001
24323,παναθηναια,950.0,-0.97525
