id,word,year,mean_weighted_sentiment
24066,παθημα,-353.0,-0.9334666666666668
24066,παθημα,-50.0,-0.9226333333333335
24066,παθημα,150.0,-0.94208
24066,παθημα,172.0,-0.9097
24066,παθημα,237.0,-0.9811
24066,παθημα,299.0,-0.9272999999999999
24066,παθημα,311.0,-0.8803
24066,παθημα,425.0,-0.9498
24066,παθημα,530.0,-0.9815
