id,word,year,mean_weighted_sentiment
24473,παντοθεν,-353.0,0.7776
24473,παντοθεν,-266.0,-0.9739
24473,παντοθεν,-50.0,-0.9660111111111112
24473,παντοθεν,425.0,-0.9263
24473,παντοθεν,950.0,-0.989725
