id,word,year,mean_weighted_sentiment
25625,περιειμι,-490.0,-0.9933
25625,περιειμι,-450.0,-0.9903
25625,περιειμι,-50.0,-0.955625
25625,περιειμι,150.0,-0.89205
25625,περιειμι,152.0,-0.933
25625,περιειμι,200.0,0.009699999999999986
25625,περιειμι,350.0,-0.9134
25625,περιειμι,425.0,-0.85835
25625,περιειμι,490.0,-0.8792666666666666
25625,περιειμι,550.0,-0.9872
25625,περιειμι,950.0,-0.9830166666666665
25625,περιειμι,1118.0,-0.9589
