id,word,year,mean_weighted_sentiment
25430,πενης,-353.0,-0.97028
25430,πενης,-266.0,-0.6632645161290321
25430,πενης,-50.0,-0.94862
25430,πενης,15.0,-0.9357
25430,πενης,150.0,-0.9533444444444447
25430,πενης,152.0,-0.9601666666666667
25430,πενης,200.0,-0.9744333333333333
25430,πενης,219.0,-0.9510333333333333
25430,πενης,350.0,-0.9401999999999999
25430,πενης,950.0,-0.9831333333333333
