id,word,year,mean_weighted_sentiment
25976,περιφερω,-50.0,-0.9565666666666667
25976,περιφερω,150.0,-0.91785
25976,περιφερω,448.0,-0.9355
