id,word,year,mean_weighted_sentiment
25295,πεδιευς,-490.0,-0.9772
25295,πεδιευς,-450.0,-0.9865666666666666
25295,πεδιευς,-266.0,-0.33143333333333336
25295,πεδιευς,-149.0,-0.9936
25295,πεδιευς,-50.0,-0.97105
25295,πεδιευς,127.0,-0.9729
25295,πεδιευς,950.0,-0.99275
