id,word,year,mean_weighted_sentiment
26043,περσις,-266.0,-0.9470999999999999
26043,περσις,150.0,-0.97402
26043,περσις,425.0,-0.4086666666666667
26043,περσις,1118.0,-0.9367
