id,word,year,mean_weighted_sentiment
26052,πεσος,-500.0,-0.9869
26052,πεσος,-490.0,-0.9937
26052,πεσος,-50.0,-0.978525
26052,πεσος,200.0,-0.992175
