id,word,year,mean_weighted_sentiment
25426,πεμπω,-450.0,-0.9906
25426,πεμπω,-50.0,-0.9231888888888888
25426,πεμπω,15.0,-0.9887
25426,πεμπω,49.0,-0.9085
25426,πεμπω,150.0,-0.831125
25426,πεμπω,200.0,-0.9933
25426,πεμπω,237.0,-0.882
25426,πεμπω,350.0,-0.8860666666666667
25426,πεμπω,425.0,-0.7847
25426,πεμπω,490.0,-0.9101333333333333
25426,πεμπω,950.0,-0.9733714285714287
