id,word,year,mean_weighted_sentiment
25538,περαν,-490.0,-0.9919
25538,περαν,-266.0,-0.9562222222222222
25538,περαν,-149.0,-0.9917
25538,περαν,-50.0,-0.98785
25538,περαν,352.0,-0.9835
25538,περαν,950.0,-0.96895
