id,word,year,mean_weighted_sentiment
25338,πειραιευς,-353.0,-0.97655
25338,πειραιευς,150.0,-0.9519249999999999
25338,πειραιευς,200.0,-0.9914
25338,πειραιευς,490.0,-0.8958
25338,πειραιευς,950.0,-0.96215
