id,word,year,mean_weighted_sentiment
25403,πελος,-500.0,-0.9916
25403,πελος,-490.0,-0.98895
25403,πελος,-450.0,-0.23294285714285712
25403,πελος,-149.0,-0.9933
25403,πελος,-50.0,-0.9267600000000001
25403,πελος,-34.0,0.9967
25403,πελος,127.0,-0.8507
25403,πελος,150.0,-0.9608
25403,πελος,200.0,-0.9562352941176471
25403,πελος,269.0,-0.9018
25403,πελος,950.0,-0.9567
