id,word,year,mean_weighted_sentiment
26066,πετεινος,-500.0,-0.9835
26066,πετεινος,-266.0,-0.9700846153846154
26066,πετεινος,-50.0,-0.9533666666666667
26066,πετεινος,950.0,-0.9718666666666667
