id,word,year,mean_weighted_sentiment
25546,περατος,-300.0,-0.8697
25546,περατος,-266.0,-0.7586818181818181
25546,περατος,-155.0,-0.9924
25546,περατος,-50.0,-0.76725
25546,περατος,127.0,-0.9512
25546,περατος,147.0,-0.9597
25546,περατος,150.0,-0.8747
25546,περατος,200.0,-0.9171
25546,περατος,320.0,-0.8864
25546,περατος,550.0,-0.87025
