id,word,year,mean_weighted_sentiment
26111,πηδαλιον,-155.0,0.10129999999999999
26111,πηδαλιον,-50.0,-0.9902
26111,πηδαλιον,147.0,-0.9304
26111,πηδαλιον,150.0,-0.92666
26111,πηδαλιον,950.0,-0.9741249999999999
