id,word,year,mean_weighted_sentiment
26156,πηρα,152.0,-0.9265
26156,πηρα,200.0,-0.88146
26156,πηρα,950.0,-0.94855
