id,word,year,mean_weighted_sentiment
26112,πηδαω,-450.0,-0.9906
26112,πηδαω,-50.0,-0.9608833333333333
26112,πηδαω,150.0,-0.9629
26112,πηδαω,200.0,-0.98002
26112,πηδαω,950.0,-0.9841666666666667
