id,word,year,mean_weighted_sentiment
26109,πηγος,-490.0,-0.9893
26109,πηγος,-479.0,-0.9877
26109,πηγος,-415.0,-0.9841
26109,πηγος,-266.0,-0.7845818181818182
26109,πηγος,-50.0,-0.9362874999999999
26109,πηγος,49.0,-0.8882
26109,πηγος,127.0,-0.9901
26109,πηγος,150.0,-0.9274555555555555
26109,πηγος,200.0,-0.9919
26109,πηγος,269.0,-0.9851000000000001
26109,πηγος,299.0,-0.16595000000000004
26109,πηγος,350.0,-0.9566
26109,πηγος,425.0,-0.9479
26109,πηγος,950.0,-0.9791500000000001
