id,word,year,mean_weighted_sentiment
26126,πηλιον,-149.0,-0.99205
26126,πηλιον,-50.0,-0.9667600000000001
26126,πηλιον,150.0,-0.9946
26126,πηλιον,269.0,-0.8629
26126,πηλιον,950.0,-0.9927
