id,word,year,mean_weighted_sentiment
26227,πιναξ,-353.0,-0.986
26227,πιναξ,-100.0,-0.94
26227,πιναξ,-50.0,-0.9503499999999999
26227,πιναξ,127.0,-0.929875
26227,πιναξ,150.0,-0.8601
26227,πιναξ,950.0,-0.9694
