id,word,year,mean_weighted_sentiment
26202,πικρος,-490.0,-0.9895
26202,πικρος,-450.0,-0.9914499999999999
26202,πικρος,-266.0,-0.9711
26202,πικρος,-50.0,-0.9560500000000001
26202,πικρος,150.0,-0.95006
26202,πικρος,200.0,-0.9917000000000001
26202,πικρος,350.0,-0.9579999999999999
26202,πικρος,425.0,-0.9898
26202,πικρος,447.0,-0.8813
