id,word,year,mean_weighted_sentiment
26224,πινακις,-50.0,-0.9552666666666667
26224,πινακις,127.0,-0.929875
26224,πινακις,150.0,-0.91245
