id,word,year,mean_weighted_sentiment
26205,πιλεω,-353.0,-0.9129
26205,πιλεω,-50.0,-0.96705
26205,πιλεω,150.0,-0.9929
26205,πιλεω,950.0,-0.98535
