id,word,year,mean_weighted_sentiment
26283,πιτυς,-50.0,-0.93266
26283,πιτυς,150.0,-0.8980666666666668
26283,πιτυς,172.0,-0.9881
