id,word,year,mean_weighted_sentiment
26340,πλατανος,-50.0,-0.9551999999999999
26340,πλατανος,127.0,-0.9934
26340,πλατανος,150.0,-0.9391
26340,πλατανος,352.0,-0.9873000000000001
