id,word,year,mean_weighted_sentiment
26343,πλατειον,-266.0,-0.9749
26343,πλατειον,-50.0,-0.9925999999999999
26343,πλατειον,-34.0,-0.9435
26343,πλατειον,150.0,-0.98285
26343,πλατειον,950.0,-0.96435
