id,word,year,mean_weighted_sentiment
26288,πλαγιαζω,-50.0,-0.9617285714285714
26288,πλαγιαζω,448.0,-0.9761
26288,πλαγιαζω,950.0,-0.9889333333333333
