id,word,year,mean_weighted_sentiment
26342,πλατεια,-353.0,-0.8844000000000001
26342,πλατεια,-266.0,-0.9742999999999999
26342,πλατεια,-50.0,-0.9697
26342,πλατεια,-34.0,-0.9435
26342,πλατεια,127.0,-0.97
26342,πλατεια,150.0,-0.98285
26342,πλατεια,200.0,-0.9697333333333332
26342,πλατεια,490.0,-0.9125
26342,πλατεια,950.0,-0.96435
