id,word,year,mean_weighted_sentiment
26366,πλεθρον,-50.0,-0.9761
26366,πλεθρον,150.0,-0.96089375
26366,πλεθρον,200.0,-0.9923
26366,πλεθρον,350.0,-0.9528000000000001
26366,πλεθρον,950.0,-0.97625
