id,word,year,mean_weighted_sentiment
26439,πλησμονη,-266.0,-0.97445
26439,πλησμονη,-50.0,-0.9779
26439,πλησμονη,150.0,-0.9528
26439,πλησμονη,172.0,-0.9904999999999999
26439,πλησμονη,350.0,-0.9649
