id,word,year,mean_weighted_sentiment
26505,πνοη,-415.0,-0.973
26505,πνοη,-266.0,-0.96785
26505,πνοη,-149.0,-0.9908
26505,πνοη,-50.0,-0.9746500000000001
26505,πνοη,200.0,-0.005300000000000027
26505,πνοη,269.0,-0.9657
26505,πνοη,950.0,-0.98915
