id,word,year,mean_weighted_sentiment
26494,πνευμων,-479.0,-0.9387
26494,πνευμων,-415.0,-0.9795333333333334
26494,πνευμων,-353.0,-0.71905
26494,πνευμων,-50.0,-0.9569166666666667
26494,πνευμων,172.0,-0.9872142857142858
26494,πνευμων,200.0,-0.9415
26494,πνευμων,352.0,-0.9933
26494,πνευμων,447.0,-0.952
26494,πνευμων,950.0,-0.9879333333333333
