id,word,year,mean_weighted_sentiment
27144,πορω,-490.0,-0.6024700000000001
27144,πορω,-450.0,-0.9936
27144,πορω,-266.0,-0.9314
27144,πορω,-149.0,-0.9892
27144,πορω,-50.0,-0.8329689655172413
27144,πορω,150.0,-0.9581
27144,πορω,200.0,-0.9874142857142857
27144,πορω,237.0,-0.825
27144,πορω,269.0,-0.9881
27144,πορω,311.0,-0.8851
27144,πορω,425.0,0.7351
27144,πορω,447.0,-0.8959666666666668
27144,πορω,530.0,-0.93772
27144,πορω,950.0,-0.985
