id,word,year,mean_weighted_sentiment
27170,ποταμιος,-353.0,-0.9469999999999998
27170,ποταμιος,-149.0,-0.8016
27170,ποταμιος,-50.0,-0.7255857142857142
27170,ποταμιος,150.0,-0.9078999999999999
27170,ποταμιος,950.0,-0.9881
