id,word,year,mean_weighted_sentiment
26604,ποινη,-490.0,-0.9876999999999999
26604,ποινη,-50.0,-0.96114
26604,ποινη,950.0,-0.9831333333333333
