id,word,year,mean_weighted_sentiment
27112,πορνεια,-266.0,-0.9795
27112,πορνεια,-50.0,-0.9657749999999999
27112,πορνεια,350.0,-0.9758666666666667
27112,πορνεια,950.0,-0.978275
