id,word,year,mean_weighted_sentiment
27065,ποντιζω,-500.0,-0.9832
27065,ποντιζω,-490.0,-0.81214
27065,ποντιζω,-450.0,-0.9932
27065,ποντιζω,-50.0,-0.9496399999999999
27065,ποντιζω,127.0,-0.9562499999999999
27065,ποντιζω,150.0,-0.9575750000000001
27065,ποντιζω,172.0,-0.98735
27065,ποντιζω,200.0,-0.9915
27065,ποντιζω,490.0,-0.9241
27065,ποντιζω,950.0,-0.97245
