id,word,year,mean_weighted_sentiment
26694,πολος,-387.0,-0.982
26694,πολος,-155.0,-0.931376923076923
26694,πολος,-50.0,-0.9443904761904762
26694,πολος,15.0,-0.8658
26694,πολος,127.0,-0.9477
26694,πολος,147.0,-0.9502
26694,πολος,150.0,-0.9573444444444443
26694,πολος,320.0,-0.96385
26694,πολος,352.0,-0.9905
26694,πολος,950.0,-0.985
