id,word,year,mean_weighted_sentiment
27187,ποτηριον,-266.0,-0.33449999999999996
27187,ποτηριον,-50.0,-0.9435083333333334
27187,ποτηριον,425.0,-0.9185
27187,ποτηριον,950.0,-0.9759722222222224
