id,word,year,mean_weighted_sentiment
27066,ποντικος,-149.0,-0.6587399999999999
27066,ποντικος,127.0,-0.9457500000000001
27066,ποντικος,150.0,-0.9429
27066,ποντικος,152.0,-0.9391
27066,ποντικος,172.0,-0.983725
27066,ποντικος,425.0,-0.9443
27066,ποντικος,950.0,-0.9875
