id,word,year,mean_weighted_sentiment
26630,πολεμικος,-387.0,-0.9935
26630,πολεμικος,-266.0,-0.902
26630,πολεμικος,-50.0,-0.8919400000000001
26630,πολεμικος,127.0,-0.9482333333333334
26630,πολεμικος,147.0,-0.9606
26630,πολεμικος,150.0,-0.95235
26630,πολεμικος,152.0,-0.9858
26630,πολεμικος,448.0,-0.9513
26630,πολεμικος,490.0,-0.822
26630,πολεμικος,950.0,-0.9839428571428572
