id,word,year,mean_weighted_sentiment
26674,πολιτικος,-550.0,-0.9579
26674,πολιτικος,-387.0,-0.976625
26674,πολιτικος,-353.0,-0.8027583333333334
26674,πολιτικος,-50.0,-0.9676
26674,πολιτικος,147.0,-0.9235500000000001
26674,πολιτικος,150.0,-0.9347428571428571
26674,πολιτικος,448.0,-0.7436375
26674,πολιτικος,950.0,-0.9714923076923075
26674,πολιτικος,1127.0,-0.93155
