id,word,year,mean_weighted_sentiment
26611,ποιοτης,-479.0,-0.9197583333333332
26611,ποιοτης,-50.0,-0.9453
26611,ποιοτης,172.0,-0.9833
26611,ποιοτης,200.0,-0.75965
26611,ποιοτης,237.0,-0.9390999999999999
26611,ποιοτης,530.0,-0.9551
26611,ποιοτης,550.0,-0.9595
