id,word,year,mean_weighted_sentiment
26545,ποθι,-450.0,-0.8322666666666666
26545,ποθι,-50.0,-0.9694333333333334
26545,ποθι,269.0,-0.989
26545,ποθι,950.0,-0.9921
