id,word,year,mean_weighted_sentiment
26614,ποι,-450.0,-0.9915666666666666
26614,ποι,-50.0,-0.9383800000000001
26614,ποι,150.0,-0.9623333333333334
26614,ποι,152.0,-0.9734
26614,ποι,200.0,-0.96385
26614,ποι,350.0,-0.9868
26614,ποι,448.0,-0.9596
26614,ποι,950.0,-0.988475
26614,ποι,1118.0,-0.9187
