id,word,year,mean_weighted_sentiment
26656,πολιορκεω,-353.0,-0.9905
26656,πολιορκεω,-50.0,-0.9481555555555554
26656,πολιορκεω,150.0,-0.95684
26656,πολιορκεω,350.0,-0.9725
26656,πολιορκεω,490.0,-0.8561000000000001
26656,πολιορκεω,950.0,-0.96645
