id,word,year,mean_weighted_sentiment
27056,πονηρια,-353.0,-0.9933000000000001
27056,πονηρια,-266.0,-0.9777263157894738
27056,πονηρια,150.0,-0.9728333333333333
27056,πονηρια,200.0,-0.9767
27056,πονηρια,219.0,-0.9707
27056,πονηρια,299.0,-0.9310499999999999
27056,πονηρια,311.0,-0.9549
27056,πονηρια,350.0,-0.987
27056,πονηρια,425.0,-0.9715666666666666
27056,πονηρια,950.0,-0.9798428571428571
