id,word,year,mean_weighted_sentiment
27285,πρεσβυτης,-353.0,-0.40709999999999996
27285,πρεσβυτης,-266.0,-0.971825
27285,πρεσβυτης,-50.0,-0.9400999999999999
27285,πρεσβυτης,150.0,-0.9283
27285,πρεσβυτης,172.0,-0.9827333333333333
27285,πρεσβυτης,182.0,-0.9428
27285,πρεσβυτης,200.0,-0.9756666666666667
27285,πρεσβυτης,425.0,-0.423475
