id,word,year,mean_weighted_sentiment
28107,προσηκω,-50.0,-0.9299
28107,προσηκω,-34.0,-0.98005
28107,προσηκω,147.0,-0.9482
28107,προσηκω,150.0,-0.9529666666666666
28107,προσηκω,172.0,-0.9925
28107,προσηκω,200.0,-0.5706
28107,προσηκω,237.0,-0.9819
28107,προσηκω,350.0,-0.9080166666666667
28107,προσηκω,490.0,-0.8751
28107,προσηκω,530.0,-0.9319
