id,word,year,mean_weighted_sentiment
27240,πραος,-353.0,-0.9858
27240,πραος,-266.0,-0.18652857142857143
27240,πραος,-50.0,-0.95314
27240,πραος,150.0,-0.9746
27240,πραος,200.0,-0.9843500000000001
27240,πραος,219.0,-0.9261999999999999
27240,πραος,350.0,-0.9494
27240,πραος,425.0,-0.9365
27240,πραος,950.0,-0.9829749999999999
