id,word,year,mean_weighted_sentiment
28596,πρυμνος,-155.0,-0.94228
28596,πρυμνος,-50.0,-0.9689642857142857
28596,πρυμνος,150.0,-0.84625
28596,πρυμνος,950.0,-0.965725
