id,word,year,mean_weighted_sentiment
28505,προτιθημι,-550.0,-0.9863
28505,προτιθημι,-479.0,-0.92055
28505,προτιθημι,-50.0,-0.9667666666666666
28505,προτιθημι,161.0,-0.9915
28505,προτιθημι,200.0,-0.9564999999999999
28505,προτιθημι,425.0,-0.9453
28505,προτιθημι,530.0,-0.9313
28505,προτιθημι,950.0,-0.983
