id,word,year,mean_weighted_sentiment
27574,προηγεομαι,-155.0,-0.81
27574,προηγεομαι,-50.0,-0.9296500000000001
27574,προηγεομαι,200.0,-0.16915000000000002
27574,προηγεομαι,219.0,-0.9473
27574,προηγεομαι,350.0,-0.9321
27574,προηγεομαι,352.0,-0.9907
27574,προηγεομαι,448.0,-0.9355
