id,word,year,mean_weighted_sentiment
27600,προθυμος,-450.0,0.9467
27600,προθυμος,-353.0,-0.9796
27600,προθυμος,-50.0,-0.8100083333333333
27600,προθυμος,269.0,-0.9272
27600,προθυμος,311.0,-0.7715
27600,προθυμος,425.0,0.7616
27600,προθυμος,950.0,-0.9853000000000001
