id,word,year,mean_weighted_sentiment
27294,πρηνης,-500.0,-0.98675
27294,πρηνης,-353.0,-0.9456
27294,πρηνης,-50.0,-0.47141666666666665
