id,word,year,mean_weighted_sentiment
28079,προσερεω,-353.0,-0.97385
28079,προσερεω,-266.0,-0.9854
28079,προσερεω,-50.0,-0.7898727272727272
28079,προσερεω,15.0,-0.9337500000000001
28079,προσερεω,150.0,-0.9327
28079,προσερεω,200.0,-0.6897
28079,προσερεω,237.0,-0.8611
28079,προσερεω,269.0,-0.9932
28079,προσερεω,350.0,-0.9206
28079,προσερεω,352.0,-0.84175
28079,προσερεω,425.0,-0.9178
28079,προσερεω,530.0,-0.9447333333333333
28079,προσερεω,950.0,-0.9714333333333333
