id,word,year,mean_weighted_sentiment
27498,προειμι,-50.0,-0.9655400000000001
27498,προειμι,150.0,-0.9307
27498,προειμι,200.0,-0.9496250000000002
27498,προειμι,448.0,-0.9465
27498,προειμι,490.0,-0.84135
27498,προειμι,950.0,-0.994
