id,word,year,mean_weighted_sentiment
28611,πρων,-50.0,-0.5796399999999999
28611,πρων,150.0,-0.9953
28611,πρων,950.0,-0.9882333333333334
