id,word,year,mean_weighted_sentiment
28167,προσκειμαι,-50.0,-0.9143666666666667
28167,προσκειμαι,200.0,-0.9524250000000001
28167,προσκειμαι,425.0,-0.8903
28167,προσκειμαι,1127.0,-0.9364
