id,word,year,mean_weighted_sentiment
27610,προιξ,-353.0,-0.9773000000000001
27610,προιξ,-50.0,-0.9696
27610,προιξ,152.0,-0.9448
27610,προιξ,950.0,-0.9880250000000002
