id,word,year,mean_weighted_sentiment
27318,προαγω,-353.0,-0.9884
27318,προαγω,-50.0,-0.9518
27318,προαγω,200.0,-0.54342
27318,προαγω,950.0,-0.9865666666666667
