id,word,year,mean_weighted_sentiment
27301,πριαμος,-50.0,-0.9495333333333335
27301,πριαμος,150.0,-0.9462333333333334
27301,πριαμος,269.0,-0.9750666666666666
27301,πριαμος,950.0,-0.9712500000000001
