id,word,year,mean_weighted_sentiment
28672,πτερυγιον,-353.0,-0.9107
28672,πτερυγιον,-155.0,-0.9095500000000001
28672,πτερυγιον,-50.0,-0.9335999999999999
28672,πτερυγιον,950.0,-0.9945
