id,word,year,mean_weighted_sentiment
28649,πταισμα,-50.0,-0.97506
28649,πταισμα,150.0,-0.8932
28649,πταισμα,200.0,-0.9593
28649,πταισμα,299.0,-0.9479500000000001
