id,word,year,mean_weighted_sentiment
28674,πτερυξ,-490.0,-0.99195
28674,πτερυξ,-353.0,-0.9200666666666667
28674,πτερυξ,-266.0,-0.4122
28674,πτερυξ,-155.0,-0.912425
28674,πτερυξ,-50.0,-0.9619428571428571
28674,πτερυξ,150.0,-0.9625
28674,πτερυξ,200.0,-0.909
28674,πτερυξ,425.0,-0.9119
28674,πτερυξ,448.0,-0.9876
28674,πτερυξ,950.0,-0.95445
