id,word,year,mean_weighted_sentiment
28819,πυξ,-50.0,-0.98875
28819,πυξ,950.0,-0.9655999999999999
