id,word,year,mean_weighted_sentiment
28898,πυροω,-353.0,-0.9172
28898,πυροω,-266.0,-0.9817199999999999
28898,πυροω,127.0,-0.9809
28898,πυροω,150.0,-0.9114199999999999
28898,πυροω,200.0,-0.9898
28898,πυροω,269.0,-0.9786
28898,πυροω,447.0,-0.9294
28898,πυροω,950.0,-0.9811777777777778
