id,word,year,mean_weighted_sentiment
28956,πωμαζω,-50.0,-0.9874
28956,πωμαζω,150.0,-0.947
28956,πωμαζω,172.0,-0.9907
28956,πωμαζω,200.0,-0.9675333333333332
28956,πωμαζω,950.0,-0.17600000000000005
