id,word,year,mean_weighted_sentiment
28936,πωγων,-266.0,0.08725
28936,πωγων,200.0,-0.9933
28936,πωγων,950.0,-0.9870166666666668
