id,word,year,mean_weighted_sentiment
28942,πωλεω,-266.0,-0.92125
28942,πωλεω,-50.0,-0.9556444444444446
28942,πωλεω,15.0,-0.9839
28942,πωλεω,150.0,-0.96
28942,πωλεω,200.0,-0.9197
28942,πωλεω,350.0,-0.9666
28942,πωλεω,950.0,-0.9786941176470587
