id,word,year,mean_weighted_sentiment
28959,πωποτε,-50.0,-0.9733499999999999
28959,πωποτε,299.0,-0.9535
28959,πωποτε,425.0,-0.9359
28959,πωποτε,490.0,-0.8866
28959,πωποτε,950.0,-0.96455
