id,word,year,mean_weighted_sentiment
28962,πωρος,150.0,-0.4562333333333333
28962,πωρος,447.0,-0.9078
28962,πωρος,950.0,-0.9746333333333334
