id,word,year,mean_weighted_sentiment
28960,πω,-353.0,-0.91755
28960,πω,-50.0,-0.9711357142857143
28960,πω,150.0,-0.9454
28960,πω,200.0,-0.9928
28960,πω,448.0,-0.9858
28960,πω,950.0,-0.9875666666666666
