id,word,year,mean_weighted_sentiment
28976,ραβδος,-500.0,-0.9879
28976,ραβδος,-353.0,-0.959
28976,ραβδος,-266.0,-0.6743307692307692
28976,ραβδος,-50.0,-0.9563538461538461
28976,ραβδος,150.0,-0.85275
28976,ραβδος,200.0,-0.90968
28976,ραβδος,219.0,-0.9564
28976,ραβδος,299.0,-0.8508
28976,ραβδος,350.0,-0.9391
28976,ραβδος,950.0,-0.99195
