id,word,year,mean_weighted_sentiment
29003,ραιζω,-50.0,-0.97055
29003,ραιζω,200.0,-0.9706666666666667
29003,ραιζω,447.0,-0.9654
29003,ραιζω,490.0,-0.9937
29003,ραιζω,950.0,-0.9944999999999999
