id,word,year,mean_weighted_sentiment
29085,ρητωρ,-550.0,-0.9841
29085,ρητωρ,-50.0,-0.96092
29085,ρητωρ,-34.0,-0.96365
29085,ρητωρ,127.0,-0.9708
29085,ρητωρ,150.0,-0.6469400000000001
29085,ρητωρ,200.0,-0.757
29085,ρητωρ,350.0,-0.95275
29085,ρητωρ,950.0,-0.9709225806451611
29085,ρητωρ,1127.0,-0.9423
