id,word,year,mean_weighted_sentiment
29082,ρητορικος,-50.0,-0.9608222222222221
29082,ρητορικος,150.0,-0.9825
29082,ρητορικος,200.0,-0.9234
29082,ρητορικος,490.0,-0.8675
29082,ρητορικος,950.0,-0.95752
