id,word,year,mean_weighted_sentiment
29118,ρινος,-500.0,-0.9904
29118,ρινος,-50.0,-0.9513000000000001
29118,ρινος,150.0,-0.991
29118,ρινος,172.0,-0.9919
29118,ρινος,200.0,-0.9929
29118,ρινος,352.0,-0.9929
29118,ρινος,950.0,-0.9889666666666667
