id,word,year,mean_weighted_sentiment
29116,ρινον,-500.0,-0.9904
29116,ρινον,-50.0,-0.9446777777777778
29116,ρινον,150.0,-0.9396
29116,ρινον,172.0,-0.9919
29116,ρινον,950.0,-0.9872777777777778
