id,word,year,mean_weighted_sentiment
29094,ριζα,-490.0,-0.9852
29094,ριζα,-450.0,-0.9941
29094,ριζα,-415.0,-0.97695
29094,ριζα,-266.0,-0.977225
29094,ριζα,-50.0,-0.9729785714285714
29094,ριζα,15.0,-0.912
29094,ριζα,90.0,-0.88485
29094,ριζα,150.0,-0.942
29094,ριζα,172.0,-0.9907909090909089
29094,ριζα,200.0,-0.96136
29094,ριζα,269.0,-0.9774666666666666
29094,ριζα,350.0,-0.9337
29094,ριζα,425.0,-0.94135
29094,ριζα,950.0,-0.9773375
