id,word,year,mean_weighted_sentiment
29128,ρις,-500.0,-0.9904
29128,ρις,-450.0,-0.9921
29128,ρις,-415.0,-0.97345
29128,ρις,-266.0,-0.9882
29128,ρις,-50.0,-0.9648249999999999
29128,ρις,15.0,-0.8372
29128,ρις,150.0,-0.8882
29128,ρις,172.0,-0.9902333333333333
29128,ρις,200.0,-0.99115
29128,ρις,350.0,-0.9566
29128,ρις,352.0,-0.98802
29128,ρις,425.0,-0.906
29128,ρις,550.0,-0.9476
29128,ρις,950.0,-0.9849000000000001
