id,word,year,mean_weighted_sentiment
29169,ροπαλον,-50.0,-0.94428
29169,ροπαλον,200.0,-0.99375
29169,ροπαλον,950.0,-0.9850833333333333
