id,word,year,mean_weighted_sentiment
29149,ροη,-450.0,-0.9945
29149,ροη,-50.0,-0.9539199999999999
29149,ροη,127.0,-0.9581
29149,ροη,150.0,-0.9898
29149,ροη,950.0,-0.9912666666666667
