id,word,year,mean_weighted_sentiment
29167,ρομφαια,-266.0,-0.8980571428571429
29167,ρομφαια,-50.0,-0.9087
29167,ρομφαια,219.0,-0.9451666666666667
29167,ρομφαια,950.0,-0.9903
