id,word,year,mean_weighted_sentiment
29385,σειος,-266.0,-0.48623125
29385,σειος,-50.0,-0.955175
29385,σειος,200.0,-0.979
29385,σειος,950.0,-0.9881
