id,word,year,mean_weighted_sentiment
29444,σημαινω,-490.0,-0.99295
29444,σημαινω,-479.0,-0.9519
29444,σημαινω,-155.0,-0.9919
29444,σημαινω,-50.0,-0.9501522727272728
29444,σημαινω,147.0,-0.9366285714285715
29444,σημαινω,150.0,-0.9094384615384615
29444,σημαινω,200.0,-0.9497
29444,σημαινω,237.0,-0.871
29444,σημαινω,425.0,-0.8757
29444,σημαινω,448.0,-0.8867
29444,σημαινω,550.0,-0.8948
