id,word,year,mean_weighted_sentiment
29457,σημερον,-266.0,-0.9563714285714287
29457,σημερον,-50.0,-0.9791
29457,σημερον,152.0,-0.9387
29457,σημερον,200.0,-0.9932
29457,σημερον,219.0,-0.9289
29457,σημερον,350.0,-0.98275
29457,σημερον,425.0,-0.956
29457,σημερον,950.0,-0.9765
