id,word,year,mean_weighted_sentiment
29507,σιδηρευς,-266.0,-0.97845
29507,σιδηρευς,-50.0,-0.9592333333333333
29507,σιδηρευς,150.0,-0.8919
