id,word,year,mean_weighted_sentiment
29569,σιμοω,-266.0,-0.9484107142857144
29569,σιμοω,-50.0,-0.928825
29569,σιμοω,150.0,-0.9641
29569,σιμοω,200.0,-0.9861
29569,σιμοω,950.0,-0.9766333333333334
