id,word,year,mean_weighted_sentiment
29567,σιμος,-266.0,-0.9484107142857144
29567,σιμος,-50.0,-0.9879
29567,σιμος,200.0,-0.9347
29567,σιμος,550.0,-0.9519
29567,σιμος,950.0,-0.9766333333333334
