id,word,year,mean_weighted_sentiment
29551,σικυων,-149.0,-0.99115
29551,σικυων,-50.0,-0.9715
29551,σικυων,150.0,-0.9903
29551,σικυων,950.0,-0.977225
