id,word,year,mean_weighted_sentiment
29888,σκυμνος,-266.0,-0.9855333333333333
29888,σκυμνος,-149.0,-0.9933
29888,σκυμνος,-50.0,-0.9832
29888,σκυμνος,200.0,-0.9580333333333334
