id,word,year,mean_weighted_sentiment
29752,σκηπτρον,-490.0,-0.9806
29752,σκηπτρον,-50.0,-0.961271052631579
29752,σκηπτρον,150.0,-0.9906333333333333
29752,σκηπτρον,200.0,-0.9770000000000001
29752,σκηπτρον,350.0,-0.9696
29752,σκηπτρον,425.0,-0.9061666666666667
29752,σκηπτρον,448.0,-0.9878
29752,σκηπτρον,950.0,-0.994
