id,word,year,mean_weighted_sentiment
29730,σκηνεω,-450.0,-0.3303
29730,σκηνεω,-266.0,-0.9675769230769232
29730,σκηνεω,-50.0,-0.9585548387096776
29730,σκηνεω,150.0,-0.91955
29730,σκηνεω,152.0,-0.9814
29730,σκηνεω,219.0,-0.9781
29730,σκηνεω,311.0,-0.9422
29730,σκηνεω,350.0,-0.9797
29730,σκηνεω,359.0,-0.9133
29730,σκηνεω,950.0,-0.9926
29730,σκηνεω,1118.0,-0.9713499999999999
