id,word,year,mean_weighted_sentiment
29675,σκαπτω,-450.0,-0.9941
29675,σκαπτω,-266.0,-0.9477
29675,σκαπτω,-50.0,-0.93565
29675,σκαπτω,200.0,-0.952625
29675,σκαπτω,350.0,-0.8336
29675,σκαπτω,425.0,-0.9058
29675,σκαπτω,950.0,-0.9824999999999999
29675,σκαπτω,1118.0,-0.9464
