id,word,year,mean_weighted_sentiment
29763,σκιαζω,-450.0,-0.98925
29763,σκιαζω,-387.0,-0.9698
29763,σκιαζω,-270.0,-0.9789
29763,σκιαζω,-266.0,-0.8297307692307693
29763,σκιαζω,-50.0,-0.972925
29763,σκιαζω,15.0,-0.9267
29763,σκιαζω,127.0,-0.9761
29763,σκιαζω,150.0,-0.8565999999999999
29763,σκιαζω,172.0,-0.9928
29763,σκιαζω,200.0,-0.97555
29763,σκιαζω,219.0,-0.959
29763,σκιαζω,269.0,-0.9646
29763,σκιαζω,350.0,-0.9179
29763,σκιαζω,448.0,-0.9786
29763,σκιαζω,950.0,-0.9855333333333333
