id,word,year,mean_weighted_sentiment
29743,σκηνος,-450.0,0.9943
29743,σκηνος,-266.0,-0.9860142857142856
29743,σκηνος,-50.0,-0.9565428571428573
29743,σκηνος,150.0,-0.91955
29743,σκηνος,152.0,-0.9814
29743,σκηνος,219.0,-0.9781
29743,σκηνος,311.0,-0.9422
29743,σκηνος,350.0,-0.9797
29743,σκηνος,359.0,-0.9133
29743,σκηνος,950.0,-0.9926
29743,σκηνος,1118.0,-0.9713499999999999
