id,word,year,mean_weighted_sentiment
29651,σκαιος,-155.0,-0.9802
29651,σκαιος,-50.0,-0.96716875
29651,σκαιος,152.0,-0.964
29651,σκαιος,200.0,-0.97975
29651,σκαιος,350.0,-0.9739
29651,σκαιος,950.0,-0.9939
