id,word,year,mean_weighted_sentiment
29769,σκιας,-450.0,-0.9891
29769,σκιας,-270.0,-0.9789
29769,σκιας,-266.0,-0.9892099999999999
29769,σκιας,-50.0,-0.9685999999999999
29769,σκιας,15.0,-0.9267
29769,σκιας,127.0,-0.9761
29769,σκιας,150.0,-0.8676
29769,σκιας,172.0,-0.9928
29769,σκιας,200.0,-0.9805999999999999
29769,σκιας,219.0,-0.959
29769,σκιας,448.0,-0.9786
29769,σκιας,950.0,-0.9855333333333333
