id,word,year,mean_weighted_sentiment
29843,σκοτεινος,-266.0,-0.9928
29843,σκοτεινος,-50.0,-0.9707800000000001
29843,σκοτεινος,127.0,-0.9454
29843,σκοτεινος,147.0,-0.9430499999999999
29843,σκοτεινος,200.0,-0.9605
29843,σκοτεινος,237.0,-0.916
