id,word,year,mean_weighted_sentiment
29885,σκυλος,-266.0,-0.9673733333333333
29885,σκυλος,-50.0,-0.980475
29885,σκυλος,425.0,-0.9409
29885,σκυλος,950.0,-0.9855
