id,word,year,mean_weighted_sentiment
29827,σκοπιαζω,-50.0,-0.9429666666666666
29827,σκοπιαζω,127.0,-0.9505
29827,σκοπιαζω,950.0,-0.9916999999999999
