id,word,year,mean_weighted_sentiment
29704,σκεπω,-415.0,-0.839
29704,σκεπω,-353.0,-0.9733
29704,σκεπω,-266.0,-0.7253285714285713
29704,σκεπω,-50.0,-0.93248
29704,σκεπω,950.0,-0.9901
