id,word,year,mean_weighted_sentiment
30010,σπαρτιατης,-353.0,-0.9502999999999999
30010,σπαρτιατης,-266.0,-0.9276166666666666
30010,σπαρτιατης,150.0,-0.9479200000000001
30010,σπαρτιατης,950.0,-0.97516
