id,word,year,mean_weighted_sentiment
30098,σπυρας,-266.0,-0.9697
30098,σπυρας,-50.0,-0.9597333333333333
30098,σπυρας,150.0,-0.9759
30098,σπυρας,950.0,-0.9874499999999999
