id,word,year,mean_weighted_sentiment
30068,σποδος,-266.0,-0.9485285714285715
30068,σποδος,-50.0,-0.94178
30068,σποδος,15.0,-0.9767
30068,σποδος,49.0,-0.9425
30068,σποδος,172.0,-0.9792
30068,σποδος,950.0,-0.9892
