id,word,year,mean_weighted_sentiment
30083,σπορος,-266.0,-0.9893000000000001
30083,σπορος,200.0,-0.96405
30083,σπορος,320.0,-0.9884
