id,word,year,mean_weighted_sentiment
30026,σπειρα,-155.0,-0.9820000000000001
30026,σπειρα,950.0,-0.8472500000000001
