id,word,year,mean_weighted_sentiment
30200,στεναζω,-490.0,0.9689
30200,στεναζω,-149.0,-0.9939
30200,στεναζω,-50.0,-0.9405249999999999
30200,στεναζω,127.0,-0.9791
30200,στεναζω,150.0,-0.96076
30200,στεναζω,200.0,-0.9762500000000001
30200,στεναζω,490.0,-0.8506
