id,word,year,mean_weighted_sentiment
30249,στεφανη,-450.0,0.9801
30249,στεφανη,-266.0,-0.9566
30249,στεφανη,-50.0,-0.5117294117647059
30249,στεφανη,150.0,-0.9096
30249,στεφανη,350.0,-0.9573
30249,στεφανη,425.0,-0.8535
30249,στεφανη,950.0,-0.9909666666666667
