id,word,year,mean_weighted_sentiment
30117,σταθμαω,-490.0,-0.9903
30117,σταθμαω,-353.0,-0.9573333333333333
30117,σταθμαω,-266.0,-0.9847
30117,σταθμαω,-155.0,-0.9932
30117,σταθμαω,-50.0,-0.95204
30117,σταθμαω,127.0,-0.9883500000000001
30117,σταθμαω,150.0,-0.9925
30117,σταθμαω,172.0,-0.987375
30117,σταθμαω,425.0,-0.9481
30117,σταθμαω,950.0,-0.9901
