id,word,year,mean_weighted_sentiment
30362,στρατεια,-353.0,-0.98124
30362,στρατεια,-149.0,-0.9923
30362,στρατεια,-50.0,-0.952509090909091
30362,στρατεια,147.0,-0.8998
30362,στρατεια,150.0,-0.9542250000000001
30362,στρατεια,425.0,-0.9390666666666667
30362,στρατεια,490.0,-0.8742
30362,στρατεια,950.0,-0.98405
