id,word,year,mean_weighted_sentiment
30255,στεφανος,-450.0,-0.005599999999999994
30255,στεφανος,-353.0,-0.9853
30255,στεφανος,-266.0,-0.73149375
30255,στεφανος,-155.0,-0.9684625
30255,στεφανος,-50.0,-0.6972333333333334
30255,στεφανος,15.0,-0.96945
30255,στεφανος,150.0,-0.9606
30255,στεφανος,311.0,-0.5492
30255,στεφανος,350.0,-0.9525333333333333
30255,στεφανος,425.0,-0.9057000000000001
30255,στεφανος,490.0,-0.9042
30255,στεφανος,950.0,-0.984075
