id,word,year,mean_weighted_sentiment
30186,στειχω,-155.0,-0.9504
30186,στειχω,-50.0,-0.9523337837837836
30186,στειχω,90.0,-0.991
30186,στειχω,172.0,-0.9888
30186,στειχω,200.0,-0.9342
30186,στειχω,320.0,-0.9572666666666668
