id,word,year,mean_weighted_sentiment
30382,στρατιωτικος,-353.0,-0.9761
30382,στρατιωτικος,-50.0,-0.9754333333333335
30382,στρατιωτικος,15.0,-0.982
30382,στρατιωτικος,147.0,-0.94185
30382,στρατιωτικος,150.0,-0.9159333333333333
30382,στρατιωτικος,350.0,-0.9924
30382,στρατιωτικος,425.0,-0.9093
30382,στρατιωτικος,490.0,-0.9004499999999999
30382,στρατιωτικος,1118.0,-0.9862
