id,word,year,mean_weighted_sentiment
30256,στεφανοω,-450.0,0.9801
30256,στεφανοω,-266.0,-0.64395
30256,στεφανοω,-155.0,-0.9432999999999999
30256,στεφανοω,-50.0,-0.950775
30256,στεφανοω,15.0,-0.94865
30256,στεφανοω,150.0,-0.9316666666666666
30256,στεφανοω,350.0,-0.9340400000000001
30256,στεφανοω,425.0,-0.931225
30256,στεφανοω,950.0,-0.984075
