id,word,year,mean_weighted_sentiment
30380,στρατιος,-353.0,-0.9845
30380,στρατιος,-266.0,-0.95465
30380,στρατιος,-50.0,-0.9520142857142858
30380,στρατιος,15.0,-0.8814
30380,στρατιος,150.0,-0.7936
30380,στρατιος,425.0,-0.9105
30380,στρατιος,490.0,-0.9153666666666668
30380,στρατιος,950.0,-0.9905999999999999
