id,word,year,mean_weighted_sentiment
30211,στενος,-353.0,-0.9014
30211,στενος,-149.0,-0.9939
30211,στενος,-50.0,-0.9432
30211,στενος,127.0,-0.9791
30211,στενος,150.0,-0.9532499999999999
30211,στενος,200.0,-0.9711333333333334
30211,στενος,490.0,-0.8506
