id,word,year,mean_weighted_sentiment
30239,στερομαι,-353.0,-0.9379
30239,στερομαι,-50.0,-0.9369749999999999
30239,στερομαι,150.0,-0.441
30239,στερομαι,200.0,-0.9666727272727275
30239,στερομαι,320.0,-0.912225
30239,στερομαι,448.0,-0.9421
30239,στερομαι,530.0,-0.9505
30239,στερομαι,950.0,-0.9906
