id,word,year,mean_weighted_sentiment
30148,σταυρος,-50.0,-0.89645
30148,σταυρος,49.0,-0.9089
30148,σταυρος,150.0,-0.9380000000000001
30148,σταυρος,425.0,-0.6783333333333333
30148,σταυρος,950.0,-0.9831
