id,word,year,mean_weighted_sentiment
30368,στρατηγεω,-450.0,-0.9896
30368,στρατηγεω,-353.0,-0.9518600000000002
30368,στρατηγεω,-266.0,-0.9453
30368,στρατηγεω,-50.0,-0.9282571428571427
30368,στρατηγεω,150.0,-0.9361571428571428
30368,στρατηγεω,200.0,-0.9936
30368,στρατηγεω,350.0,-0.3128333333333333
30368,στρατηγεω,425.0,-0.9328285714285715
30368,στρατηγεω,490.0,-0.8979363636363638
30368,στρατηγεω,950.0,-0.98685
30368,στρατηγεω,1118.0,-0.9626
