id,word,year,mean_weighted_sentiment
30121,σταθμος,-490.0,-0.9903
30121,σταθμος,-353.0,-0.9541999999999999
30121,σταθμος,-266.0,-0.6700166666666667
30121,σταθμος,-50.0,-0.9599842105263159
30121,σταθμος,127.0,-0.9866
30121,σταθμος,150.0,-0.9925
30121,σταθμος,172.0,-0.9724769230769229
30121,σταθμος,950.0,-0.9914
