id,word,year,mean_weighted_sentiment
30245,στερρος,-490.0,-0.9906
30245,στερρος,-50.0,-0.9580000000000001
30245,στερρος,200.0,-0.9932
30245,στερρος,950.0,-0.9901500000000001
