id,word,year,mean_weighted_sentiment
30235,στερνον,-500.0,-0.98815
30235,στερνον,-450.0,-0.9951
30235,στερνον,-266.0,-0.9217
30235,στερνον,-50.0,-0.9852000000000001
30235,στερνον,172.0,-0.9820249999999999
30235,στερνον,950.0,-0.9872
