id,word,year,mean_weighted_sentiment
30161,σταχυς,-266.0,-0.9307
30161,σταχυς,-155.0,-0.9355
30161,σταχυς,-50.0,-0.970075
30161,σταχυς,150.0,-0.94095
30161,σταχυς,200.0,0.8031
