id,word,year,mean_weighted_sentiment
30685,συγχεω,-353.0,-0.9322666666666666
30685,συγχεω,-50.0,-0.966
30685,συγχεω,15.0,-0.92275
30685,συγχεω,90.0,-0.9423
30685,συγχεω,147.0,-0.96135
30685,συγχεω,150.0,-0.9223
30685,συγχεω,172.0,-0.98765
30685,συγχεω,200.0,0.3156333333333334
30685,συγχεω,350.0,-0.89805
30685,συγχεω,490.0,-0.8609
30685,συγχεω,530.0,-0.9722500000000001
