id,word,year,mean_weighted_sentiment
31772,συρια,-266.0,-0.43902857142857143
31772,συρια,15.0,-0.9126
31772,συρια,80.0,-0.935
31772,συρια,127.0,-0.9383999999999999
31772,συρια,147.0,-0.941
31772,συρια,152.0,-0.9851000000000001
31772,συρια,425.0,-0.9088
31772,συρια,490.0,-0.9255500000000001
31772,συρια,950.0,-0.9824666666666667
