id,word,year,mean_weighted_sentiment
30709,συζυγιος,-50.0,-0.958309090909091
30709,συζυγιος,150.0,-0.8652
30709,συζυγιος,200.0,-0.89886
