id,word,year,mean_weighted_sentiment
31791,συρος,-500.0,-0.9923
31791,συρος,-266.0,-0.5079375
31791,συρος,-149.0,-0.9036
31791,συρος,15.0,-0.9126
31791,συρος,49.0,-0.915
31791,συρος,80.0,-0.935
31791,συρος,127.0,-0.9383999999999999
31791,συρος,147.0,-0.941
31791,συρος,152.0,-0.9553000000000001
31791,συρος,172.0,-0.9911
31791,συρος,200.0,-0.9902333333333333
31791,συρος,350.0,-0.9236
31791,συρος,425.0,-0.9181333333333334
31791,συρος,490.0,-0.9255500000000001
31791,συρος,950.0,-0.9774285714285714
