id,word,year,mean_weighted_sentiment
31569,συνθημα,150.0,-0.9312499999999999
31569,συνθημα,152.0,-0.97025
31569,συνθημα,350.0,-0.9349
31569,συνθημα,490.0,-0.8658
