id,word,year,mean_weighted_sentiment
30809,συμβουλος,-353.0,0.7473
30809,συμβουλος,-266.0,-0.97485
30809,συμβουλος,-149.0,-0.9929
30809,συμβουλος,-50.0,-0.9728625
30809,συμβουλος,15.0,-0.90035
30809,συμβουλος,350.0,-0.8744000000000001
30809,συμβουλος,425.0,-0.9011
