id,word,year,mean_weighted_sentiment
31030,συμφορα,-353.0,-0.9268000000000001
31030,συμφορα,-50.0,-0.9532108108108106
31030,συμφορα,15.0,-0.9645
31030,συμφορα,150.0,-0.96492
31030,συμφορα,152.0,-0.911
31030,συμφορα,200.0,-0.9773
31030,συμφορα,350.0,-0.9395166666666667
31030,συμφορα,425.0,-0.9668
31030,συμφορα,490.0,-0.833
31030,συμφορα,950.0,-0.99285
