id,word,year,mean_weighted_sentiment
30731,συκοφαντης,-50.0,-0.8856
30731,συκοφαντης,150.0,-0.9782500000000001
30731,συκοφαντης,350.0,-0.9678666666666667
30731,συκοφαντης,425.0,-0.8889
