id,word,year,mean_weighted_sentiment
31315,συνεγγυς,-149.0,0.42713333333333336
31315,συνεγγυς,-50.0,-0.9604000000000001
31315,συνεγγυς,200.0,-0.30373333333333324
