id,word,year,mean_weighted_sentiment
31775,συριγξ,-450.0,-0.9915
31775,συριγξ,-50.0,-0.9760500000000001
31775,συριγξ,150.0,-0.9477857142857143
31775,συριγξ,172.0,-0.9894
31775,συριγξ,950.0,-0.9539
