id,word,year,mean_weighted_sentiment
30762,συλλογισμος,-353.0,-0.913544827586207
30762,συλλογισμος,-50.0,-0.9317875
30762,συλλογισμος,200.0,-0.8426869565217392
30762,συλλογισμος,352.0,-0.9081181818181818
30762,συλλογισμος,448.0,-0.925
