id,word,year,mean_weighted_sentiment
30796,συμβολεω,-50.0,-0.9579846153846153
30796,συμβολεω,15.0,-0.95665
30796,συμβολεω,150.0,-0.8706
