id,word,year,mean_weighted_sentiment
30750,συλλαμβανω,-415.0,-0.9845
30750,συλλαμβανω,-353.0,-0.9836
30750,συλλαμβανω,-50.0,-0.9610999999999997
30750,συλλαμβανω,15.0,-0.942
30750,συλλαμβανω,127.0,-0.963
30750,συλλαμβανω,150.0,-0.8927
30750,συλλαμβανω,172.0,-0.9928
30750,συλλαμβανω,200.0,-0.953725
30750,συλλαμβανω,350.0,-0.9412
30750,συλλαμβανω,425.0,-0.9561
30750,συλλαμβανω,490.0,-0.9526
30750,συλλαμβανω,550.0,-0.9881
30750,συλλαμβανω,950.0,-0.9887999999999999
30750,συλλαμβανω,1118.0,-0.9668
