id,word,year,mean_weighted_sentiment
31782,συριος,-266.0,-0.43902857142857143
31782,συριος,15.0,-0.9126
31782,συριος,80.0,-0.935
31782,συριος,127.0,-0.9383999999999999
31782,συριος,147.0,-0.941
31782,συριος,152.0,-0.9851000000000001
31782,συριος,425.0,-0.9088
31782,συριος,490.0,-0.9255500000000001
31782,συριος,950.0,-0.9824666666666667
