id,word,year,mean_weighted_sentiment
31629,συνοδος,-353.0,-0.9856
31629,συνοδος,-50.0,-0.9436142857142856
31629,συνοδος,147.0,-0.9418833333333335
31629,συνοδος,200.0,0.9913
31629,συνοδος,350.0,-0.9909
31629,συνοδος,352.0,0.9961
31629,συνοδος,425.0,-0.7919777777777778
31629,συνοδος,448.0,-0.96515
