id,word,year,mean_weighted_sentiment
30820,συμμαχια,-353.0,-0.98
30820,συμμαχια,-266.0,-0.6993875
30820,συμμαχια,-149.0,-0.9907
30820,συμμαχια,-50.0,-0.9638999999999999
30820,συμμαχια,150.0,-0.9937
30820,συμμαχια,490.0,-0.8625
30820,συμμαχια,950.0,-0.9737
