id,word,year,mean_weighted_sentiment
30716,συκη,-353.0,-0.9304
30716,συκη,-266.0,-0.022450000000000025
30716,συκη,-50.0,-0.9924
30716,συκη,200.0,-0.9680500000000001
30716,συκη,311.0,-0.8933
30716,συκη,352.0,-0.9892
30716,συκη,950.0,-0.9893
