id,word,year,mean_weighted_sentiment
31035,συμφορος,-353.0,-0.9410000000000001
31035,συμφορος,-50.0,-0.9676636363636363
31035,συμφορος,152.0,-0.8826
31035,συμφορος,350.0,-0.9103
31035,συμφορος,425.0,-0.9668
31035,συμφορος,490.0,-0.833
31035,συμφορος,950.0,-0.992
