id,word,year,mean_weighted_sentiment
30708,συζυγια,-50.0,-0.958309090909091
30708,συζυγια,150.0,-0.8652
30708,συζυγια,200.0,-0.89886
