id,word,year,mean_weighted_sentiment
31909,σφενδοναω,-266.0,-0.9333333333333332
31909,σφενδοναω,-50.0,-0.9851
31909,σφενδοναω,127.0,-0.9918
31909,σφενδοναω,150.0,-0.9742500000000001
31909,σφενδοναω,200.0,-0.977025
31909,σφενδοναω,950.0,-0.9893
