id,word,year,mean_weighted_sentiment
31956,σφυρον,-50.0,-0.9656181818181818
31956,σφυρον,150.0,-0.9759
31956,σφυρον,950.0,-0.9874499999999999
