id,word,year,mean_weighted_sentiment
31877,σφαγευς,-450.0,-0.993
31877,σφαγευς,-266.0,-0.9922
31877,σφαγευς,-100.0,-0.9495
31877,σφαγευς,-50.0,-0.9500500000000001
31877,σφαγευς,350.0,-0.9479333333333333
31877,σφαγευς,425.0,-0.9844
