id,word,year,mean_weighted_sentiment
32001,σχολαζω,-490.0,-0.816
32001,σχολαζω,-450.0,0.0023000000000000242
32001,σχολαζω,-353.0,-0.9863
32001,σχολαζω,-266.0,-0.9646
32001,σχολαζω,-50.0,-0.977775
32001,σχολαζω,150.0,-0.6418666666666667
32001,σχολαζω,352.0,-0.994
32001,σχολαζω,425.0,-0.9415
32001,σχολαζω,950.0,-0.9885
