id,word,year,mean_weighted_sentiment
32041,σωφρονεω,-450.0,-0.98755
32041,σωφρονεω,-50.0,-0.9679749999999999
32041,σωφρονεω,150.0,-0.9753
32041,σωφρονεω,200.0,-0.976
32041,σωφρονεω,237.0,-0.7824
32041,σωφρονεω,311.0,-0.9048
32041,σωφρονεω,350.0,-0.94515
32041,σωφρονεω,950.0,-0.9895
