id,word,year,mean_weighted_sentiment
32049,σωφροσυνη,-479.0,-0.9771
32049,σωφροσυνη,-353.0,-0.95345
32049,σωφροσυνη,-50.0,-0.9389333333333332
32049,σωφροσυνη,15.0,-0.6161
32049,σωφροσυνη,200.0,-0.958
32049,σωφροσυνη,311.0,-0.27973333333333333
32049,σωφροσυνη,350.0,-0.9140666666666667
32049,σωφροσυνη,425.0,0.9938
