id,word,year,mean_weighted_sentiment
32058,ταγηνον,150.0,-0.9918
32058,ταγηνον,200.0,-0.94145
32058,ταγηνον,950.0,-0.8806499999999999
