id,word,year,mean_weighted_sentiment
32079,ταλαντον,-266.0,-0.9534666666666666
32079,ταλαντον,-50.0,-0.77634
32079,ταλαντον,150.0,-0.8888199999999999
32079,ταλαντον,152.0,-0.9555999999999999
32079,ταλαντον,425.0,-0.9479
32079,ταλαντον,950.0,-0.9794222222222222
