id,word,year,mean_weighted_sentiment
32195,ταρταρος,-490.0,-0.98705
32195,ταρταρος,-50.0,-0.9678727272727273
32195,ταρταρος,448.0,-0.9405
32195,ταρταρος,950.0,-0.9874
