id,word,year,mean_weighted_sentiment
32243,ταφος,-353.0,-0.9862
32243,ταφος,-266.0,-0.9730666666666666
32243,ταφος,-50.0,-0.9708428571428572
32243,ταφος,490.0,-0.88015
32243,ταφος,950.0,-0.9859333333333332
