id,word,year,mean_weighted_sentiment
32118,ταν,-490.0,-0.5042375
32118,ταν,-450.0,-0.9872333333333333
32118,ταν,-249.0,-0.9149888888888889
32118,ταν,-50.0,-0.9423333333333334
32118,ταν,150.0,-0.9625
32118,ταν,200.0,0.0043500000000000205
32118,ταν,550.0,-0.9737
32118,ταν,950.0,-0.9761000000000002
