id,word,year,mean_weighted_sentiment
32240,ταφη,-450.0,-0.9896666666666666
32240,ταφη,-353.0,-0.9789
32240,ταφη,-266.0,-0.9669333333333334
32240,ταφη,-50.0,-0.9692666666666666
32240,ταφη,15.0,-0.8996999999999999
32240,ταφη,350.0,-0.949
32240,ταφη,490.0,-0.89075
32240,ταφη,950.0,-0.9859333333333332
