id,word,year,mean_weighted_sentiment
32061,ταγμα,-387.0,-0.9928
32061,ταγμα,-155.0,-0.8477
32061,ταγμα,-50.0,-0.9594874999999999
32061,ταγμα,147.0,-0.9207
32061,ταγμα,219.0,-0.9657
32061,ταγμα,425.0,-0.9081666666666667
32061,ταγμα,490.0,-0.8929
32061,ταγμα,950.0,-0.9798374999999999
