id,word,year,mean_weighted_sentiment
32170,ταραντινος,150.0,-0.41775
32170,ταραντινος,172.0,-0.98845
32170,ταραντινος,950.0,-0.9834999999999999
32170,ταραντινος,1118.0,-0.9745
