id,word,year,mean_weighted_sentiment
32155,ταπεινος,-490.0,-0.9282
32155,ταπεινος,-300.0,0.007824999999999999
32155,ταπεινος,-266.0,-0.29967222222222223
32155,ταπεινος,-50.0,-0.9493266666666667
32155,ταπεινος,15.0,-0.8774
32155,ταπεινος,49.0,-0.8708
32155,ταπεινος,147.0,-0.91855
32155,ταπεινος,150.0,-0.9591000000000001
32155,ταπεινος,152.0,-0.9368
32155,ταπεινος,200.0,-0.9340999999999999
32155,ταπεινος,350.0,-0.92525
32155,ταπεινος,950.0,-0.97435
