id,word,year,mean_weighted_sentiment
32409,τερας,-490.0,-0.9924
32409,τερας,-266.0,-0.9784999999999999
32409,τερας,-50.0,-0.9587933333333333
32409,τερας,49.0,-0.9598
32409,τερας,150.0,-0.6514
32409,τερας,200.0,-0.937
32409,τερας,350.0,-0.89605
32409,τερας,425.0,-0.9447
32409,τερας,490.0,-0.9091
32409,τερας,950.0,-0.9853
