id,word,year,mean_weighted_sentiment
32355,τελειοω,-387.0,-0.985
32355,τελειοω,-353.0,-0.292
32355,τελειοω,-155.0,-0.9023
32355,τελειοω,-50.0,-0.925525
32355,τελειοω,15.0,-0.9656
32355,τελειοω,200.0,-0.9532
32355,τελειοω,205.0,-0.984
32355,τελειοω,311.0,-0.9244
32355,τελειοω,425.0,-0.9556
32355,τελειοω,550.0,-0.571075
32355,τελειοω,950.0,-0.95
