id,word,year,mean_weighted_sentiment
32536,τετραχους,-479.0,-0.9549666666666666
32536,τετραχους,-353.0,-0.9895
32536,τετραχους,-50.0,-0.9493
32536,τετραχους,200.0,-0.9710333333333333
32536,τετραχους,237.0,-0.9172
32536,τετραχους,383.0,-0.971
32536,τετραχους,550.0,-0.9492
