id,word,year,mean_weighted_sentiment
32578,τεχνιτης,-266.0,-0.9783
32578,τεχνιτης,-50.0,-0.9629714285714286
32578,τεχνιτης,150.0,-0.9491666666666667
32578,τεχνιτης,200.0,-0.95645
32578,τεχνιτης,237.0,-0.8475
32578,τεχνιτης,352.0,-0.9828
32578,τεχνιτης,425.0,-0.9194
32578,τεχνιτης,550.0,-0.9485
32578,τεχνιτης,950.0,-0.9846666666666666
