id,word,year,mean_weighted_sentiment
32645,τηρος,-50.0,-0.9817499999999999
32645,τηρος,950.0,-0.9931666666666666
