id,word,year,mean_weighted_sentiment
32588,τηθος,-50.0,-0.57008
32588,τηθος,950.0,-0.9876499999999999
