id,word,year,mean_weighted_sentiment
32666,τικτω,-490.0,-0.9922
32666,τικτω,-353.0,-0.9717
32666,τικτω,-266.0,-0.9693
32666,τικτω,-149.0,-0.9911
32666,τικτω,-50.0,-0.9588724137931035
32666,τικτω,15.0,-0.8643
32666,τικτω,147.0,-0.9915
32666,τικτω,150.0,-0.988
32666,τικτω,200.0,-0.9915
32666,τικτω,352.0,-0.9921
32666,τικτω,950.0,-0.9750249999999999
