id,word,year,mean_weighted_sentiment
32724,τιτρωσκω,-500.0,-0.9893000000000001
32724,τιτρωσκω,-50.0,-0.9577138888888889
32724,τιτρωσκω,152.0,-0.9669
32724,τιτρωσκω,350.0,-0.9354
32724,τιτρωσκω,490.0,-0.9309
