id,word,year,mean_weighted_sentiment
32732,τλαω,-490.0,-0.9377333333333334
32732,τλαω,-450.0,-0.99124
32732,τλαω,-50.0,-0.9719428571428571
32732,τλαω,150.0,-0.9198
32732,τλαω,200.0,-0.98125
32732,τλαω,448.0,-0.9937
32732,τλαω,950.0,-0.9787
