id,word,year,mean_weighted_sentiment
32741,τμημα,-479.0,-0.97
32741,τμημα,-155.0,-0.89995
32741,τμημα,-50.0,-0.9865
32741,τμημα,147.0,-0.9502
32741,τμημα,150.0,-0.9546185185185186
32741,τμημα,200.0,0.8097
32741,τμημα,249.0,-0.9532750000000001
32741,τμημα,320.0,-0.950223076923077
32741,τμημα,425.0,-0.9821
32741,τμημα,530.0,-0.9623333333333334
32741,τμημα,950.0,-0.9409
