id,word,year,mean_weighted_sentiment
32813,τοπικος,-50.0,-0.9689666666666666
32813,τοπικος,127.0,-0.9493
32813,τοπικος,150.0,-0.9711
32813,τοπικος,200.0,-0.548
32813,τοπικος,299.0,0.9522
32813,τοπικος,352.0,-0.9505
32813,τοπικος,950.0,-0.9852500000000001
