id,word,year,mean_weighted_sentiment
32781,τομαω,-450.0,-0.9917
32781,τομαω,-270.0,-0.9298
32781,τομαω,-266.0,-0.9802
32781,τομαω,-249.0,-0.8542222222222223
32781,τομαω,-149.0,-0.9918
32781,τομαω,-50.0,-0.9354875
32781,τομαω,150.0,-0.978
32781,τομαω,152.0,-0.9587
32781,τομαω,172.0,-0.9764
32781,τομαω,320.0,-0.9394600000000001
32781,τομαω,425.0,-0.92045
32781,τομαω,950.0,-0.9727
