id,word,year,mean_weighted_sentiment
32768,τοκος,-500.0,-0.9886
32768,τοκος,-415.0,-0.9794333333333333
32768,τοκος,-353.0,-0.30796666666666667
32768,τοκος,-266.0,-0.9883
32768,τοκος,-50.0,-0.9686111111111111
32768,τοκος,448.0,-0.9051
32768,τοκος,950.0,-0.9644999999999999
