id,word,year,mean_weighted_sentiment
32802,τοξον,-490.0,-0.991
32802,τοξον,-266.0,-0.8322066666666665
32802,τοξον,-155.0,-0.6613666666666665
32802,τοξον,-50.0,-0.9626043478260872
32802,τοξον,150.0,-0.9641
32802,τοξον,200.0,-0.98525
32802,τοξον,219.0,-0.9707
32802,τοξον,269.0,-0.9832
32802,τοξον,425.0,-0.8565
32802,τοξον,950.0,-0.978975
32802,τοξον,1118.0,-0.9697
