id,word,year,mean_weighted_sentiment
32771,τολμαω,-490.0,0.9966
32771,τολμαω,-450.0,0.2708
32771,τολμαω,-50.0,-0.7498555555555556
32771,τολμαω,15.0,-0.9375
32771,τολμαω,152.0,-0.96065
32771,τολμαω,269.0,-0.9631
32771,τολμαω,299.0,-0.8845
32771,τολμαω,350.0,-0.481575
32771,τολμαω,425.0,-0.9279
32771,τολμαω,950.0,-0.9797125
