id,word,year,mean_weighted_sentiment
33221,τρυφη,-266.0,-0.9654571428571428
33221,τρυφη,-50.0,-0.9116
33221,τρυφη,150.0,-0.983
33221,τρυφη,152.0,-0.9608
33221,τρυφη,200.0,-0.9436
33221,τρυφη,311.0,-0.9156
33221,τρυφη,350.0,-0.9313333333333333
33221,τρυφη,425.0,-0.8297
33221,τρυφη,950.0,-0.9805333333333334
