id,word,year,mean_weighted_sentiment
32870,τραγος,-266.0,-0.9945
32870,τραγος,-50.0,-0.9876
32870,τραγος,15.0,-0.9626
32870,τραγος,49.0,-0.916
32870,τραγος,200.0,-0.98892
32870,τραγος,950.0,-0.9695249999999999
