id,word,year,mean_weighted_sentiment
33216,τρυφαω,-266.0,-0.9654571428571428
33216,τρυφαω,-50.0,-0.9116
33216,τρυφαω,150.0,-0.9687
33216,τρυφαω,152.0,-0.9608
33216,τρυφαω,200.0,-0.9436
33216,τρυφαω,311.0,-0.9156
33216,τρυφαω,350.0,-0.9123
33216,τρυφαω,425.0,-0.8297
33216,τρυφαω,950.0,-0.9805333333333334
