id,word,year,mean_weighted_sentiment
32957,τριβω,-490.0,-0.9901
32957,τριβω,-415.0,-0.9811
32957,τριβω,-266.0,-0.5462888888888888
32957,τριβω,-50.0,-0.9329999999999999
32957,τριβω,147.0,-0.8338
32957,τριβω,150.0,-0.9164
32957,τριβω,311.0,-0.9464
32957,τριβω,425.0,-0.9843
32957,τριβω,950.0,-0.9768625
