id,word,year,mean_weighted_sentiment
33291,τυποω,-50.0,-0.9
33291,τυποω,15.0,-0.9368
33291,τυποω,150.0,-0.9675500000000001
33291,τυποω,200.0,-0.9216333333333333
33291,τυποω,237.0,-0.8606
33291,τυποω,311.0,-0.9347
33291,τυποω,352.0,-0.9511000000000001
33291,τυποω,448.0,-0.9697333333333334
33291,τυποω,950.0,-0.9915
