id,word,year,mean_weighted_sentiment
33332,τυφλος,-266.0,-0.9714499999999999
33332,τυφλος,-50.0,-0.9190428571428572
33332,τυφλος,15.0,-0.9648
33332,τυφλος,150.0,-0.9525714285714286
33332,τυφλος,200.0,-0.9671666666666666
33332,τυφλος,219.0,-0.9108333333333333
33332,τυφλος,550.0,-0.9125
33332,τυφλος,950.0,-0.9925333333333333
