id,word,year,mean_weighted_sentiment
33381,υγιεια,-353.0,-0.9484166666666667
33381,υγιεια,150.0,-0.54356
33381,υγιεια,200.0,-0.9632
33381,υγιεια,237.0,-0.978
33381,υγιεια,530.0,-0.9686333333333333
33381,υγιεια,950.0,-0.9874
