id,word,year,mean_weighted_sentiment
33385,υγιης,-415.0,-0.839
33385,υγιης,-353.0,-0.9254
33385,υγιης,-266.0,-0.9738
33385,υγιης,-155.0,0.5059
33385,υγιης,-149.0,-0.953
33385,υγιης,-50.0,-0.9530136363636363
33385,υγιης,15.0,-0.9675
33385,υγιης,150.0,-0.9367249999999999
33385,υγιης,172.0,-0.9834
33385,υγιης,200.0,-0.9215
33385,υγιης,320.0,-0.9586
33385,υγιης,350.0,-0.9688
33385,υγιης,447.0,-0.8591
33385,υγιης,448.0,-0.9841
33385,υγιης,490.0,-0.9586
33385,υγιης,950.0,-0.9832
