id,word,year,mean_weighted_sentiment
33390,υγροτης,-353.0,-0.90325
33390,υγροτης,-50.0,-0.9824999999999999
33390,υγροτης,150.0,-0.9004
33390,υγροτης,172.0,-0.9775
33390,υγροτης,200.0,-0.97295
