id,word,year,mean_weighted_sentiment
33402,υδατοω,-266.0,-0.7423166666666666
33402,υδατοω,-149.0,-0.9749
33402,υδατοω,-50.0,-0.968909090909091
33402,υδατοω,200.0,-0.9876499999999999
33402,υδατοω,269.0,-0.9522
33402,υδατοω,350.0,-0.9607
33402,υδατοω,359.0,-0.9872
33402,υδατοω,950.0,-0.9807499999999999
