id,word,year,mean_weighted_sentiment
33420,υδρος,-500.0,-0.9934
33420,υδρος,-155.0,-0.9250166666666665
33420,υδρος,-50.0,-0.90125
33420,υδρος,172.0,-0.98885
