id,word,year,mean_weighted_sentiment
33432,υετος,-353.0,-0.9118
33432,υετος,-266.0,-0.7289375
33432,υετος,-50.0,-0.9387833333333334
33432,υετος,950.0,-0.9697
