id,word,year,mean_weighted_sentiment
33947,υπνοω,-500.0,-0.9935
33947,υπνοω,-353.0,-0.9383333333333334
33947,υπνοω,-266.0,-0.6728500000000001
33947,υπνοω,-50.0,-0.9578666666666668
33947,υπνοω,15.0,-0.9585
33947,υπνοω,150.0,-0.9502083333333333
33947,υπνοω,172.0,-0.9892666666666666
33947,υπνοω,200.0,-0.48596666666666666
33947,υπνοω,269.0,-0.9661
33947,υπνοω,352.0,-0.9805333333333334
33947,υπνοω,490.0,-0.9532
33947,υπνοω,950.0,-0.9724
