id,word,year,mean_weighted_sentiment
34126,υπομενω,-353.0,-0.9756
34126,υπομενω,-266.0,-0.6538166666666666
34126,υπομενω,-50.0,-0.9675
34126,υπομενω,269.0,-0.9375
34126,υπομενω,530.0,-0.9481999999999999
