id,word,year,mean_weighted_sentiment
34263,υποτιθημι,-155.0,-0.916
34263,υποτιθημι,-50.0,-0.9531000000000001
34263,υποτιθημι,127.0,-0.9589333333333333
34263,υποτιθημι,150.0,-0.942
34263,υποτιθημι,350.0,-0.943
34263,υποτιθημι,425.0,-0.8881
34263,υποτιθημι,530.0,-0.9557666666666668
34263,υποτιθημι,550.0,-0.9866000000000001
