id,word,year,mean_weighted_sentiment
34341,υποψιος,-50.0,-0.9603999999999999
34341,υποψιος,350.0,-0.9614499999999999
