id,word,year,mean_weighted_sentiment
33512,υπαιθριος,-490.0,0.9967
33512,υπαιθριος,-353.0,-0.99405
33512,υπαιθριος,200.0,-0.993
33512,υπαιθριος,950.0,-0.9853000000000001
