id,word,year,mean_weighted_sentiment
34135,υπομονη,-387.0,-0.9898
34135,υπομονη,-266.0,-0.21462000000000003
34135,υπομονη,-50.0,-0.9690199999999999
34135,υπομονη,311.0,-0.9866
34135,υπομονη,950.0,-0.9924
