id,word,year,mean_weighted_sentiment
33552,υπαρχος,-479.0,-0.9483
33552,υπαρχος,-353.0,0.8741
33552,υπαρχος,-266.0,-0.9746
33552,υπαρχος,-155.0,-0.9567
33552,υπαρχος,-50.0,-0.9678333333333332
33552,υπαρχος,147.0,-0.9763
33552,υπαρχος,200.0,-0.9253333333333335
33552,υπαρχος,320.0,-0.9261
33552,υπαρχος,350.0,-0.9774
33552,υπαρχος,425.0,-0.8791499999999999
33552,υπαρχος,490.0,-0.9021166666666667
33552,υπαρχος,550.0,-0.9295
33552,υπαρχος,950.0,-0.9862333333333333
33552,υπαρχος,1885.0,-0.9931
