id,word,year,mean_weighted_sentiment
34110,υπολοιπος,-353.0,-0.97334
34110,υπολοιπος,172.0,-0.9911000000000001
34110,υπολοιπος,448.0,-0.9907999999999999
