id,word,year,mean_weighted_sentiment
33933,υπηρετης,-490.0,-0.9928
33933,υπηρετης,-353.0,-0.9697600000000002
33933,υπηρετης,-50.0,-0.947575
33933,υπηρετης,80.0,-0.9516
33933,υπηρετης,150.0,-0.97075
33933,υπηρετης,200.0,-0.99185
33933,υπηρετης,350.0,-0.9735
33933,υπηρετης,425.0,-0.925
33933,υπηρετης,490.0,-0.856
33933,υπηρετης,950.0,-0.9871333333333333
33933,υπηρετης,1118.0,-0.9617
