id,word,year,mean_weighted_sentiment
34370,υστερα,-415.0,-0.9708
34370,υστερα,-353.0,-0.9924
34370,υστερα,150.0,-0.9408
34370,υστερα,172.0,-0.98585
34370,υστερα,200.0,-0.3221333333333334
34370,υστερα,352.0,-0.9753333333333334
34370,υστερα,550.0,-0.92574
