id,word,year,mean_weighted_sentiment
34369,υστεραιος,-479.0,-0.9458
34369,υστεραιος,150.0,-0.9360999999999999
34369,υστεραιος,350.0,-0.9856499999999999
34369,υστεραιος,425.0,-0.972
34369,υστεραιος,490.0,-0.9038
