id,word,year,mean_weighted_sentiment
34474,υψοσε,-300.0,-0.9755666666666668
34474,υψοσε,-266.0,-0.9681777777777777
34474,υψοσε,-249.0,-0.8921333333333333
34474,υψοσε,-50.0,-0.9468
34474,υψοσε,150.0,-0.9394761904761905
34474,υψοσε,182.0,-0.9308
34474,υψοσε,200.0,-0.9786
34474,υψοσε,249.0,-0.9865
34474,υψοσε,320.0,-0.9233
34474,υψοσε,490.0,-0.90085
