id,word,year,mean_weighted_sentiment
34431,υψηλος,-266.0,-0.5183928571428572
34431,υψηλος,-149.0,-0.22394999999999998
34431,υψηλος,-50.0,-0.9460999999999999
34431,υψηλος,-34.0,-0.988
34431,υψηλος,127.0,-0.9446666666666667
34431,υψηλος,147.0,-0.8596
34431,υψηλος,150.0,-0.9632666666666666
34431,υψηλος,200.0,0.6577
34431,υψηλος,219.0,-0.9718
34431,υψηλος,425.0,-0.8719
34431,υψηλος,950.0,-0.9619666666666666
