id,word,year,mean_weighted_sentiment
34548,φαραγξ,-490.0,-0.9952
34548,φαραγξ,-266.0,-0.93584
34548,φαραγξ,-50.0,-0.9389
34548,φαραγξ,200.0,-0.9534600000000001
34548,φαραγξ,1118.0,-0.9367
