id,word,year,mean_weighted_sentiment
34585,φατνη,-50.0,-0.9649666666666668
34585,φατνη,200.0,-0.9713333333333334
34585,φατνη,205.0,-0.9739999999999999
34585,φατνη,950.0,-0.9692000000000001
