id,word,year,mean_weighted_sentiment
34635,φερσεφασσα,-50.0,-0.9230333333333333
34635,φερσεφασσα,150.0,-0.9582
34635,φερσεφασσα,490.0,-0.9216166666666665
