id,word,year,mean_weighted_sentiment
34595,φεγγος,-450.0,-0.9912
34595,φεγγος,-50.0,-0.90135
34595,φεγγος,15.0,-0.9213
34595,φεγγος,200.0,-0.9514499999999999
34595,φεγγος,237.0,-0.8681
34595,φεγγος,299.0,-0.989
