id,word,year,mean_weighted_sentiment
34655,φημη,-50.0,-0.939175
34655,φημη,-34.0,0.9291
34655,φημη,150.0,-0.898775
34655,φημη,200.0,-0.992
34655,φημη,350.0,-0.8737250000000001
34655,φημη,425.0,-0.9176
34655,φημη,448.0,-0.9487
34655,φημη,950.0,-0.9839625
