id,word,year,mean_weighted_sentiment
34671,φθειρω,-450.0,-0.993
34671,φθειρω,-353.0,-0.9719
34671,φθειρω,-50.0,-0.94002
34671,φθειρω,15.0,-0.9327
34671,φθειρω,150.0,-0.9476
34671,φθειρω,200.0,-0.9655799999999999
34671,φθειρω,237.0,-0.8993
34671,φθειρω,530.0,-0.94095
34671,φθειρω,550.0,-0.9262833333333335
34671,φθειρω,950.0,-0.9807714285714286
