id,word,year,mean_weighted_sentiment
34906,φιλονεικια,-353.0,-0.9847999999999999
34906,φιλονεικια,200.0,-0.9578
34906,φιλονεικια,425.0,-0.8921
34906,φιλονεικια,950.0,-0.99015
