id,word,year,mean_weighted_sentiment
35007,φιλτατος,-450.0,-0.9770333333333333
35007,φιλτατος,-50.0,-0.8184818181818181
35007,φιλτατος,150.0,-0.9361999999999999
35007,φιλτατος,350.0,-0.9603
