id,word,year,mean_weighted_sentiment
34702,φιαλη,-266.0,-0.8848
34702,φιαλη,-50.0,-0.9500333333333333
34702,φιαλη,205.0,-0.9942
34702,φιαλη,950.0,-0.9703833333333335
