id,word,year,mean_weighted_sentiment
35033,φλεγμα,-415.0,-0.9838666666666667
35033,φλεγμα,-353.0,-0.9325
35033,φλεγμα,150.0,-0.9115
35033,φλεγμα,172.0,-0.98655
35033,φλεγμα,200.0,-0.9643
