id,word,year,mean_weighted_sentiment
35121,φοιταω,-450.0,-0.9938
35121,φοιταω,-353.0,-0.9229
35121,φοιταω,-50.0,-0.9307571428571428
35121,φοιταω,150.0,-0.9639
35121,φοιταω,350.0,-0.9138999999999999
35121,φοιταω,425.0,-0.9080666666666666
35121,φοιταω,950.0,-0.9811666666666667
