id,word,year,mean_weighted_sentiment
35093,φοινικεος,-266.0,-0.9241
35093,φοινικεος,-50.0,-0.9473357142857142
35093,φοινικεος,150.0,-0.9882
35093,φοινικεος,152.0,-0.9418
35093,φοινικεος,200.0,-0.97345
35093,φοινικεος,269.0,-0.9861
35093,φοινικεος,350.0,-0.9649
35093,φοινικεος,425.0,-0.921
35093,φοινικεος,490.0,-0.8455
35093,φοινικεος,950.0,-0.9741777777777778
