id,word,year,mean_weighted_sentiment
35137,φονος,-450.0,-0.9918999999999999
35137,φονος,-353.0,-0.971425
35137,φονος,-50.0,-0.9594589743589744
35137,φονος,150.0,-0.9582333333333333
35137,φονος,152.0,-0.9608
35137,φονος,219.0,-0.9341
35137,φονος,269.0,-0.9691142857142856
35137,φονος,311.0,-0.9381
35137,φονος,350.0,-0.9265333333333333
35137,φονος,490.0,-0.8653500000000001
35137,φονος,950.0,-0.9748272727272728
