id,word,year,mean_weighted_sentiment
35187,φραζω,-490.0,0.9944
35187,φραζω,-450.0,-0.9648
35187,φραζω,-50.0,-0.9581333333333334
35187,φραζω,150.0,-0.9103
35187,φραζω,172.0,0.7147
35187,φραζω,200.0,-0.9021
35187,φραζω,425.0,-0.888
35187,φραζω,950.0,-0.99005
