id,word,year,mean_weighted_sentiment
35239,φρονιμος,-353.0,-0.900625
35239,φρονιμος,-266.0,-0.9763375
35239,φρονιμος,-50.0,-0.9673692307692309
35239,φρονιμος,15.0,-0.98175
35239,φρονιμος,172.0,-0.8311
35239,φρονιμος,200.0,-0.9310777777777778
35239,φρονιμος,311.0,-0.9538
35239,φρονιμος,425.0,-0.9586
35239,φρονιμος,550.0,-0.896
35239,φρονιμος,950.0,-0.9742999999999999
