id,word,year,mean_weighted_sentiment
35181,φραγμος,-266.0,-0.988075
35181,φραγμος,200.0,-0.9714666666666666
35181,φραγμος,219.0,-0.93625
35181,φραγμος,950.0,-0.9727
