id,word,year,mean_weighted_sentiment
35242,φροντιζω,-266.0,-0.9709666666666666
35242,φροντιζω,-50.0,-0.9534142857142858
35242,φροντιζω,150.0,-0.9854
35242,φροντιζω,200.0,0.9698
35242,φροντιζω,350.0,-0.888
35242,φροντιζω,950.0,-0.9650700000000001
