id,word,year,mean_weighted_sentiment
35379,φυτευω,-266.0,-0.81965
35379,φυτευω,-50.0,-0.9912000000000001
35379,φυτευω,150.0,-0.9734499999999999
35379,φυτευω,219.0,-0.9378
35379,φυτευω,950.0,-0.9933
