id,word,year,mean_weighted_sentiment
35324,φυλη,-500.0,-0.9902
35324,φυλη,-353.0,-0.9573555555555556
35324,φυλη,-266.0,-0.7926375000000001
35324,φυλη,-50.0,-0.9713999999999999
35324,φυλη,49.0,-0.9212
35324,φυλη,127.0,-0.8432
35324,φυλη,150.0,-0.9418
35324,φυλη,219.0,-0.9702999999999999
35324,φυλη,269.0,-0.9949
35324,φυλη,490.0,-0.9374
35324,φυλη,950.0,-0.9871692307692308
35324,φυλη,1127.0,-0.9769000000000001
