id,word,year,mean_weighted_sentiment
35314,φυλαξις,-450.0,-0.9917
35314,φυλαξις,-353.0,-0.9767
35314,φυλαξις,-266.0,-0.9893000000000001
35314,φυλαξις,-50.0,-0.9649
35314,φυλαξις,448.0,-0.852
35314,φυλαξις,950.0,-0.98215
