id,word,year,mean_weighted_sentiment
35398,φωλεος,150.0,-0.94145
35398,φωλεος,200.0,-0.92425
35398,φωλεος,448.0,-0.9461
35398,φωλεος,950.0,-0.9884
