id,word,year,mean_weighted_sentiment
35445,χαλεπτω,-50.0,-0.9886999999999999
35445,χαλεπτω,15.0,-0.9663
35445,χαλεπτω,550.0,-0.9525666666666668
35445,χαλεπτω,950.0,-0.9921
