id,word,year,mean_weighted_sentiment
35450,χαλινος,-490.0,-0.993
35450,χαλινος,-266.0,-0.9677
35450,χαλινος,-50.0,-0.9204833333333334
35450,χαλινος,150.0,-0.93495
35450,χαλινος,152.0,-0.9889
35450,χαλινος,200.0,-0.9946
35450,χαλινος,950.0,-0.985275
