id,word,year,mean_weighted_sentiment
35548,χαμαι,-500.0,-0.9915
35548,χαμαι,-50.0,-0.956957142857143
35548,χαμαι,150.0,-0.9895
35548,χαμαι,200.0,-0.96845
35548,χαμαι,950.0,-0.97915
