id,word,year,mean_weighted_sentiment
35533,χαλκοω,-353.0,-0.9545200000000001
35533,χαλκοω,-266.0,-0.9794600000000001
35533,χαλκοω,-50.0,-0.9733346153846154
35533,χαλκοω,150.0,-0.9303571428571428
35533,χαλκοω,200.0,-0.9419
35533,χαλκοω,269.0,-0.9688
35533,χαλκοω,425.0,-0.9112
35533,χαλκοω,550.0,-0.9289
35533,χαλκοω,950.0,-0.9553333333333334
