id,word,year,mean_weighted_sentiment
35726,χεω,-353.0,-0.91272
35726,χεω,-266.0,-0.36066666666666664
35726,χεω,-155.0,-0.8755999999999999
35726,χεω,-50.0,-0.9198209302325581
35726,χεω,15.0,-0.9853
35726,χεω,147.0,-0.8976
35726,χεω,150.0,-0.684075
35726,χεω,172.0,-0.9893
35726,χεω,200.0,-0.7384333333333334
35726,χεω,237.0,-0.9317
35726,χεω,249.0,-0.9654
35726,χεω,350.0,-0.9709
35726,χεω,425.0,-0.9662
35726,χεω,448.0,-0.9461
35726,χεω,950.0,-0.9433500000000001
