id,word,year,mean_weighted_sentiment
35683,χειρων,-353.0,-0.931
35683,χειρων,-266.0,-0.8100681818181819
35683,χειρων,-50.0,-0.9694117647058824
35683,χειρων,15.0,-0.96205
35683,χειρων,49.0,-0.8967
35683,χειρων,147.0,-0.9522
35683,χειρων,150.0,-0.9532166666666667
35683,χειρων,219.0,-0.9044
35683,χειρων,269.0,-0.9753000000000001
35683,χειρων,299.0,-0.9479
35683,χειρων,350.0,-0.9420000000000001
35683,χειρων,950.0,-0.9723555555555554
35683,χειρων,1118.0,-0.9478
