id,word,year,mean_weighted_sentiment
35693,χελωνη,-353.0,-0.8891
35693,χελωνη,-50.0,-0.97805
35693,χελωνη,15.0,-0.9518
35693,χελωνη,172.0,-0.9748
35693,χελωνη,200.0,-0.9866428571428572
35693,χελωνη,950.0,-0.966275
