id,word,year,mean_weighted_sentiment
35737,χηρα,-450.0,-0.989
35737,χηρα,-266.0,-0.732325
35737,χηρα,-50.0,-0.9626142857142855
35737,χηρα,15.0,-0.9036
35737,χηρα,200.0,-0.9470000000000001
35737,χηρα,311.0,-0.9863
35737,χηρα,950.0,-0.9823500000000001
