id,word,year,mean_weighted_sentiment
35730,χηλη,-353.0,-0.9166833333333333
35730,χηλη,-155.0,-0.9461176470588235
35730,χηλη,-50.0,-0.9368
35730,χηλη,150.0,-0.9271
35730,χηλη,200.0,-0.9922
