id,word,year,mean_weighted_sentiment
35762,χιλιοι,-353.0,-0.9723
35762,χιλιοι,-266.0,-0.9378499999999999
35762,χιλιοι,-149.0,-0.9948
35762,χιλιοι,150.0,-0.9277200000000001
35762,χιλιοι,152.0,-0.9606
35762,χιλιοι,200.0,-0.75115
35762,χιλιοι,350.0,-0.5125500000000001
35762,χιλιοι,425.0,-0.9553
35762,χιλιοι,950.0,-0.9893
