id,word,year,mean_weighted_sentiment
35914,χορτος,-266.0,-0.9858692307692306
35914,χορτος,-50.0,-0.9878600000000001
35914,χορτος,200.0,-0.9815750000000001
35914,χορτος,490.0,-0.9911
35914,χορτος,950.0,-0.9830000000000001
