id,word,year,mean_weighted_sentiment
35874,χολοω,-500.0,-0.9899
35874,χολοω,-450.0,-0.993
35874,χολοω,-353.0,-0.9904
35874,χολοω,-50.0,-0.8018272727272727
35874,χολοω,200.0,-0.9945
35874,χολοω,448.0,-0.9853
35874,χολοω,950.0,-0.99095
