id,word,year,mean_weighted_sentiment
36089,χρυσοω,-353.0,-0.9630000000000001
36089,χρυσοω,-266.0,-0.9575750000000001
36089,χρυσοω,-50.0,-0.9600960000000001
36089,χρυσοω,15.0,-0.9685
36089,χρυσοω,127.0,-0.9498
36089,χρυσοω,150.0,-0.9429444444444444
36089,χρυσοω,152.0,-0.95
36089,χρυσοω,200.0,-0.9898666666666666
36089,χρυσοω,350.0,-0.9566
36089,χρυσοω,425.0,-0.9119
36089,χρυσοω,448.0,-0.9813000000000001
