id,word,year,mean_weighted_sentiment
35991,χρονικος,-50.0,-0.9628666666666668
35991,χρονικος,127.0,-0.9503
35991,χρονικος,425.0,-0.9135
35991,χρονικος,950.0,-0.98675
