id,word,year,mean_weighted_sentiment
35940,χρηματιζω,-387.0,-0.9852
35940,χρηματιζω,147.0,-0.9385666666666667
35940,χρηματιζω,150.0,-0.9792000000000001
35940,χρηματιζω,219.0,-0.968
35940,χρηματιζω,950.0,-0.9872
