id,word,year,mean_weighted_sentiment
35987,χροια,-490.0,-0.9928
35987,χροια,-479.0,-0.9005
35987,χροια,-155.0,-0.9906
35987,χροια,-50.0,-0.9728782608695651
35987,χροια,150.0,-0.9623
35987,χροια,172.0,-0.9793
35987,χροια,200.0,-0.8813666666666666
35987,χροια,269.0,-0.9854
35987,χροια,448.0,-0.8529
35987,χροια,950.0,-0.98508
