id,word,year,mean_weighted_sentiment
35933,χρεω,-550.0,-0.9311
35933,χρεω,-490.0,-0.99245
35933,χρεω,-450.0,-0.992
35933,χρεω,-353.0,-0.9778333333333333
35933,χρεω,-266.0,-0.8869
35933,χρεω,-50.0,-0.9740000000000001
35933,χρεω,150.0,-0.9405000000000001
35933,χρεω,200.0,-0.9892
35933,χρεω,352.0,-0.9942
35933,χρεω,950.0,-0.9850333333333334
