id,word,year,mean_weighted_sentiment
35986,χριω,-50.0,-0.9590333333333333
35986,χριω,182.0,-0.9162
35986,χριω,200.0,-0.9893
35986,χριω,950.0,-0.97875
