id,word,year,mean_weighted_sentiment
35954,χρησις,-479.0,-0.9156
35954,χρησις,-415.0,0.9959
35954,χρησις,-353.0,-0.9486333333333333
35954,χρησις,-266.0,-0.97505
35954,χρησις,-50.0,-0.95003125
35954,χρησις,150.0,-0.9127249999999999
35954,χρησις,172.0,-0.9926
35954,χρησις,200.0,-0.94382
35954,χρησις,320.0,-0.9856
35954,χρησις,530.0,-0.9839
