id,word,year,mean_weighted_sentiment
36129,χωριζω,-50.0,-0.9356500000000001
36129,χωριζω,147.0,-0.881
36129,χωριζω,150.0,-0.9500625
36129,χωριζω,172.0,-0.9664
36129,χωριζω,200.0,-0.98725
36129,χωριζω,350.0,-0.9786
36129,χωριζω,425.0,-0.9343
36129,χωριζω,448.0,-0.9234
36129,χωριζω,490.0,-0.87725
36129,χωριζω,550.0,-0.9128
36129,χωριζω,950.0,-0.9757777777777777
