id,word,year,mean_weighted_sentiment
36172,ψαυω,-50.0,-0.9462999999999999
36172,ψαυω,200.0,-0.988775
36172,ψαυω,1118.0,-0.9699
