id,word,year,mean_weighted_sentiment
36233,ψευδω,-550.0,-0.984
36233,ψευδω,-353.0,-0.9728666666666667
36233,ψευδω,-266.0,-0.978175
36233,ψευδω,-50.0,-0.9530333333333334
36233,ψευδω,150.0,-0.92885
36233,ψευδω,200.0,-0.9681599999999999
36233,ψευδω,350.0,-0.9559
36233,ψευδω,425.0,-0.9221
36233,ψευδω,530.0,-0.9877
36233,ψευδω,550.0,-0.9538333333333333
36233,ψευδω,950.0,-0.9841
