id,word,year,mean_weighted_sentiment
36252,ψηφισμα,-387.0,-0.9861
36252,ψηφισμα,-353.0,-0.9426666666666667
36252,ψηφισμα,15.0,-0.8508
36252,ψηφισμα,150.0,-0.7839
36252,ψηφισμα,350.0,-0.9165333333333333
36252,ψηφισμα,425.0,-0.9353
