id,word,year,mean_weighted_sentiment
36272,ψιλος,-450.0,-0.9901
36272,ψιλος,-50.0,-0.9576020833333333
36272,ψιλος,127.0,-0.9456
36272,ψιλος,150.0,-0.95035
36272,ψιλος,152.0,-0.9612
36272,ψιλος,299.0,-0.9607
36272,ψιλος,490.0,-0.8611
36272,ψιλος,950.0,-0.96865
