id,word,year,mean_weighted_sentiment
36328,ψυχροομαι,-353.0,-0.98785
36328,ψυχροομαι,172.0,-0.9859
36328,ψυχροομαι,200.0,-0.9482666666666667
36328,ψυχροομαι,352.0,-0.9949
36328,ψυχροομαι,530.0,-0.96485
36328,ψυχροομαι,950.0,-0.9636
