id,word,year,mean_weighted_sentiment
36366,ωκεανος,-490.0,-0.883525
36366,ωκεανος,-155.0,-0.7127285714285714
36366,ωκεανος,-50.0,-0.9635612903225808
36366,ωκεανος,127.0,-0.9629500000000001
36366,ωκεανος,150.0,-0.9586
36366,ωκεανος,269.0,-0.9714
36366,ωκεανος,950.0,-0.9869428571428571
