id,word,year,mean_weighted_sentiment
36427,ωνιος,-353.0,-0.9603333333333334
36427,ωνιος,-50.0,-0.9844
36427,ωνιος,150.0,-0.972
36427,ωνιος,350.0,-0.96645
36427,ωνιος,490.0,-0.8796
36427,ωνιος,950.0,-0.960757142857143
