id,word,year,mean_weighted_sentiment
36462,ωσει,-266.0,-0.9310275000000001
36462,ωσει,-50.0,-0.96105
36462,ωσει,219.0,-0.941
36462,ωσει,425.0,-0.9119
