id,word,year,mean_weighted_sentiment
36472,ωτειλη,-50.0,-0.84513125
36472,ωτειλη,172.0,-0.9843999999999999
36472,ωτειλη,205.0,-0.923
36472,ωτειλη,950.0,-0.9942
