id,word,year,mean_weighted_sentiment
36477,ωφελεω,-490.0,-0.9929
36477,ωφελεω,-353.0,-0.7802
36477,ωφελεω,-50.0,-0.9459
36477,ωφελεω,15.0,-0.935925
36477,ωφελεω,147.0,-0.8876
36477,ωφελεω,150.0,-0.9369000000000001
36477,ωφελεω,200.0,-0.9619
36477,ωφελεω,299.0,-0.9594
36477,ωφελεω,490.0,-0.8947
36477,ωφελεω,950.0,-0.6447166666666667
